[2026-03-09 00:43:08] local.ERROR: SQLSTATE[HY000] [2002] No connection could be made because the target machine actively refused it (Connection: mysql, Host: 127.0.0.1, Port: 3306, Database: ecertify_db, SQL: select * from `sessions` where `id` = 7ArdpCdCZ0osaOYw3lMBm4Zwb052PPaIZ8m7yfko limit 1) {"exception":"[object] (Illuminate\\Database\\QueryException(code: 2002): SQLSTATE[HY000] [2002] No connection could be made because the target machine actively refused it (Connection: mysql, Host: 127.0.0.1, Port: 3306, Database: ecertify_db, SQL: select * from `sessions` where `id` = 7ArdpCdCZ0osaOYw3lMBm4Zwb052PPaIZ8m7yfko limit 1) at C:/dict project/e-certify/e-certify/vendor/laravel/framework/src/Illuminate/Database/Connection.php:838)
[stacktrace]
#0 C:/dict project/e-certify/e-certify/vendor/laravel/framework/src/Illuminate/Database/Connection.php(999): Illuminate/Database/Connection->runQueryCallback()
#1 C:/dict project/e-certify/e-certify/vendor/laravel/framework/src/Illuminate/Database/Connection.php(978): Illuminate/Database/Connection->tryAgainIfCausedByLostConnection()
#2 C:/dict project/e-certify/e-certify/vendor/laravel/framework/src/Illuminate/Database/Connection.php(796): Illuminate/Database/Connection->handleQueryException()
#3 C:/dict project/e-certify/e-certify/vendor/laravel/framework/src/Illuminate/Database/Connection.php(411): Illuminate/Database/Connection->run()
#4 C:/dict project/e-certify/e-certify/vendor/laravel/framework/src/Illuminate/Database/Query/Builder.php(3475): Illuminate/Database/Connection->select()
#5 C:/dict project/e-certify/e-certify/vendor/laravel/framework/src/Illuminate/Database/Query/Builder.php(3460): Illuminate/Database/Query/Builder->runSelect()
#6 C:/dict project/e-certify/e-certify/vendor/laravel/framework/src/Illuminate/Database/Query/Builder.php(4050): Illuminate/Database/Query/Builder->{closure:Illuminate/Database/Query/Builder::get():3459}()
#7 C:/dict project/e-certify/e-certify/vendor/laravel/framework/src/Illuminate/Database/Query/Builder.php(3459): Illuminate/Database/Query/Builder->onceWithColumns()
#8 C:/dict project/e-certify/e-certify/vendor/laravel/framework/src/Illuminate/Database/Concerns/BuildsQueries.php(366): Illuminate/Database/Query/Builder->get()
#9 C:/dict project/e-certify/e-certify/vendor/laravel/framework/src/Illuminate/Database/Query/Builder.php(3382): Illuminate/Database/Query/Builder->first()
#10 C:/dict project/e-certify/e-certify/vendor/laravel/framework/src/Illuminate/Session/DatabaseSessionHandler.php(96): Illuminate/Database/Query/Builder->find()
#11 C:/dict project/e-certify/e-certify/vendor/laravel/framework/src/Illuminate/Session/Store.php(128): Illuminate/Session/DatabaseSessionHandler->read()
#12 C:/dict project/e-certify/e-certify/vendor/laravel/framework/src/Illuminate/Session/Store.php(116): Illuminate/Session/Store->readFromHandler()
#13 C:/dict project/e-certify/e-certify/vendor/laravel/framework/src/Illuminate/Session/Store.php(100): Illuminate/Session/Store->loadSession()
#14 C:/dict project/e-certify/e-certify/vendor/laravel/framework/src/Illuminate/Session/Middleware/StartSession.php(146): Illuminate/Session/Store->start()
#15 C:/dict project/e-certify/e-certify/vendor/laravel/framework/src/Illuminate/Support/helpers.php(388): Illuminate/Session/Middleware/StartSession->{closure:Illuminate/Session/Middleware/StartSession::startSession():143}()
#16 C:/dict project/e-certify/e-certify/vendor/laravel/framework/src/Illuminate/Session/Middleware/StartSession.php(143): tap()
#17 C:/dict project/e-certify/e-certify/vendor/laravel/framework/src/Illuminate/Session/Middleware/StartSession.php(115): Illuminate/Session/Middleware/StartSession->startSession()
#18 C:/dict project/e-certify/e-certify/vendor/laravel/framework/src/Illuminate/Session/Middleware/StartSession.php(63): Illuminate/Session/Middleware/StartSession->handleStatefulRequest()
#19 C:/dict project/e-certify/e-certify/vendor/laravel/framework/src/Illuminate/Pipeline/Pipeline.php(219): Illuminate/Session/Middleware/StartSession->handle()
#20 C:/dict project/e-certify/e-certify/vendor/laravel/framework/src/Illuminate/Cookie/Middleware/AddQueuedCookiesToResponse.php(36): Illuminate/Pipeline/Pipeline->{closure:{closure:Illuminate/Pipeline/Pipeline::carry():194}:195}()
#21 C:/dict project/e-certify/e-certify/vendor/laravel/framework/src/Illuminate/Pipeline/Pipeline.php(219): Illuminate/Cookie/Middleware/AddQueuedCookiesToResponse->handle()
#22 C:/dict project/e-certify/e-certify/vendor/laravel/framework/src/Illuminate/Cookie/Middleware/EncryptCookies.php(74): Illuminate/Pipeline/Pipeline->{closure:{closure:Illuminate/Pipeline/Pipeline::carry():194}:195}()
#23 C:/dict project/e-certify/e-certify/vendor/laravel/framework/src/Illuminate/Pipeline/Pipeline.php(219): Illuminate/Cookie/Middleware/EncryptCookies->handle()
#24 C:/dict project/e-certify/e-certify/vendor/laravel/framework/src/Illuminate/Pipeline/Pipeline.php(137): Illuminate/Pipeline/Pipeline->{closure:{closure:Illuminate/Pipeline/Pipeline::carry():194}:195}()
#25 C:/dict project/e-certify/e-certify/vendor/laravel/framework/src/Illuminate/Routing/Router.php(821): Illuminate/Pipeline/Pipeline->then()
#26 C:/dict project/e-certify/e-certify/vendor/laravel/framework/src/Illuminate/Routing/Router.php(800): Illuminate/Routing/Router->runRouteWithinStack()
#27 C:/dict project/e-certify/e-certify/vendor/laravel/framework/src/Illuminate/Routing/Router.php(764): Illuminate/Routing/Router->runRoute()
#28 C:/dict project/e-certify/e-certify/vendor/laravel/framework/src/Illuminate/Routing/Router.php(753): Illuminate/Routing/Router->dispatchToRoute()
#29 C:/dict project/e-certify/e-certify/vendor/laravel/framework/src/Illuminate/Foundation/Http/Kernel.php(200): Illuminate/Routing/Router->dispatch()
#30 C:/dict project/e-certify/e-certify/vendor/laravel/framework/src/Illuminate/Pipeline/Pipeline.php(180): Illuminate/Foundation/Http/Kernel->{closure:Illuminate/Foundation/Http/Kernel::dispatchToRouter():197}()
#31 C:/dict project/e-certify/e-certify/vendor/livewire/livewire/src/Features/SupportDisablingBackButtonCache/DisableBackButtonCacheMiddleware.php(19): Illuminate/Pipeline/Pipeline->{closure:Illuminate/Pipeline/Pipeline::prepareDestination():178}()
#32 C:/dict project/e-certify/e-certify/vendor/laravel/framework/src/Illuminate/Pipeline/Pipeline.php(219): Livewire/Features/SupportDisablingBackButtonCache/DisableBackButtonCacheMiddleware->handle()
#33 C:/dict project/e-certify/e-certify/vendor/laravel/framework/src/Illuminate/Foundation/Http/Middleware/TransformsRequest.php(21): Illuminate/Pipeline/Pipeline->{closure:{closure:Illuminate/Pipeline/Pipeline::carry():194}:195}()
#34 C:/dict project/e-certify/e-certify/vendor/laravel/framework/src/Illuminate/Foundation/Http/Middleware/ConvertEmptyStringsToNull.php(31): Illuminate/Foundation/Http/Middleware/TransformsRequest->handle()
#35 C:/dict project/e-certify/e-certify/vendor/laravel/framework/src/Illuminate/Pipeline/Pipeline.php(219): Illuminate/Foundation/Http/Middleware/ConvertEmptyStringsToNull->handle()
#36 C:/dict project/e-certify/e-certify/vendor/laravel/framework/src/Illuminate/Foundation/Http/Middleware/TransformsRequest.php(21): Illuminate/Pipeline/Pipeline->{closure:{closure:Illuminate/Pipeline/Pipeline::carry():194}:195}()
#37 C:/dict project/e-certify/e-certify/vendor/laravel/framework/src/Illuminate/Foundation/Http/Middleware/TrimStrings.php(51): Illuminate/Foundation/Http/Middleware/TransformsRequest->handle()
#38 C:/dict project/e-certify/e-certify/vendor/laravel/framework/src/Illuminate/Pipeline/Pipeline.php(219): Illuminate/Foundation/Http/Middleware/TrimStrings->handle()
#39 C:/dict project/e-certify/e-certify/vendor/laravel/framework/src/Illuminate/Http/Middleware/ValidatePostSize.php(27): Illuminate/Pipeline/Pipeline->{closure:{closure:Illuminate/Pipeline/Pipeline::carry():194}:195}()
#40 C:/dict project/e-certify/e-certify/vendor/laravel/framework/src/Illuminate/Pipeline/Pipeline.php(219): Illuminate/Http/Middleware/ValidatePostSize->handle()
#41 C:/dict project/e-certify/e-certify/vendor/laravel/framework/src/Illuminate/Foundation/Http/Middleware/PreventRequestsDuringMaintenance.php(109): Illuminate/Pipeline/Pipeline->{closure:{closure:Illuminate/Pipeline/Pipeline::carry():194}:195}()
#42 C:/dict project/e-certify/e-certify/vendor/laravel/framework/src/Illuminate/Pipeline/Pipeline.php(219): Illuminate/Foundation/Http/Middleware/PreventRequestsDuringMaintenance->handle()
#43 C:/dict project/e-certify/e-certify/vendor/laravel/framework/src/Illuminate/Http/Middleware/HandleCors.php(61): Illuminate/Pipeline/Pipeline->{closure:{closure:Illuminate/Pipeline/Pipeline::carry():194}:195}()
#44 C:/dict project/e-certify/e-certify/vendor/laravel/framework/src/Illuminate/Pipeline/Pipeline.php(219): Illuminate/Http/Middleware/HandleCors->handle()
#45 C:/dict project/e-certify/e-certify/vendor/laravel/framework/src/Illuminate/Http/Middleware/TrustProxies.php(58): Illuminate/Pipeline/Pipeline->{closure:{closure:Illuminate/Pipeline/Pipeline::carry():194}:195}()
#46 C:/dict project/e-certify/e-certify/vendor/laravel/framework/src/Illuminate/Pipeline/Pipeline.php(219): Illuminate/Http/Middleware/TrustProxies->handle()
#47 C:/dict project/e-certify/e-certify/vendor/laravel/framework/src/Illuminate/Foundation/Http/Middleware/InvokeDeferredCallbacks.php(22): Illuminate/Pipeline/Pipeline->{closure:{closure:Illuminate/Pipeline/Pipeline::carry():194}:195}()
#48 C:/dict project/e-certify/e-certify/vendor/laravel/framework/src/Illuminate/Pipeline/Pipeline.php(219): Illuminate/Foundation/Http/Middleware/InvokeDeferredCallbacks->handle()
#49 C:/dict project/e-certify/e-certify/vendor/laravel/framework/src/Illuminate/Http/Middleware/ValidatePathEncoding.php(26): Illuminate/Pipeline/Pipeline->{closure:{closure:Illuminate/Pipeline/Pipeline::carry():194}:195}()
#50 C:/dict project/e-certify/e-certify/vendor/laravel/framework/src/Illuminate/Pipeline/Pipeline.php(219): Illuminate/Http/Middleware/ValidatePathEncoding->handle()
#51 C:/dict project/e-certify/e-certify/vendor/laravel/framework/src/Illuminate/Pipeline/Pipeline.php(137): Illuminate/Pipeline/Pipeline->{closure:{closure:Illuminate/Pipeline/Pipeline::carry():194}:195}()
#52 C:/dict project/e-certify/e-certify/vendor/laravel/framework/src/Illuminate/Foundation/Http/Kernel.php(175): Illuminate/Pipeline/Pipeline->then()
#53 C:/dict project/e-certify/e-certify/vendor/laravel/framework/src/Illuminate/Foundation/Http/Kernel.php(144): Illuminate/Foundation/Http/Kernel->sendRequestThroughRouter()
#54 C:/dict project/e-certify/e-certify/vendor/laravel/framework/src/Illuminate/Foundation/Application.php(1220): Illuminate/Foundation/Http/Kernel->handle()
#55 C:/dict project/e-certify/e-certify/public/index.php(20): Illuminate/Foundation/Application->handleRequest()
#56 C:/dict project/e-certify/e-certify/vendor/laravel/framework/src/Illuminate/Foundation/resources/server.php(23): require_once('...')
#57 {main}

[previous exception] [object] (PDOException(code: 2002): SQLSTATE[HY000] [2002] No connection could be made because the target machine actively refused it at C:/dict project/e-certify/e-certify/vendor/laravel/framework/src/Illuminate/Database/Connectors/Connector.php:67)
[stacktrace]
#0 C:/dict project/e-certify/e-certify/vendor/laravel/framework/src/Illuminate/Database/Connectors/Connector.php(67): PDO::connect()
#1 C:/dict project/e-certify/e-certify/vendor/laravel/framework/src/Illuminate/Database/Connectors/Connector.php(85): Illuminate/Database/Connectors/Connector->createPdoConnection()
#2 C:/dict project/e-certify/e-certify/vendor/laravel/framework/src/Illuminate/Database/Connectors/Connector.php(48): Illuminate/Database/Connectors/Connector->tryAgainIfCausedByLostConnection()
#3 C:/dict project/e-certify/e-certify/vendor/laravel/framework/src/Illuminate/Database/Connectors/MySqlConnector.php(24): Illuminate/Database/Connectors/Connector->createConnection()
#4 C:/dict project/e-certify/e-certify/vendor/laravel/framework/src/Illuminate/Database/Connectors/ConnectionFactory.php(186): Illuminate/Database/Connectors/MySqlConnector->connect()
#5 [internal function]: Illuminate/Database/Connectors/ConnectionFactory->{closure:Illuminate/Database/Connectors/ConnectionFactory::createPdoResolverWithHosts():181}()
#6 C:/dict project/e-certify/e-certify/vendor/laravel/framework/src/Illuminate/Database/Connection.php(1257): call_user_func()
#7 C:/dict project/e-certify/e-certify/vendor/laravel/framework/src/Illuminate/Database/Connection.php(525): Illuminate/Database/Connection->getPdo()
#8 C:/dict project/e-certify/e-certify/vendor/laravel/framework/src/Illuminate/Database/Connection.php(420): Illuminate/Database/Connection->getPdoForSelect()
#9 C:/dict project/e-certify/e-certify/vendor/laravel/framework/src/Illuminate/Database/Connection.php(827): Illuminate/Database/Connection->{closure:Illuminate/Database/Connection::select():411}()
#10 C:/dict project/e-certify/e-certify/vendor/laravel/framework/src/Illuminate/Database/Connection.php(999): Illuminate/Database/Connection->runQueryCallback()
#11 C:/dict project/e-certify/e-certify/vendor/laravel/framework/src/Illuminate/Database/Connection.php(978): Illuminate/Database/Connection->tryAgainIfCausedByLostConnection()
#12 C:/dict project/e-certify/e-certify/vendor/laravel/framework/src/Illuminate/Database/Connection.php(796): Illuminate/Database/Connection->handleQueryException()
#13 C:/dict project/e-certify/e-certify/vendor/laravel/framework/src/Illuminate/Database/Connection.php(411): Illuminate/Database/Connection->run()
#14 C:/dict project/e-certify/e-certify/vendor/laravel/framework/src/Illuminate/Database/Query/Builder.php(3475): Illuminate/Database/Connection->select()
#15 C:/dict project/e-certify/e-certify/vendor/laravel/framework/src/Illuminate/Database/Query/Builder.php(3460): Illuminate/Database/Query/Builder->runSelect()
#16 C:/dict project/e-certify/e-certify/vendor/laravel/framework/src/Illuminate/Database/Query/Builder.php(4050): Illuminate/Database/Query/Builder->{closure:Illuminate/Database/Query/Builder::get():3459}()
#17 C:/dict project/e-certify/e-certify/vendor/laravel/framework/src/Illuminate/Database/Query/Builder.php(3459): Illuminate/Database/Query/Builder->onceWithColumns()
#18 C:/dict project/e-certify/e-certify/vendor/laravel/framework/src/Illuminate/Database/Concerns/BuildsQueries.php(366): Illuminate/Database/Query/Builder->get()
#19 C:/dict project/e-certify/e-certify/vendor/laravel/framework/src/Illuminate/Database/Query/Builder.php(3382): Illuminate/Database/Query/Builder->first()
#20 C:/dict project/e-certify/e-certify/vendor/laravel/framework/src/Illuminate/Session/DatabaseSessionHandler.php(96): Illuminate/Database/Query/Builder->find()
#21 C:/dict project/e-certify/e-certify/vendor/laravel/framework/src/Illuminate/Session/Store.php(128): Illuminate/Session/DatabaseSessionHandler->read()
#22 C:/dict project/e-certify/e-certify/vendor/laravel/framework/src/Illuminate/Session/Store.php(116): Illuminate/Session/Store->readFromHandler()
#23 C:/dict project/e-certify/e-certify/vendor/laravel/framework/src/Illuminate/Session/Store.php(100): Illuminate/Session/Store->loadSession()
#24 C:/dict project/e-certify/e-certify/vendor/laravel/framework/src/Illuminate/Session/Middleware/StartSession.php(146): Illuminate/Session/Store->start()
#25 C:/dict project/e-certify/e-certify/vendor/laravel/framework/src/Illuminate/Support/helpers.php(388): Illuminate/Session/Middleware/StartSession->{closure:Illuminate/Session/Middleware/StartSession::startSession():143}()
#26 C:/dict project/e-certify/e-certify/vendor/laravel/framework/src/Illuminate/Session/Middleware/StartSession.php(143): tap()
#27 C:/dict project/e-certify/e-certify/vendor/laravel/framework/src/Illuminate/Session/Middleware/StartSession.php(115): Illuminate/Session/Middleware/StartSession->startSession()
#28 C:/dict project/e-certify/e-certify/vendor/laravel/framework/src/Illuminate/Session/Middleware/StartSession.php(63): Illuminate/Session/Middleware/StartSession->handleStatefulRequest()
#29 C:/dict project/e-certify/e-certify/vendor/laravel/framework/src/Illuminate/Pipeline/Pipeline.php(219): Illuminate/Session/Middleware/StartSession->handle()
#30 C:/dict project/e-certify/e-certify/vendor/laravel/framework/src/Illuminate/Cookie/Middleware/AddQueuedCookiesToResponse.php(36): Illuminate/Pipeline/Pipeline->{closure:{closure:Illuminate/Pipeline/Pipeline::carry():194}:195}()
#31 C:/dict project/e-certify/e-certify/vendor/laravel/framework/src/Illuminate/Pipeline/Pipeline.php(219): Illuminate/Cookie/Middleware/AddQueuedCookiesToResponse->handle()
#32 C:/dict project/e-certify/e-certify/vendor/laravel/framework/src/Illuminate/Cookie/Middleware/EncryptCookies.php(74): Illuminate/Pipeline/Pipeline->{closure:{closure:Illuminate/Pipeline/Pipeline::carry():194}:195}()
#33 C:/dict project/e-certify/e-certify/vendor/laravel/framework/src/Illuminate/Pipeline/Pipeline.php(219): Illuminate/Cookie/Middleware/EncryptCookies->handle()
#34 C:/dict project/e-certify/e-certify/vendor/laravel/framework/src/Illuminate/Pipeline/Pipeline.php(137): Illuminate/Pipeline/Pipeline->{closure:{closure:Illuminate/Pipeline/Pipeline::carry():194}:195}()
#35 C:/dict project/e-certify/e-certify/vendor/laravel/framework/src/Illuminate/Routing/Router.php(821): Illuminate/Pipeline/Pipeline->then()
#36 C:/dict project/e-certify/e-certify/vendor/laravel/framework/src/Illuminate/Routing/Router.php(800): Illuminate/Routing/Router->runRouteWithinStack()
#37 C:/dict project/e-certify/e-certify/vendor/laravel/framework/src/Illuminate/Routing/Router.php(764): Illuminate/Routing/Router->runRoute()
#38 C:/dict project/e-certify/e-certify/vendor/laravel/framework/src/Illuminate/Routing/Router.php(753): Illuminate/Routing/Router->dispatchToRoute()
#39 C:/dict project/e-certify/e-certify/vendor/laravel/framework/src/Illuminate/Foundation/Http/Kernel.php(200): Illuminate/Routing/Router->dispatch()
#40 C:/dict project/e-certify/e-certify/vendor/laravel/framework/src/Illuminate/Pipeline/Pipeline.php(180): Illuminate/Foundation/Http/Kernel->{closure:Illuminate/Foundation/Http/Kernel::dispatchToRouter():197}()
#41 C:/dict project/e-certify/e-certify/vendor/livewire/livewire/src/Features/SupportDisablingBackButtonCache/DisableBackButtonCacheMiddleware.php(19): Illuminate/Pipeline/Pipeline->{closure:Illuminate/Pipeline/Pipeline::prepareDestination():178}()
#42 C:/dict project/e-certify/e-certify/vendor/laravel/framework/src/Illuminate/Pipeline/Pipeline.php(219): Livewire/Features/SupportDisablingBackButtonCache/DisableBackButtonCacheMiddleware->handle()
#43 C:/dict project/e-certify/e-certify/vendor/laravel/framework/src/Illuminate/Foundation/Http/Middleware/TransformsRequest.php(21): Illuminate/Pipeline/Pipeline->{closure:{closure:Illuminate/Pipeline/Pipeline::carry():194}:195}()
#44 C:/dict project/e-certify/e-certify/vendor/laravel/framework/src/Illuminate/Foundation/Http/Middleware/ConvertEmptyStringsToNull.php(31): Illuminate/Foundation/Http/Middleware/TransformsRequest->handle()
#45 C:/dict project/e-certify/e-certify/vendor/laravel/framework/src/Illuminate/Pipeline/Pipeline.php(219): Illuminate/Foundation/Http/Middleware/ConvertEmptyStringsToNull->handle()
#46 C:/dict project/e-certify/e-certify/vendor/laravel/framework/src/Illuminate/Foundation/Http/Middleware/TransformsRequest.php(21): Illuminate/Pipeline/Pipeline->{closure:{closure:Illuminate/Pipeline/Pipeline::carry():194}:195}()
#47 C:/dict project/e-certify/e-certify/vendor/laravel/framework/src/Illuminate/Foundation/Http/Middleware/TrimStrings.php(51): Illuminate/Foundation/Http/Middleware/TransformsRequest->handle()
#48 C:/dict project/e-certify/e-certify/vendor/laravel/framework/src/Illuminate/Pipeline/Pipeline.php(219): Illuminate/Foundation/Http/Middleware/TrimStrings->handle()
#49 C:/dict project/e-certify/e-certify/vendor/laravel/framework/src/Illuminate/Http/Middleware/ValidatePostSize.php(27): Illuminate/Pipeline/Pipeline->{closure:{closure:Illuminate/Pipeline/Pipeline::carry():194}:195}()
#50 C:/dict project/e-certify/e-certify/vendor/laravel/framework/src/Illuminate/Pipeline/Pipeline.php(219): Illuminate/Http/Middleware/ValidatePostSize->handle()
#51 C:/dict project/e-certify/e-certify/vendor/laravel/framework/src/Illuminate/Foundation/Http/Middleware/PreventRequestsDuringMaintenance.php(109): Illuminate/Pipeline/Pipeline->{closure:{closure:Illuminate/Pipeline/Pipeline::carry():194}:195}()
#52 C:/dict project/e-certify/e-certify/vendor/laravel/framework/src/Illuminate/Pipeline/Pipeline.php(219): Illuminate/Foundation/Http/Middleware/PreventRequestsDuringMaintenance->handle()
#53 C:/dict project/e-certify/e-certify/vendor/laravel/framework/src/Illuminate/Http/Middleware/HandleCors.php(61): Illuminate/Pipeline/Pipeline->{closure:{closure:Illuminate/Pipeline/Pipeline::carry():194}:195}()
#54 C:/dict project/e-certify/e-certify/vendor/laravel/framework/src/Illuminate/Pipeline/Pipeline.php(219): Illuminate/Http/Middleware/HandleCors->handle()
#55 C:/dict project/e-certify/e-certify/vendor/laravel/framework/src/Illuminate/Http/Middleware/TrustProxies.php(58): Illuminate/Pipeline/Pipeline->{closure:{closure:Illuminate/Pipeline/Pipeline::carry():194}:195}()
#56 C:/dict project/e-certify/e-certify/vendor/laravel/framework/src/Illuminate/Pipeline/Pipeline.php(219): Illuminate/Http/Middleware/TrustProxies->handle()
#57 C:/dict project/e-certify/e-certify/vendor/laravel/framework/src/Illuminate/Foundation/Http/Middleware/InvokeDeferredCallbacks.php(22): Illuminate/Pipeline/Pipeline->{closure:{closure:Illuminate/Pipeline/Pipeline::carry():194}:195}()
#58 C:/dict project/e-certify/e-certify/vendor/laravel/framework/src/Illuminate/Pipeline/Pipeline.php(219): Illuminate/Foundation/Http/Middleware/InvokeDeferredCallbacks->handle()
#59 C:/dict project/e-certify/e-certify/vendor/laravel/framework/src/Illuminate/Http/Middleware/ValidatePathEncoding.php(26): Illuminate/Pipeline/Pipeline->{closure:{closure:Illuminate/Pipeline/Pipeline::carry():194}:195}()
#60 C:/dict project/e-certify/e-certify/vendor/laravel/framework/src/Illuminate/Pipeline/Pipeline.php(219): Illuminate/Http/Middleware/ValidatePathEncoding->handle()
#61 C:/dict project/e-certify/e-certify/vendor/laravel/framework/src/Illuminate/Pipeline/Pipeline.php(137): Illuminate/Pipeline/Pipeline->{closure:{closure:Illuminate/Pipeline/Pipeline::carry():194}:195}()
#62 C:/dict project/e-certify/e-certify/vendor/laravel/framework/src/Illuminate/Foundation/Http/Kernel.php(175): Illuminate/Pipeline/Pipeline->then()
#63 C:/dict project/e-certify/e-certify/vendor/laravel/framework/src/Illuminate/Foundation/Http/Kernel.php(144): Illuminate/Foundation/Http/Kernel->sendRequestThroughRouter()
#64 C:/dict project/e-certify/e-certify/vendor/laravel/framework/src/Illuminate/Foundation/Application.php(1220): Illuminate/Foundation/Http/Kernel->handle()
#65 C:/dict project/e-certify/e-certify/public/index.php(20): Illuminate/Foundation/Application->handleRequest()
#66 C:/dict project/e-certify/e-certify/vendor/laravel/framework/src/Illuminate/Foundation/resources/server.php(23): require_once('...')
#67 {main}
"} 
[2026-03-10 01:56:13] local.ERROR: SQLSTATE[HY000] [2002] No connection could be made because the target machine actively refused it (Connection: mysql, Host: 127.0.0.1, Port: 3306, Database: ecertify_db, SQL: select * from `sessions` where `id` = M9JhAyeRaPmzKSBLj2l14l7IBIiZBKj6qHyOpVv2 limit 1) {"exception":"[object] (Illuminate\\Database\\QueryException(code: 2002): SQLSTATE[HY000] [2002] No connection could be made because the target machine actively refused it (Connection: mysql, Host: 127.0.0.1, Port: 3306, Database: ecertify_db, SQL: select * from `sessions` where `id` = M9JhAyeRaPmzKSBLj2l14l7IBIiZBKj6qHyOpVv2 limit 1) at C:/dict project/e-certify/e-certify/vendor/laravel/framework/src/Illuminate/Database/Connection.php:838)
[stacktrace]
#0 C:/dict project/e-certify/e-certify/vendor/laravel/framework/src/Illuminate/Database/Connection.php(999): Illuminate/Database/Connection->runQueryCallback()
#1 C:/dict project/e-certify/e-certify/vendor/laravel/framework/src/Illuminate/Database/Connection.php(978): Illuminate/Database/Connection->tryAgainIfCausedByLostConnection()
#2 C:/dict project/e-certify/e-certify/vendor/laravel/framework/src/Illuminate/Database/Connection.php(796): Illuminate/Database/Connection->handleQueryException()
#3 C:/dict project/e-certify/e-certify/vendor/laravel/framework/src/Illuminate/Database/Connection.php(411): Illuminate/Database/Connection->run()
#4 C:/dict project/e-certify/e-certify/vendor/laravel/framework/src/Illuminate/Database/Query/Builder.php(3475): Illuminate/Database/Connection->select()
#5 C:/dict project/e-certify/e-certify/vendor/laravel/framework/src/Illuminate/Database/Query/Builder.php(3460): Illuminate/Database/Query/Builder->runSelect()
#6 C:/dict project/e-certify/e-certify/vendor/laravel/framework/src/Illuminate/Database/Query/Builder.php(4050): Illuminate/Database/Query/Builder->{closure:Illuminate/Database/Query/Builder::get():3459}()
#7 C:/dict project/e-certify/e-certify/vendor/laravel/framework/src/Illuminate/Database/Query/Builder.php(3459): Illuminate/Database/Query/Builder->onceWithColumns()
#8 C:/dict project/e-certify/e-certify/vendor/laravel/framework/src/Illuminate/Database/Concerns/BuildsQueries.php(366): Illuminate/Database/Query/Builder->get()
#9 C:/dict project/e-certify/e-certify/vendor/laravel/framework/src/Illuminate/Database/Query/Builder.php(3382): Illuminate/Database/Query/Builder->first()
#10 C:/dict project/e-certify/e-certify/vendor/laravel/framework/src/Illuminate/Session/DatabaseSessionHandler.php(96): Illuminate/Database/Query/Builder->find()
#11 C:/dict project/e-certify/e-certify/vendor/laravel/framework/src/Illuminate/Session/Store.php(128): Illuminate/Session/DatabaseSessionHandler->read()
#12 C:/dict project/e-certify/e-certify/vendor/laravel/framework/src/Illuminate/Session/Store.php(116): Illuminate/Session/Store->readFromHandler()
#13 C:/dict project/e-certify/e-certify/vendor/laravel/framework/src/Illuminate/Session/Store.php(100): Illuminate/Session/Store->loadSession()
#14 C:/dict project/e-certify/e-certify/vendor/laravel/framework/src/Illuminate/Session/Middleware/StartSession.php(146): Illuminate/Session/Store->start()
#15 C:/dict project/e-certify/e-certify/vendor/laravel/framework/src/Illuminate/Support/helpers.php(388): Illuminate/Session/Middleware/StartSession->{closure:Illuminate/Session/Middleware/StartSession::startSession():143}()
#16 C:/dict project/e-certify/e-certify/vendor/laravel/framework/src/Illuminate/Session/Middleware/StartSession.php(143): tap()
#17 C:/dict project/e-certify/e-certify/vendor/laravel/framework/src/Illuminate/Session/Middleware/StartSession.php(115): Illuminate/Session/Middleware/StartSession->startSession()
#18 C:/dict project/e-certify/e-certify/vendor/laravel/framework/src/Illuminate/Session/Middleware/StartSession.php(63): Illuminate/Session/Middleware/StartSession->handleStatefulRequest()
#19 C:/dict project/e-certify/e-certify/vendor/laravel/framework/src/Illuminate/Pipeline/Pipeline.php(219): Illuminate/Session/Middleware/StartSession->handle()
#20 C:/dict project/e-certify/e-certify/vendor/laravel/framework/src/Illuminate/Cookie/Middleware/AddQueuedCookiesToResponse.php(36): Illuminate/Pipeline/Pipeline->{closure:{closure:Illuminate/Pipeline/Pipeline::carry():194}:195}()
#21 C:/dict project/e-certify/e-certify/vendor/laravel/framework/src/Illuminate/Pipeline/Pipeline.php(219): Illuminate/Cookie/Middleware/AddQueuedCookiesToResponse->handle()
#22 C:/dict project/e-certify/e-certify/vendor/laravel/framework/src/Illuminate/Cookie/Middleware/EncryptCookies.php(74): Illuminate/Pipeline/Pipeline->{closure:{closure:Illuminate/Pipeline/Pipeline::carry():194}:195}()
#23 C:/dict project/e-certify/e-certify/vendor/laravel/framework/src/Illuminate/Pipeline/Pipeline.php(219): Illuminate/Cookie/Middleware/EncryptCookies->handle()
#24 C:/dict project/e-certify/e-certify/vendor/laravel/framework/src/Illuminate/Pipeline/Pipeline.php(137): Illuminate/Pipeline/Pipeline->{closure:{closure:Illuminate/Pipeline/Pipeline::carry():194}:195}()
#25 C:/dict project/e-certify/e-certify/vendor/laravel/framework/src/Illuminate/Routing/Router.php(821): Illuminate/Pipeline/Pipeline->then()
#26 C:/dict project/e-certify/e-certify/vendor/laravel/framework/src/Illuminate/Routing/Router.php(800): Illuminate/Routing/Router->runRouteWithinStack()
#27 C:/dict project/e-certify/e-certify/vendor/laravel/framework/src/Illuminate/Routing/Router.php(764): Illuminate/Routing/Router->runRoute()
#28 C:/dict project/e-certify/e-certify/vendor/laravel/framework/src/Illuminate/Routing/Router.php(753): Illuminate/Routing/Router->dispatchToRoute()
#29 C:/dict project/e-certify/e-certify/vendor/laravel/framework/src/Illuminate/Foundation/Http/Kernel.php(200): Illuminate/Routing/Router->dispatch()
#30 C:/dict project/e-certify/e-certify/vendor/laravel/framework/src/Illuminate/Pipeline/Pipeline.php(180): Illuminate/Foundation/Http/Kernel->{closure:Illuminate/Foundation/Http/Kernel::dispatchToRouter():197}()
#31 C:/dict project/e-certify/e-certify/vendor/livewire/livewire/src/Features/SupportDisablingBackButtonCache/DisableBackButtonCacheMiddleware.php(19): Illuminate/Pipeline/Pipeline->{closure:Illuminate/Pipeline/Pipeline::prepareDestination():178}()
#32 C:/dict project/e-certify/e-certify/vendor/laravel/framework/src/Illuminate/Pipeline/Pipeline.php(219): Livewire/Features/SupportDisablingBackButtonCache/DisableBackButtonCacheMiddleware->handle()
#33 C:/dict project/e-certify/e-certify/vendor/laravel/framework/src/Illuminate/Foundation/Http/Middleware/TransformsRequest.php(21): Illuminate/Pipeline/Pipeline->{closure:{closure:Illuminate/Pipeline/Pipeline::carry():194}:195}()
#34 C:/dict project/e-certify/e-certify/vendor/laravel/framework/src/Illuminate/Foundation/Http/Middleware/ConvertEmptyStringsToNull.php(31): Illuminate/Foundation/Http/Middleware/TransformsRequest->handle()
#35 C:/dict project/e-certify/e-certify/vendor/laravel/framework/src/Illuminate/Pipeline/Pipeline.php(219): Illuminate/Foundation/Http/Middleware/ConvertEmptyStringsToNull->handle()
#36 C:/dict project/e-certify/e-certify/vendor/laravel/framework/src/Illuminate/Foundation/Http/Middleware/TransformsRequest.php(21): Illuminate/Pipeline/Pipeline->{closure:{closure:Illuminate/Pipeline/Pipeline::carry():194}:195}()
#37 C:/dict project/e-certify/e-certify/vendor/laravel/framework/src/Illuminate/Foundation/Http/Middleware/TrimStrings.php(51): Illuminate/Foundation/Http/Middleware/TransformsRequest->handle()
#38 C:/dict project/e-certify/e-certify/vendor/laravel/framework/src/Illuminate/Pipeline/Pipeline.php(219): Illuminate/Foundation/Http/Middleware/TrimStrings->handle()
#39 C:/dict project/e-certify/e-certify/vendor/laravel/framework/src/Illuminate/Http/Middleware/ValidatePostSize.php(27): Illuminate/Pipeline/Pipeline->{closure:{closure:Illuminate/Pipeline/Pipeline::carry():194}:195}()
#40 C:/dict project/e-certify/e-certify/vendor/laravel/framework/src/Illuminate/Pipeline/Pipeline.php(219): Illuminate/Http/Middleware/ValidatePostSize->handle()
#41 C:/dict project/e-certify/e-certify/vendor/laravel/framework/src/Illuminate/Foundation/Http/Middleware/PreventRequestsDuringMaintenance.php(109): Illuminate/Pipeline/Pipeline->{closure:{closure:Illuminate/Pipeline/Pipeline::carry():194}:195}()
#42 C:/dict project/e-certify/e-certify/vendor/laravel/framework/src/Illuminate/Pipeline/Pipeline.php(219): Illuminate/Foundation/Http/Middleware/PreventRequestsDuringMaintenance->handle()
#43 C:/dict project/e-certify/e-certify/vendor/laravel/framework/src/Illuminate/Http/Middleware/HandleCors.php(61): Illuminate/Pipeline/Pipeline->{closure:{closure:Illuminate/Pipeline/Pipeline::carry():194}:195}()
#44 C:/dict project/e-certify/e-certify/vendor/laravel/framework/src/Illuminate/Pipeline/Pipeline.php(219): Illuminate/Http/Middleware/HandleCors->handle()
#45 C:/dict project/e-certify/e-certify/vendor/laravel/framework/src/Illuminate/Http/Middleware/TrustProxies.php(58): Illuminate/Pipeline/Pipeline->{closure:{closure:Illuminate/Pipeline/Pipeline::carry():194}:195}()
#46 C:/dict project/e-certify/e-certify/vendor/laravel/framework/src/Illuminate/Pipeline/Pipeline.php(219): Illuminate/Http/Middleware/TrustProxies->handle()
#47 C:/dict project/e-certify/e-certify/vendor/laravel/framework/src/Illuminate/Foundation/Http/Middleware/InvokeDeferredCallbacks.php(22): Illuminate/Pipeline/Pipeline->{closure:{closure:Illuminate/Pipeline/Pipeline::carry():194}:195}()
#48 C:/dict project/e-certify/e-certify/vendor/laravel/framework/src/Illuminate/Pipeline/Pipeline.php(219): Illuminate/Foundation/Http/Middleware/InvokeDeferredCallbacks->handle()
#49 C:/dict project/e-certify/e-certify/vendor/laravel/framework/src/Illuminate/Http/Middleware/ValidatePathEncoding.php(26): Illuminate/Pipeline/Pipeline->{closure:{closure:Illuminate/Pipeline/Pipeline::carry():194}:195}()
#50 C:/dict project/e-certify/e-certify/vendor/laravel/framework/src/Illuminate/Pipeline/Pipeline.php(219): Illuminate/Http/Middleware/ValidatePathEncoding->handle()
#51 C:/dict project/e-certify/e-certify/vendor/laravel/framework/src/Illuminate/Pipeline/Pipeline.php(137): Illuminate/Pipeline/Pipeline->{closure:{closure:Illuminate/Pipeline/Pipeline::carry():194}:195}()
#52 C:/dict project/e-certify/e-certify/vendor/laravel/framework/src/Illuminate/Foundation/Http/Kernel.php(175): Illuminate/Pipeline/Pipeline->then()
#53 C:/dict project/e-certify/e-certify/vendor/laravel/framework/src/Illuminate/Foundation/Http/Kernel.php(144): Illuminate/Foundation/Http/Kernel->sendRequestThroughRouter()
#54 C:/dict project/e-certify/e-certify/vendor/laravel/framework/src/Illuminate/Foundation/Application.php(1220): Illuminate/Foundation/Http/Kernel->handle()
#55 C:/dict project/e-certify/e-certify/public/index.php(20): Illuminate/Foundation/Application->handleRequest()
#56 C:/dict project/e-certify/e-certify/vendor/laravel/framework/src/Illuminate/Foundation/resources/server.php(23): require_once('...')
#57 {main}

[previous exception] [object] (PDOException(code: 2002): SQLSTATE[HY000] [2002] No connection could be made because the target machine actively refused it at C:/dict project/e-certify/e-certify/vendor/laravel/framework/src/Illuminate/Database/Connectors/Connector.php:67)
[stacktrace]
#0 C:/dict project/e-certify/e-certify/vendor/laravel/framework/src/Illuminate/Database/Connectors/Connector.php(67): PDO::connect()
#1 C:/dict project/e-certify/e-certify/vendor/laravel/framework/src/Illuminate/Database/Connectors/Connector.php(85): Illuminate/Database/Connectors/Connector->createPdoConnection()
#2 C:/dict project/e-certify/e-certify/vendor/laravel/framework/src/Illuminate/Database/Connectors/Connector.php(48): Illuminate/Database/Connectors/Connector->tryAgainIfCausedByLostConnection()
#3 C:/dict project/e-certify/e-certify/vendor/laravel/framework/src/Illuminate/Database/Connectors/MySqlConnector.php(24): Illuminate/Database/Connectors/Connector->createConnection()
#4 C:/dict project/e-certify/e-certify/vendor/laravel/framework/src/Illuminate/Database/Connectors/ConnectionFactory.php(186): Illuminate/Database/Connectors/MySqlConnector->connect()
#5 [internal function]: Illuminate/Database/Connectors/ConnectionFactory->{closure:Illuminate/Database/Connectors/ConnectionFactory::createPdoResolverWithHosts():181}()
#6 C:/dict project/e-certify/e-certify/vendor/laravel/framework/src/Illuminate/Database/Connection.php(1257): call_user_func()
#7 C:/dict project/e-certify/e-certify/vendor/laravel/framework/src/Illuminate/Database/Connection.php(525): Illuminate/Database/Connection->getPdo()
#8 C:/dict project/e-certify/e-certify/vendor/laravel/framework/src/Illuminate/Database/Connection.php(420): Illuminate/Database/Connection->getPdoForSelect()
#9 C:/dict project/e-certify/e-certify/vendor/laravel/framework/src/Illuminate/Database/Connection.php(827): Illuminate/Database/Connection->{closure:Illuminate/Database/Connection::select():411}()
#10 C:/dict project/e-certify/e-certify/vendor/laravel/framework/src/Illuminate/Database/Connection.php(999): Illuminate/Database/Connection->runQueryCallback()
#11 C:/dict project/e-certify/e-certify/vendor/laravel/framework/src/Illuminate/Database/Connection.php(978): Illuminate/Database/Connection->tryAgainIfCausedByLostConnection()
#12 C:/dict project/e-certify/e-certify/vendor/laravel/framework/src/Illuminate/Database/Connection.php(796): Illuminate/Database/Connection->handleQueryException()
#13 C:/dict project/e-certify/e-certify/vendor/laravel/framework/src/Illuminate/Database/Connection.php(411): Illuminate/Database/Connection->run()
#14 C:/dict project/e-certify/e-certify/vendor/laravel/framework/src/Illuminate/Database/Query/Builder.php(3475): Illuminate/Database/Connection->select()
#15 C:/dict project/e-certify/e-certify/vendor/laravel/framework/src/Illuminate/Database/Query/Builder.php(3460): Illuminate/Database/Query/Builder->runSelect()
#16 C:/dict project/e-certify/e-certify/vendor/laravel/framework/src/Illuminate/Database/Query/Builder.php(4050): Illuminate/Database/Query/Builder->{closure:Illuminate/Database/Query/Builder::get():3459}()
#17 C:/dict project/e-certify/e-certify/vendor/laravel/framework/src/Illuminate/Database/Query/Builder.php(3459): Illuminate/Database/Query/Builder->onceWithColumns()
#18 C:/dict project/e-certify/e-certify/vendor/laravel/framework/src/Illuminate/Database/Concerns/BuildsQueries.php(366): Illuminate/Database/Query/Builder->get()
#19 C:/dict project/e-certify/e-certify/vendor/laravel/framework/src/Illuminate/Database/Query/Builder.php(3382): Illuminate/Database/Query/Builder->first()
#20 C:/dict project/e-certify/e-certify/vendor/laravel/framework/src/Illuminate/Session/DatabaseSessionHandler.php(96): Illuminate/Database/Query/Builder->find()
#21 C:/dict project/e-certify/e-certify/vendor/laravel/framework/src/Illuminate/Session/Store.php(128): Illuminate/Session/DatabaseSessionHandler->read()
#22 C:/dict project/e-certify/e-certify/vendor/laravel/framework/src/Illuminate/Session/Store.php(116): Illuminate/Session/Store->readFromHandler()
#23 C:/dict project/e-certify/e-certify/vendor/laravel/framework/src/Illuminate/Session/Store.php(100): Illuminate/Session/Store->loadSession()
#24 C:/dict project/e-certify/e-certify/vendor/laravel/framework/src/Illuminate/Session/Middleware/StartSession.php(146): Illuminate/Session/Store->start()
#25 C:/dict project/e-certify/e-certify/vendor/laravel/framework/src/Illuminate/Support/helpers.php(388): Illuminate/Session/Middleware/StartSession->{closure:Illuminate/Session/Middleware/StartSession::startSession():143}()
#26 C:/dict project/e-certify/e-certify/vendor/laravel/framework/src/Illuminate/Session/Middleware/StartSession.php(143): tap()
#27 C:/dict project/e-certify/e-certify/vendor/laravel/framework/src/Illuminate/Session/Middleware/StartSession.php(115): Illuminate/Session/Middleware/StartSession->startSession()
#28 C:/dict project/e-certify/e-certify/vendor/laravel/framework/src/Illuminate/Session/Middleware/StartSession.php(63): Illuminate/Session/Middleware/StartSession->handleStatefulRequest()
#29 C:/dict project/e-certify/e-certify/vendor/laravel/framework/src/Illuminate/Pipeline/Pipeline.php(219): Illuminate/Session/Middleware/StartSession->handle()
#30 C:/dict project/e-certify/e-certify/vendor/laravel/framework/src/Illuminate/Cookie/Middleware/AddQueuedCookiesToResponse.php(36): Illuminate/Pipeline/Pipeline->{closure:{closure:Illuminate/Pipeline/Pipeline::carry():194}:195}()
#31 C:/dict project/e-certify/e-certify/vendor/laravel/framework/src/Illuminate/Pipeline/Pipeline.php(219): Illuminate/Cookie/Middleware/AddQueuedCookiesToResponse->handle()
#32 C:/dict project/e-certify/e-certify/vendor/laravel/framework/src/Illuminate/Cookie/Middleware/EncryptCookies.php(74): Illuminate/Pipeline/Pipeline->{closure:{closure:Illuminate/Pipeline/Pipeline::carry():194}:195}()
#33 C:/dict project/e-certify/e-certify/vendor/laravel/framework/src/Illuminate/Pipeline/Pipeline.php(219): Illuminate/Cookie/Middleware/EncryptCookies->handle()
#34 C:/dict project/e-certify/e-certify/vendor/laravel/framework/src/Illuminate/Pipeline/Pipeline.php(137): Illuminate/Pipeline/Pipeline->{closure:{closure:Illuminate/Pipeline/Pipeline::carry():194}:195}()
#35 C:/dict project/e-certify/e-certify/vendor/laravel/framework/src/Illuminate/Routing/Router.php(821): Illuminate/Pipeline/Pipeline->then()
#36 C:/dict project/e-certify/e-certify/vendor/laravel/framework/src/Illuminate/Routing/Router.php(800): Illuminate/Routing/Router->runRouteWithinStack()
#37 C:/dict project/e-certify/e-certify/vendor/laravel/framework/src/Illuminate/Routing/Router.php(764): Illuminate/Routing/Router->runRoute()
#38 C:/dict project/e-certify/e-certify/vendor/laravel/framework/src/Illuminate/Routing/Router.php(753): Illuminate/Routing/Router->dispatchToRoute()
#39 C:/dict project/e-certify/e-certify/vendor/laravel/framework/src/Illuminate/Foundation/Http/Kernel.php(200): Illuminate/Routing/Router->dispatch()
#40 C:/dict project/e-certify/e-certify/vendor/laravel/framework/src/Illuminate/Pipeline/Pipeline.php(180): Illuminate/Foundation/Http/Kernel->{closure:Illuminate/Foundation/Http/Kernel::dispatchToRouter():197}()
#41 C:/dict project/e-certify/e-certify/vendor/livewire/livewire/src/Features/SupportDisablingBackButtonCache/DisableBackButtonCacheMiddleware.php(19): Illuminate/Pipeline/Pipeline->{closure:Illuminate/Pipeline/Pipeline::prepareDestination():178}()
#42 C:/dict project/e-certify/e-certify/vendor/laravel/framework/src/Illuminate/Pipeline/Pipeline.php(219): Livewire/Features/SupportDisablingBackButtonCache/DisableBackButtonCacheMiddleware->handle()
#43 C:/dict project/e-certify/e-certify/vendor/laravel/framework/src/Illuminate/Foundation/Http/Middleware/TransformsRequest.php(21): Illuminate/Pipeline/Pipeline->{closure:{closure:Illuminate/Pipeline/Pipeline::carry():194}:195}()
#44 C:/dict project/e-certify/e-certify/vendor/laravel/framework/src/Illuminate/Foundation/Http/Middleware/ConvertEmptyStringsToNull.php(31): Illuminate/Foundation/Http/Middleware/TransformsRequest->handle()
#45 C:/dict project/e-certify/e-certify/vendor/laravel/framework/src/Illuminate/Pipeline/Pipeline.php(219): Illuminate/Foundation/Http/Middleware/ConvertEmptyStringsToNull->handle()
#46 C:/dict project/e-certify/e-certify/vendor/laravel/framework/src/Illuminate/Foundation/Http/Middleware/TransformsRequest.php(21): Illuminate/Pipeline/Pipeline->{closure:{closure:Illuminate/Pipeline/Pipeline::carry():194}:195}()
#47 C:/dict project/e-certify/e-certify/vendor/laravel/framework/src/Illuminate/Foundation/Http/Middleware/TrimStrings.php(51): Illuminate/Foundation/Http/Middleware/TransformsRequest->handle()
#48 C:/dict project/e-certify/e-certify/vendor/laravel/framework/src/Illuminate/Pipeline/Pipeline.php(219): Illuminate/Foundation/Http/Middleware/TrimStrings->handle()
#49 C:/dict project/e-certify/e-certify/vendor/laravel/framework/src/Illuminate/Http/Middleware/ValidatePostSize.php(27): Illuminate/Pipeline/Pipeline->{closure:{closure:Illuminate/Pipeline/Pipeline::carry():194}:195}()
#50 C:/dict project/e-certify/e-certify/vendor/laravel/framework/src/Illuminate/Pipeline/Pipeline.php(219): Illuminate/Http/Middleware/ValidatePostSize->handle()
#51 C:/dict project/e-certify/e-certify/vendor/laravel/framework/src/Illuminate/Foundation/Http/Middleware/PreventRequestsDuringMaintenance.php(109): Illuminate/Pipeline/Pipeline->{closure:{closure:Illuminate/Pipeline/Pipeline::carry():194}:195}()
#52 C:/dict project/e-certify/e-certify/vendor/laravel/framework/src/Illuminate/Pipeline/Pipeline.php(219): Illuminate/Foundation/Http/Middleware/PreventRequestsDuringMaintenance->handle()
#53 C:/dict project/e-certify/e-certify/vendor/laravel/framework/src/Illuminate/Http/Middleware/HandleCors.php(61): Illuminate/Pipeline/Pipeline->{closure:{closure:Illuminate/Pipeline/Pipeline::carry():194}:195}()
#54 C:/dict project/e-certify/e-certify/vendor/laravel/framework/src/Illuminate/Pipeline/Pipeline.php(219): Illuminate/Http/Middleware/HandleCors->handle()
#55 C:/dict project/e-certify/e-certify/vendor/laravel/framework/src/Illuminate/Http/Middleware/TrustProxies.php(58): Illuminate/Pipeline/Pipeline->{closure:{closure:Illuminate/Pipeline/Pipeline::carry():194}:195}()
#56 C:/dict project/e-certify/e-certify/vendor/laravel/framework/src/Illuminate/Pipeline/Pipeline.php(219): Illuminate/Http/Middleware/TrustProxies->handle()
#57 C:/dict project/e-certify/e-certify/vendor/laravel/framework/src/Illuminate/Foundation/Http/Middleware/InvokeDeferredCallbacks.php(22): Illuminate/Pipeline/Pipeline->{closure:{closure:Illuminate/Pipeline/Pipeline::carry():194}:195}()
#58 C:/dict project/e-certify/e-certify/vendor/laravel/framework/src/Illuminate/Pipeline/Pipeline.php(219): Illuminate/Foundation/Http/Middleware/InvokeDeferredCallbacks->handle()
#59 C:/dict project/e-certify/e-certify/vendor/laravel/framework/src/Illuminate/Http/Middleware/ValidatePathEncoding.php(26): Illuminate/Pipeline/Pipeline->{closure:{closure:Illuminate/Pipeline/Pipeline::carry():194}:195}()
#60 C:/dict project/e-certify/e-certify/vendor/laravel/framework/src/Illuminate/Pipeline/Pipeline.php(219): Illuminate/Http/Middleware/ValidatePathEncoding->handle()
#61 C:/dict project/e-certify/e-certify/vendor/laravel/framework/src/Illuminate/Pipeline/Pipeline.php(137): Illuminate/Pipeline/Pipeline->{closure:{closure:Illuminate/Pipeline/Pipeline::carry():194}:195}()
#62 C:/dict project/e-certify/e-certify/vendor/laravel/framework/src/Illuminate/Foundation/Http/Kernel.php(175): Illuminate/Pipeline/Pipeline->then()
#63 C:/dict project/e-certify/e-certify/vendor/laravel/framework/src/Illuminate/Foundation/Http/Kernel.php(144): Illuminate/Foundation/Http/Kernel->sendRequestThroughRouter()
#64 C:/dict project/e-certify/e-certify/vendor/laravel/framework/src/Illuminate/Foundation/Application.php(1220): Illuminate/Foundation/Http/Kernel->handle()
#65 C:/dict project/e-certify/e-certify/public/index.php(20): Illuminate/Foundation/Application->handleRequest()
#66 C:/dict project/e-certify/e-certify/vendor/laravel/framework/src/Illuminate/Foundation/resources/server.php(23): require_once('...')
#67 {main}
"} 
[2026-03-10 01:57:18] local.ERROR: Failed to authenticate on SMTP server with username "noreply.ecertify.dict@gmail.com" using the following authenticators: "LOGIN", "PLAIN", "XOAUTH2". Authenticator "LOGIN" returned "Expected response code "235" but got code "535", with message "535-5.7.8 Username and Password not accepted. For more information, go to
535 5.7.8  https://support.google.com/mail/?p=BadCredentials 98e67ed59e1d1-359bca016basm6086841a91.5 - gsmtp".". Authenticator "PLAIN" returned "Expected response code "235" but got code "535", with message "535-5.7.8 Username and Password not accepted. For more information, go to
535 5.7.8  https://support.google.com/mail/?p=BadCredentials 98e67ed59e1d1-359bca016basm6086841a91.5 - gsmtp".". Authenticator "XOAUTH2" returned "Expected response code "235" but got code "334", with message "334 eyJzdGF0dXMiOiI0MDAiLCJzY2hlbWVzIjoiQmVhcmVyIiwic2NvcGUiOiJodHRwczovL21haWwuZ29vZ2xlLmNvbS8ifQ==".". {"exception":"[object] (Symfony\\Component\\Mailer\\Exception\\TransportException(code: 334): Failed to authenticate on SMTP server with username \"noreply.ecertify.dict@gmail.com\" using the following authenticators: \"LOGIN\", \"PLAIN\", \"XOAUTH2\". Authenticator \"LOGIN\" returned \"Expected response code \"235\" but got code \"535\", with message \"535-5.7.8 Username and Password not accepted. For more information, go to

535 5.7.8  https://support.google.com/mail/?p=BadCredentials 98e67ed59e1d1-359bca016basm6086841a91.5 - gsmtp\".\". Authenticator \"PLAIN\" returned \"Expected response code \"235\" but got code \"535\", with message \"535-5.7.8 Username and Password not accepted. For more information, go to

535 5.7.8  https://support.google.com/mail/?p=BadCredentials 98e67ed59e1d1-359bca016basm6086841a91.5 - gsmtp\".\". Authenticator \"XOAUTH2\" returned \"Expected response code \"235\" but got code \"334\", with message \"334 eyJzdGF0dXMiOiI0MDAiLCJzY2hlbWVzIjoiQmVhcmVyIiwic2NvcGUiOiJodHRwczovL21haWwuZ29vZ2xlLmNvbS8ifQ==\".\". at C:/dict project/e-certify/e-certify/vendor/symfony/mailer/Transport/Smtp/EsmtpTransport.php:269)
[stacktrace]
#0 C:/dict project/e-certify/e-certify/vendor/symfony/mailer/Transport/Smtp/EsmtpTransport.php(199): Symfony/Component/Mailer/Transport/Smtp/EsmtpTransport->handleAuth()
#1 C:/dict project/e-certify/e-certify/vendor/symfony/mailer/Transport/Smtp/EsmtpTransport.php(150): Symfony/Component/Mailer/Transport/Smtp/EsmtpTransport->doEhloCommand()
#2 C:/dict project/e-certify/e-certify/vendor/symfony/mailer/Transport/Smtp/SmtpTransport.php(244): Symfony/Component/Mailer/Transport/Smtp/EsmtpTransport->executeCommand()
#3 C:/dict project/e-certify/e-certify/vendor/symfony/mailer/Transport/Smtp/SmtpTransport.php(270): Symfony/Component/Mailer/Transport/Smtp/SmtpTransport->doHeloCommand()
#4 C:/dict project/e-certify/e-certify/vendor/symfony/mailer/Transport/Smtp/SmtpTransport.php(200): Symfony/Component/Mailer/Transport/Smtp/SmtpTransport->start()
#5 C:/dict project/e-certify/e-certify/vendor/symfony/mailer/Transport/AbstractTransport.php(69): Symfony/Component/Mailer/Transport/Smtp/SmtpTransport->doSend()
#6 C:/dict project/e-certify/e-certify/vendor/symfony/mailer/Transport/Smtp/SmtpTransport.php(138): Symfony/Component/Mailer/Transport/AbstractTransport->send()
#7 C:/dict project/e-certify/e-certify/vendor/laravel/framework/src/Illuminate/Mail/Mailer.php(584): Symfony/Component/Mailer/Transport/Smtp/SmtpTransport->send()
#8 C:/dict project/e-certify/e-certify/vendor/laravel/framework/src/Illuminate/Mail/Mailer.php(331): Illuminate/Mail/Mailer->sendSymfonyMessage()
#9 C:/dict project/e-certify/e-certify/vendor/laravel/framework/src/Illuminate/Notifications/Channels/MailChannel.php(66): Illuminate/Mail/Mailer->send()
#10 C:/dict project/e-certify/e-certify/vendor/laravel/framework/src/Illuminate/Notifications/NotificationSender.php(161): Illuminate/Notifications/Channels/MailChannel->send()
#11 C:/dict project/e-certify/e-certify/vendor/laravel/framework/src/Illuminate/Notifications/NotificationSender.php(116): Illuminate/Notifications/NotificationSender->sendToNotifiable()
#12 C:/dict project/e-certify/e-certify/vendor/laravel/framework/src/Illuminate/Support/Traits/Localizable.php(19): Illuminate/Notifications/NotificationSender->{closure:Illuminate/Notifications/NotificationSender::sendNow():111}()
#13 C:/dict project/e-certify/e-certify/vendor/laravel/framework/src/Illuminate/Notifications/NotificationSender.php(111): Illuminate/Notifications/NotificationSender->withLocale()
#14 C:/dict project/e-certify/e-certify/vendor/laravel/framework/src/Illuminate/Notifications/NotificationSender.php(89): Illuminate/Notifications/NotificationSender->sendNow()
#15 C:/dict project/e-certify/e-certify/vendor/laravel/framework/src/Illuminate/Notifications/ChannelManager.php(47): Illuminate/Notifications/NotificationSender->send()
#16 C:/dict project/e-certify/e-certify/vendor/laravel/framework/src/Illuminate/Notifications/RoutesNotifications.php(18): Illuminate/Notifications/ChannelManager->send()
#17 C:/dict project/e-certify/e-certify/app/Models/User.php(71): App/Models/User->notify()
#18 C:/dict project/e-certify/e-certify/vendor/laravel/framework/src/Illuminate/Auth/Listeners/SendEmailVerificationNotification.php(19): App/Models/User->sendEmailVerificationNotification()
#19 C:/dict project/e-certify/e-certify/vendor/laravel/framework/src/Illuminate/Events/Dispatcher.php(512): Illuminate/Auth/Listeners/SendEmailVerificationNotification->handle()
#20 C:/dict project/e-certify/e-certify/vendor/laravel/framework/src/Illuminate/Events/Dispatcher.php(319): Illuminate/Events/Dispatcher->{closure:Illuminate/Events/Dispatcher::createClassListener():505}()
#21 C:/dict project/e-certify/e-certify/vendor/laravel/framework/src/Illuminate/Events/Dispatcher.php(299): Illuminate/Events/Dispatcher->invokeListeners()
#22 C:/dict project/e-certify/e-certify/vendor/laravel/framework/src/Illuminate/Foundation/helpers.php(505): Illuminate/Events/Dispatcher->dispatch()
#23 C:/dict project/e-certify/e-certify/vendor/laravel/fortify/src/Http/Controllers/RegisteredUserController.php(62): event()
#24 C:/dict project/e-certify/e-certify/vendor/laravel/framework/src/Illuminate/Routing/Controller.php(54): Laravel/Fortify/Http/Controllers/RegisteredUserController->store()
#25 C:/dict project/e-certify/e-certify/vendor/laravel/framework/src/Illuminate/Routing/ControllerDispatcher.php(43): Illuminate/Routing/Controller->callAction()
#26 C:/dict project/e-certify/e-certify/vendor/laravel/framework/src/Illuminate/Routing/Route.php(265): Illuminate/Routing/ControllerDispatcher->dispatch()
#27 C:/dict project/e-certify/e-certify/vendor/laravel/framework/src/Illuminate/Routing/Route.php(211): Illuminate/Routing/Route->runController()
#28 C:/dict project/e-certify/e-certify/vendor/laravel/framework/src/Illuminate/Routing/Router.php(822): Illuminate/Routing/Route->run()
#29 C:/dict project/e-certify/e-certify/vendor/laravel/framework/src/Illuminate/Pipeline/Pipeline.php(180): Illuminate/Routing/Router->{closure:Illuminate/Routing/Router::runRouteWithinStack():821}()
#30 C:/dict project/e-certify/e-certify/vendor/laravel/framework/src/Illuminate/Auth/Middleware/RedirectIfAuthenticated.php(47): Illuminate/Pipeline/Pipeline->{closure:Illuminate/Pipeline/Pipeline::prepareDestination():178}()
#31 C:/dict project/e-certify/e-certify/vendor/laravel/framework/src/Illuminate/Pipeline/Pipeline.php(219): Illuminate/Auth/Middleware/RedirectIfAuthenticated->handle()
#32 C:/dict project/e-certify/e-certify/vendor/laravel/boost/src/Middleware/InjectBoost.php(22): Illuminate/Pipeline/Pipeline->{closure:{closure:Illuminate/Pipeline/Pipeline::carry():194}:195}()
#33 C:/dict project/e-certify/e-certify/vendor/laravel/framework/src/Illuminate/Pipeline/Pipeline.php(219): Laravel/Boost/Middleware/InjectBoost->handle()
#34 C:/dict project/e-certify/e-certify/vendor/laravel/framework/src/Illuminate/Routing/Middleware/SubstituteBindings.php(50): Illuminate/Pipeline/Pipeline->{closure:{closure:Illuminate/Pipeline/Pipeline::carry():194}:195}()
#35 C:/dict project/e-certify/e-certify/vendor/laravel/framework/src/Illuminate/Pipeline/Pipeline.php(219): Illuminate/Routing/Middleware/SubstituteBindings->handle()
#36 C:/dict project/e-certify/e-certify/vendor/laravel/framework/src/Illuminate/Foundation/Http/Middleware/VerifyCsrfToken.php(87): Illuminate/Pipeline/Pipeline->{closure:{closure:Illuminate/Pipeline/Pipeline::carry():194}:195}()
#37 C:/dict project/e-certify/e-certify/vendor/laravel/framework/src/Illuminate/Pipeline/Pipeline.php(219): Illuminate/Foundation/Http/Middleware/VerifyCsrfToken->handle()
#38 C:/dict project/e-certify/e-certify/vendor/laravel/framework/src/Illuminate/View/Middleware/ShareErrorsFromSession.php(48): Illuminate/Pipeline/Pipeline->{closure:{closure:Illuminate/Pipeline/Pipeline::carry():194}:195}()
#39 C:/dict project/e-certify/e-certify/vendor/laravel/framework/src/Illuminate/Pipeline/Pipeline.php(219): Illuminate/View/Middleware/ShareErrorsFromSession->handle()
#40 C:/dict project/e-certify/e-certify/vendor/laravel/framework/src/Illuminate/Session/Middleware/StartSession.php(120): Illuminate/Pipeline/Pipeline->{closure:{closure:Illuminate/Pipeline/Pipeline::carry():194}:195}()
#41 C:/dict project/e-certify/e-certify/vendor/laravel/framework/src/Illuminate/Session/Middleware/StartSession.php(63): Illuminate/Session/Middleware/StartSession->handleStatefulRequest()
#42 C:/dict project/e-certify/e-certify/vendor/laravel/framework/src/Illuminate/Pipeline/Pipeline.php(219): Illuminate/Session/Middleware/StartSession->handle()
#43 C:/dict project/e-certify/e-certify/vendor/laravel/framework/src/Illuminate/Cookie/Middleware/AddQueuedCookiesToResponse.php(36): Illuminate/Pipeline/Pipeline->{closure:{closure:Illuminate/Pipeline/Pipeline::carry():194}:195}()
#44 C:/dict project/e-certify/e-certify/vendor/laravel/framework/src/Illuminate/Pipeline/Pipeline.php(219): Illuminate/Cookie/Middleware/AddQueuedCookiesToResponse->handle()
#45 C:/dict project/e-certify/e-certify/vendor/laravel/framework/src/Illuminate/Cookie/Middleware/EncryptCookies.php(74): Illuminate/Pipeline/Pipeline->{closure:{closure:Illuminate/Pipeline/Pipeline::carry():194}:195}()
#46 C:/dict project/e-certify/e-certify/vendor/laravel/framework/src/Illuminate/Pipeline/Pipeline.php(219): Illuminate/Cookie/Middleware/EncryptCookies->handle()
#47 C:/dict project/e-certify/e-certify/vendor/laravel/framework/src/Illuminate/Pipeline/Pipeline.php(137): Illuminate/Pipeline/Pipeline->{closure:{closure:Illuminate/Pipeline/Pipeline::carry():194}:195}()
#48 C:/dict project/e-certify/e-certify/vendor/laravel/framework/src/Illuminate/Routing/Router.php(821): Illuminate/Pipeline/Pipeline->then()
#49 C:/dict project/e-certify/e-certify/vendor/laravel/framework/src/Illuminate/Routing/Router.php(800): Illuminate/Routing/Router->runRouteWithinStack()
#50 C:/dict project/e-certify/e-certify/vendor/laravel/framework/src/Illuminate/Routing/Router.php(764): Illuminate/Routing/Router->runRoute()
#51 C:/dict project/e-certify/e-certify/vendor/laravel/framework/src/Illuminate/Routing/Router.php(753): Illuminate/Routing/Router->dispatchToRoute()
#52 C:/dict project/e-certify/e-certify/vendor/laravel/framework/src/Illuminate/Foundation/Http/Kernel.php(200): Illuminate/Routing/Router->dispatch()
#53 C:/dict project/e-certify/e-certify/vendor/laravel/framework/src/Illuminate/Pipeline/Pipeline.php(180): Illuminate/Foundation/Http/Kernel->{closure:Illuminate/Foundation/Http/Kernel::dispatchToRouter():197}()
#54 C:/dict project/e-certify/e-certify/vendor/livewire/livewire/src/Features/SupportDisablingBackButtonCache/DisableBackButtonCacheMiddleware.php(19): Illuminate/Pipeline/Pipeline->{closure:Illuminate/Pipeline/Pipeline::prepareDestination():178}()
#55 C:/dict project/e-certify/e-certify/vendor/laravel/framework/src/Illuminate/Pipeline/Pipeline.php(219): Livewire/Features/SupportDisablingBackButtonCache/DisableBackButtonCacheMiddleware->handle()
#56 C:/dict project/e-certify/e-certify/vendor/laravel/framework/src/Illuminate/Foundation/Http/Middleware/TransformsRequest.php(21): Illuminate/Pipeline/Pipeline->{closure:{closure:Illuminate/Pipeline/Pipeline::carry():194}:195}()
#57 C:/dict project/e-certify/e-certify/vendor/laravel/framework/src/Illuminate/Foundation/Http/Middleware/ConvertEmptyStringsToNull.php(31): Illuminate/Foundation/Http/Middleware/TransformsRequest->handle()
#58 C:/dict project/e-certify/e-certify/vendor/laravel/framework/src/Illuminate/Pipeline/Pipeline.php(219): Illuminate/Foundation/Http/Middleware/ConvertEmptyStringsToNull->handle()
#59 C:/dict project/e-certify/e-certify/vendor/laravel/framework/src/Illuminate/Foundation/Http/Middleware/TransformsRequest.php(21): Illuminate/Pipeline/Pipeline->{closure:{closure:Illuminate/Pipeline/Pipeline::carry():194}:195}()
#60 C:/dict project/e-certify/e-certify/vendor/laravel/framework/src/Illuminate/Foundation/Http/Middleware/TrimStrings.php(51): Illuminate/Foundation/Http/Middleware/TransformsRequest->handle()
#61 C:/dict project/e-certify/e-certify/vendor/laravel/framework/src/Illuminate/Pipeline/Pipeline.php(219): Illuminate/Foundation/Http/Middleware/TrimStrings->handle()
#62 C:/dict project/e-certify/e-certify/vendor/laravel/framework/src/Illuminate/Http/Middleware/ValidatePostSize.php(27): Illuminate/Pipeline/Pipeline->{closure:{closure:Illuminate/Pipeline/Pipeline::carry():194}:195}()
#63 C:/dict project/e-certify/e-certify/vendor/laravel/framework/src/Illuminate/Pipeline/Pipeline.php(219): Illuminate/Http/Middleware/ValidatePostSize->handle()
#64 C:/dict project/e-certify/e-certify/vendor/laravel/framework/src/Illuminate/Foundation/Http/Middleware/PreventRequestsDuringMaintenance.php(109): Illuminate/Pipeline/Pipeline->{closure:{closure:Illuminate/Pipeline/Pipeline::carry():194}:195}()
#65 C:/dict project/e-certify/e-certify/vendor/laravel/framework/src/Illuminate/Pipeline/Pipeline.php(219): Illuminate/Foundation/Http/Middleware/PreventRequestsDuringMaintenance->handle()
#66 C:/dict project/e-certify/e-certify/vendor/laravel/framework/src/Illuminate/Http/Middleware/HandleCors.php(61): Illuminate/Pipeline/Pipeline->{closure:{closure:Illuminate/Pipeline/Pipeline::carry():194}:195}()
#67 C:/dict project/e-certify/e-certify/vendor/laravel/framework/src/Illuminate/Pipeline/Pipeline.php(219): Illuminate/Http/Middleware/HandleCors->handle()
#68 C:/dict project/e-certify/e-certify/vendor/laravel/framework/src/Illuminate/Http/Middleware/TrustProxies.php(58): Illuminate/Pipeline/Pipeline->{closure:{closure:Illuminate/Pipeline/Pipeline::carry():194}:195}()
#69 C:/dict project/e-certify/e-certify/vendor/laravel/framework/src/Illuminate/Pipeline/Pipeline.php(219): Illuminate/Http/Middleware/TrustProxies->handle()
#70 C:/dict project/e-certify/e-certify/vendor/laravel/framework/src/Illuminate/Foundation/Http/Middleware/InvokeDeferredCallbacks.php(22): Illuminate/Pipeline/Pipeline->{closure:{closure:Illuminate/Pipeline/Pipeline::carry():194}:195}()
#71 C:/dict project/e-certify/e-certify/vendor/laravel/framework/src/Illuminate/Pipeline/Pipeline.php(219): Illuminate/Foundation/Http/Middleware/InvokeDeferredCallbacks->handle()
#72 C:/dict project/e-certify/e-certify/vendor/laravel/framework/src/Illuminate/Http/Middleware/ValidatePathEncoding.php(26): Illuminate/Pipeline/Pipeline->{closure:{closure:Illuminate/Pipeline/Pipeline::carry():194}:195}()
#73 C:/dict project/e-certify/e-certify/vendor/laravel/framework/src/Illuminate/Pipeline/Pipeline.php(219): Illuminate/Http/Middleware/ValidatePathEncoding->handle()
#74 C:/dict project/e-certify/e-certify/vendor/laravel/framework/src/Illuminate/Pipeline/Pipeline.php(137): Illuminate/Pipeline/Pipeline->{closure:{closure:Illuminate/Pipeline/Pipeline::carry():194}:195}()
#75 C:/dict project/e-certify/e-certify/vendor/laravel/framework/src/Illuminate/Foundation/Http/Kernel.php(175): Illuminate/Pipeline/Pipeline->then()
#76 C:/dict project/e-certify/e-certify/vendor/laravel/framework/src/Illuminate/Foundation/Http/Kernel.php(144): Illuminate/Foundation/Http/Kernel->sendRequestThroughRouter()
#77 C:/dict project/e-certify/e-certify/vendor/laravel/framework/src/Illuminate/Foundation/Application.php(1220): Illuminate/Foundation/Http/Kernel->handle()
#78 C:/dict project/e-certify/e-certify/public/index.php(20): Illuminate/Foundation/Application->handleRequest()
#79 C:/dict project/e-certify/e-certify/vendor/laravel/framework/src/Illuminate/Foundation/resources/server.php(23): require_once('...')
#80 {main}
"} 
[2026-03-10 02:06:33] local.ERROR: Connection could not be established with host "smtp.gmail.com:587": stream_socket_client(): php_network_getaddresses: getaddrinfo for smtp.gmail.com failed: No such host is known {"exception":"[object] (Symfony\\Component\\Mailer\\Exception\\TransportException(code: 0): Connection could not be established with host \"smtp.gmail.com:587\": stream_socket_client(): php_network_getaddresses: getaddrinfo for smtp.gmail.com failed: No such host is known at C:/dict project/e-certify/e-certify/vendor/symfony/mailer/Transport/Smtp/Stream/SocketStream.php:154)
[stacktrace]
#0 [internal function]: Symfony/Component/Mailer/Transport/Smtp/Stream/SocketStream->{closure:Symfony/Component/Mailer/Transport/Smtp/Stream/SocketStream::initialize():153}()
#1 C:/dict project/e-certify/e-certify/vendor/symfony/mailer/Transport/Smtp/Stream/SocketStream.php(157): stream_socket_client()
#2 C:/dict project/e-certify/e-certify/vendor/symfony/mailer/Transport/Smtp/SmtpTransport.php(268): Symfony/Component/Mailer/Transport/Smtp/Stream/SocketStream->initialize()
#3 C:/dict project/e-certify/e-certify/vendor/symfony/mailer/Transport/Smtp/SmtpTransport.php(200): Symfony/Component/Mailer/Transport/Smtp/SmtpTransport->start()
#4 C:/dict project/e-certify/e-certify/vendor/symfony/mailer/Transport/AbstractTransport.php(69): Symfony/Component/Mailer/Transport/Smtp/SmtpTransport->doSend()
#5 C:/dict project/e-certify/e-certify/vendor/symfony/mailer/Transport/Smtp/SmtpTransport.php(138): Symfony/Component/Mailer/Transport/AbstractTransport->send()
#6 C:/dict project/e-certify/e-certify/vendor/laravel/framework/src/Illuminate/Mail/Mailer.php(584): Symfony/Component/Mailer/Transport/Smtp/SmtpTransport->send()
#7 C:/dict project/e-certify/e-certify/vendor/laravel/framework/src/Illuminate/Mail/Mailer.php(331): Illuminate/Mail/Mailer->sendSymfonyMessage()
#8 C:/dict project/e-certify/e-certify/vendor/laravel/framework/src/Illuminate/Notifications/Channels/MailChannel.php(66): Illuminate/Mail/Mailer->send()
#9 C:/dict project/e-certify/e-certify/vendor/laravel/framework/src/Illuminate/Notifications/NotificationSender.php(161): Illuminate/Notifications/Channels/MailChannel->send()
#10 C:/dict project/e-certify/e-certify/vendor/laravel/framework/src/Illuminate/Notifications/NotificationSender.php(116): Illuminate/Notifications/NotificationSender->sendToNotifiable()
#11 C:/dict project/e-certify/e-certify/vendor/laravel/framework/src/Illuminate/Support/Traits/Localizable.php(19): Illuminate/Notifications/NotificationSender->{closure:Illuminate/Notifications/NotificationSender::sendNow():111}()
#12 C:/dict project/e-certify/e-certify/vendor/laravel/framework/src/Illuminate/Notifications/NotificationSender.php(111): Illuminate/Notifications/NotificationSender->withLocale()
#13 C:/dict project/e-certify/e-certify/vendor/laravel/framework/src/Illuminate/Notifications/NotificationSender.php(89): Illuminate/Notifications/NotificationSender->sendNow()
#14 C:/dict project/e-certify/e-certify/vendor/laravel/framework/src/Illuminate/Notifications/ChannelManager.php(47): Illuminate/Notifications/NotificationSender->send()
#15 C:/dict project/e-certify/e-certify/vendor/laravel/framework/src/Illuminate/Notifications/RoutesNotifications.php(18): Illuminate/Notifications/ChannelManager->send()
#16 C:/dict project/e-certify/e-certify/app/Models/User.php(71): App/Models/User->notify()
#17 C:/dict project/e-certify/e-certify/vendor/laravel/framework/src/Illuminate/Auth/Listeners/SendEmailVerificationNotification.php(19): App/Models/User->sendEmailVerificationNotification()
#18 C:/dict project/e-certify/e-certify/vendor/laravel/framework/src/Illuminate/Events/Dispatcher.php(512): Illuminate/Auth/Listeners/SendEmailVerificationNotification->handle()
#19 C:/dict project/e-certify/e-certify/vendor/laravel/framework/src/Illuminate/Events/Dispatcher.php(319): Illuminate/Events/Dispatcher->{closure:Illuminate/Events/Dispatcher::createClassListener():505}()
#20 C:/dict project/e-certify/e-certify/vendor/laravel/framework/src/Illuminate/Events/Dispatcher.php(299): Illuminate/Events/Dispatcher->invokeListeners()
#21 C:/dict project/e-certify/e-certify/vendor/laravel/framework/src/Illuminate/Foundation/helpers.php(505): Illuminate/Events/Dispatcher->dispatch()
#22 C:/dict project/e-certify/e-certify/vendor/laravel/fortify/src/Http/Controllers/RegisteredUserController.php(62): event()
#23 C:/dict project/e-certify/e-certify/vendor/laravel/framework/src/Illuminate/Routing/Controller.php(54): Laravel/Fortify/Http/Controllers/RegisteredUserController->store()
#24 C:/dict project/e-certify/e-certify/vendor/laravel/framework/src/Illuminate/Routing/ControllerDispatcher.php(43): Illuminate/Routing/Controller->callAction()
#25 C:/dict project/e-certify/e-certify/vendor/laravel/framework/src/Illuminate/Routing/Route.php(265): Illuminate/Routing/ControllerDispatcher->dispatch()
#26 C:/dict project/e-certify/e-certify/vendor/laravel/framework/src/Illuminate/Routing/Route.php(211): Illuminate/Routing/Route->runController()
#27 C:/dict project/e-certify/e-certify/vendor/laravel/framework/src/Illuminate/Routing/Router.php(822): Illuminate/Routing/Route->run()
#28 C:/dict project/e-certify/e-certify/vendor/laravel/framework/src/Illuminate/Pipeline/Pipeline.php(180): Illuminate/Routing/Router->{closure:Illuminate/Routing/Router::runRouteWithinStack():821}()
#29 C:/dict project/e-certify/e-certify/vendor/laravel/framework/src/Illuminate/Auth/Middleware/RedirectIfAuthenticated.php(47): Illuminate/Pipeline/Pipeline->{closure:Illuminate/Pipeline/Pipeline::prepareDestination():178}()
#30 C:/dict project/e-certify/e-certify/vendor/laravel/framework/src/Illuminate/Pipeline/Pipeline.php(219): Illuminate/Auth/Middleware/RedirectIfAuthenticated->handle()
#31 C:/dict project/e-certify/e-certify/vendor/laravel/boost/src/Middleware/InjectBoost.php(22): Illuminate/Pipeline/Pipeline->{closure:{closure:Illuminate/Pipeline/Pipeline::carry():194}:195}()
#32 C:/dict project/e-certify/e-certify/vendor/laravel/framework/src/Illuminate/Pipeline/Pipeline.php(219): Laravel/Boost/Middleware/InjectBoost->handle()
#33 C:/dict project/e-certify/e-certify/vendor/laravel/framework/src/Illuminate/Routing/Middleware/SubstituteBindings.php(50): Illuminate/Pipeline/Pipeline->{closure:{closure:Illuminate/Pipeline/Pipeline::carry():194}:195}()
#34 C:/dict project/e-certify/e-certify/vendor/laravel/framework/src/Illuminate/Pipeline/Pipeline.php(219): Illuminate/Routing/Middleware/SubstituteBindings->handle()
#35 C:/dict project/e-certify/e-certify/vendor/laravel/framework/src/Illuminate/Foundation/Http/Middleware/VerifyCsrfToken.php(87): Illuminate/Pipeline/Pipeline->{closure:{closure:Illuminate/Pipeline/Pipeline::carry():194}:195}()
#36 C:/dict project/e-certify/e-certify/vendor/laravel/framework/src/Illuminate/Pipeline/Pipeline.php(219): Illuminate/Foundation/Http/Middleware/VerifyCsrfToken->handle()
#37 C:/dict project/e-certify/e-certify/vendor/laravel/framework/src/Illuminate/View/Middleware/ShareErrorsFromSession.php(48): Illuminate/Pipeline/Pipeline->{closure:{closure:Illuminate/Pipeline/Pipeline::carry():194}:195}()
#38 C:/dict project/e-certify/e-certify/vendor/laravel/framework/src/Illuminate/Pipeline/Pipeline.php(219): Illuminate/View/Middleware/ShareErrorsFromSession->handle()
#39 C:/dict project/e-certify/e-certify/vendor/laravel/framework/src/Illuminate/Session/Middleware/StartSession.php(120): Illuminate/Pipeline/Pipeline->{closure:{closure:Illuminate/Pipeline/Pipeline::carry():194}:195}()
#40 C:/dict project/e-certify/e-certify/vendor/laravel/framework/src/Illuminate/Session/Middleware/StartSession.php(63): Illuminate/Session/Middleware/StartSession->handleStatefulRequest()
#41 C:/dict project/e-certify/e-certify/vendor/laravel/framework/src/Illuminate/Pipeline/Pipeline.php(219): Illuminate/Session/Middleware/StartSession->handle()
#42 C:/dict project/e-certify/e-certify/vendor/laravel/framework/src/Illuminate/Cookie/Middleware/AddQueuedCookiesToResponse.php(36): Illuminate/Pipeline/Pipeline->{closure:{closure:Illuminate/Pipeline/Pipeline::carry():194}:195}()
#43 C:/dict project/e-certify/e-certify/vendor/laravel/framework/src/Illuminate/Pipeline/Pipeline.php(219): Illuminate/Cookie/Middleware/AddQueuedCookiesToResponse->handle()
#44 C:/dict project/e-certify/e-certify/vendor/laravel/framework/src/Illuminate/Cookie/Middleware/EncryptCookies.php(74): Illuminate/Pipeline/Pipeline->{closure:{closure:Illuminate/Pipeline/Pipeline::carry():194}:195}()
#45 C:/dict project/e-certify/e-certify/vendor/laravel/framework/src/Illuminate/Pipeline/Pipeline.php(219): Illuminate/Cookie/Middleware/EncryptCookies->handle()
#46 C:/dict project/e-certify/e-certify/vendor/laravel/framework/src/Illuminate/Pipeline/Pipeline.php(137): Illuminate/Pipeline/Pipeline->{closure:{closure:Illuminate/Pipeline/Pipeline::carry():194}:195}()
#47 C:/dict project/e-certify/e-certify/vendor/laravel/framework/src/Illuminate/Routing/Router.php(821): Illuminate/Pipeline/Pipeline->then()
#48 C:/dict project/e-certify/e-certify/vendor/laravel/framework/src/Illuminate/Routing/Router.php(800): Illuminate/Routing/Router->runRouteWithinStack()
#49 C:/dict project/e-certify/e-certify/vendor/laravel/framework/src/Illuminate/Routing/Router.php(764): Illuminate/Routing/Router->runRoute()
#50 C:/dict project/e-certify/e-certify/vendor/laravel/framework/src/Illuminate/Routing/Router.php(753): Illuminate/Routing/Router->dispatchToRoute()
#51 C:/dict project/e-certify/e-certify/vendor/laravel/framework/src/Illuminate/Foundation/Http/Kernel.php(200): Illuminate/Routing/Router->dispatch()
#52 C:/dict project/e-certify/e-certify/vendor/laravel/framework/src/Illuminate/Pipeline/Pipeline.php(180): Illuminate/Foundation/Http/Kernel->{closure:Illuminate/Foundation/Http/Kernel::dispatchToRouter():197}()
#53 C:/dict project/e-certify/e-certify/vendor/livewire/livewire/src/Features/SupportDisablingBackButtonCache/DisableBackButtonCacheMiddleware.php(19): Illuminate/Pipeline/Pipeline->{closure:Illuminate/Pipeline/Pipeline::prepareDestination():178}()
#54 C:/dict project/e-certify/e-certify/vendor/laravel/framework/src/Illuminate/Pipeline/Pipeline.php(219): Livewire/Features/SupportDisablingBackButtonCache/DisableBackButtonCacheMiddleware->handle()
#55 C:/dict project/e-certify/e-certify/vendor/laravel/framework/src/Illuminate/Foundation/Http/Middleware/TransformsRequest.php(21): Illuminate/Pipeline/Pipeline->{closure:{closure:Illuminate/Pipeline/Pipeline::carry():194}:195}()
#56 C:/dict project/e-certify/e-certify/vendor/laravel/framework/src/Illuminate/Foundation/Http/Middleware/ConvertEmptyStringsToNull.php(31): Illuminate/Foundation/Http/Middleware/TransformsRequest->handle()
#57 C:/dict project/e-certify/e-certify/vendor/laravel/framework/src/Illuminate/Pipeline/Pipeline.php(219): Illuminate/Foundation/Http/Middleware/ConvertEmptyStringsToNull->handle()
#58 C:/dict project/e-certify/e-certify/vendor/laravel/framework/src/Illuminate/Foundation/Http/Middleware/TransformsRequest.php(21): Illuminate/Pipeline/Pipeline->{closure:{closure:Illuminate/Pipeline/Pipeline::carry():194}:195}()
#59 C:/dict project/e-certify/e-certify/vendor/laravel/framework/src/Illuminate/Foundation/Http/Middleware/TrimStrings.php(51): Illuminate/Foundation/Http/Middleware/TransformsRequest->handle()
#60 C:/dict project/e-certify/e-certify/vendor/laravel/framework/src/Illuminate/Pipeline/Pipeline.php(219): Illuminate/Foundation/Http/Middleware/TrimStrings->handle()
#61 C:/dict project/e-certify/e-certify/vendor/laravel/framework/src/Illuminate/Http/Middleware/ValidatePostSize.php(27): Illuminate/Pipeline/Pipeline->{closure:{closure:Illuminate/Pipeline/Pipeline::carry():194}:195}()
#62 C:/dict project/e-certify/e-certify/vendor/laravel/framework/src/Illuminate/Pipeline/Pipeline.php(219): Illuminate/Http/Middleware/ValidatePostSize->handle()
#63 C:/dict project/e-certify/e-certify/vendor/laravel/framework/src/Illuminate/Foundation/Http/Middleware/PreventRequestsDuringMaintenance.php(109): Illuminate/Pipeline/Pipeline->{closure:{closure:Illuminate/Pipeline/Pipeline::carry():194}:195}()
#64 C:/dict project/e-certify/e-certify/vendor/laravel/framework/src/Illuminate/Pipeline/Pipeline.php(219): Illuminate/Foundation/Http/Middleware/PreventRequestsDuringMaintenance->handle()
#65 C:/dict project/e-certify/e-certify/vendor/laravel/framework/src/Illuminate/Http/Middleware/HandleCors.php(61): Illuminate/Pipeline/Pipeline->{closure:{closure:Illuminate/Pipeline/Pipeline::carry():194}:195}()
#66 C:/dict project/e-certify/e-certify/vendor/laravel/framework/src/Illuminate/Pipeline/Pipeline.php(219): Illuminate/Http/Middleware/HandleCors->handle()
#67 C:/dict project/e-certify/e-certify/vendor/laravel/framework/src/Illuminate/Http/Middleware/TrustProxies.php(58): Illuminate/Pipeline/Pipeline->{closure:{closure:Illuminate/Pipeline/Pipeline::carry():194}:195}()
#68 C:/dict project/e-certify/e-certify/vendor/laravel/framework/src/Illuminate/Pipeline/Pipeline.php(219): Illuminate/Http/Middleware/TrustProxies->handle()
#69 C:/dict project/e-certify/e-certify/vendor/laravel/framework/src/Illuminate/Foundation/Http/Middleware/InvokeDeferredCallbacks.php(22): Illuminate/Pipeline/Pipeline->{closure:{closure:Illuminate/Pipeline/Pipeline::carry():194}:195}()
#70 C:/dict project/e-certify/e-certify/vendor/laravel/framework/src/Illuminate/Pipeline/Pipeline.php(219): Illuminate/Foundation/Http/Middleware/InvokeDeferredCallbacks->handle()
#71 C:/dict project/e-certify/e-certify/vendor/laravel/framework/src/Illuminate/Http/Middleware/ValidatePathEncoding.php(26): Illuminate/Pipeline/Pipeline->{closure:{closure:Illuminate/Pipeline/Pipeline::carry():194}:195}()
#72 C:/dict project/e-certify/e-certify/vendor/laravel/framework/src/Illuminate/Pipeline/Pipeline.php(219): Illuminate/Http/Middleware/ValidatePathEncoding->handle()
#73 C:/dict project/e-certify/e-certify/vendor/laravel/framework/src/Illuminate/Pipeline/Pipeline.php(137): Illuminate/Pipeline/Pipeline->{closure:{closure:Illuminate/Pipeline/Pipeline::carry():194}:195}()
#74 C:/dict project/e-certify/e-certify/vendor/laravel/framework/src/Illuminate/Foundation/Http/Kernel.php(175): Illuminate/Pipeline/Pipeline->then()
#75 C:/dict project/e-certify/e-certify/vendor/laravel/framework/src/Illuminate/Foundation/Http/Kernel.php(144): Illuminate/Foundation/Http/Kernel->sendRequestThroughRouter()
#76 C:/dict project/e-certify/e-certify/vendor/laravel/framework/src/Illuminate/Foundation/Application.php(1220): Illuminate/Foundation/Http/Kernel->handle()
#77 C:/dict project/e-certify/e-certify/public/index.php(20): Illuminate/Foundation/Application->handleRequest()
#78 C:/dict project/e-certify/e-certify/vendor/laravel/framework/src/Illuminate/Foundation/resources/server.php(23): require_once('...')
#79 {main}
"} 
[2026-03-10 02:25:18] local.ERROR: Connection could not be established with host "smtp.gmail.com:587": stream_socket_client(): php_network_getaddresses: getaddrinfo for smtp.gmail.com failed: No such host is known {"exception":"[object] (Symfony\\Component\\Mailer\\Exception\\TransportException(code: 0): Connection could not be established with host \"smtp.gmail.com:587\": stream_socket_client(): php_network_getaddresses: getaddrinfo for smtp.gmail.com failed: No such host is known at C:/dict project/e-certify/e-certify/vendor/symfony/mailer/Transport/Smtp/Stream/SocketStream.php:154)
[stacktrace]
#0 [internal function]: Symfony/Component/Mailer/Transport/Smtp/Stream/SocketStream->{closure:Symfony/Component/Mailer/Transport/Smtp/Stream/SocketStream::initialize():153}()
#1 C:/dict project/e-certify/e-certify/vendor/symfony/mailer/Transport/Smtp/Stream/SocketStream.php(157): stream_socket_client()
#2 C:/dict project/e-certify/e-certify/vendor/symfony/mailer/Transport/Smtp/SmtpTransport.php(268): Symfony/Component/Mailer/Transport/Smtp/Stream/SocketStream->initialize()
#3 C:/dict project/e-certify/e-certify/vendor/symfony/mailer/Transport/Smtp/SmtpTransport.php(200): Symfony/Component/Mailer/Transport/Smtp/SmtpTransport->start()
#4 C:/dict project/e-certify/e-certify/vendor/symfony/mailer/Transport/AbstractTransport.php(69): Symfony/Component/Mailer/Transport/Smtp/SmtpTransport->doSend()
#5 C:/dict project/e-certify/e-certify/vendor/symfony/mailer/Transport/Smtp/SmtpTransport.php(138): Symfony/Component/Mailer/Transport/AbstractTransport->send()
#6 C:/dict project/e-certify/e-certify/vendor/laravel/framework/src/Illuminate/Mail/Mailer.php(584): Symfony/Component/Mailer/Transport/Smtp/SmtpTransport->send()
#7 C:/dict project/e-certify/e-certify/vendor/laravel/framework/src/Illuminate/Mail/Mailer.php(331): Illuminate/Mail/Mailer->sendSymfonyMessage()
#8 C:/dict project/e-certify/e-certify/vendor/laravel/framework/src/Illuminate/Notifications/Channels/MailChannel.php(66): Illuminate/Mail/Mailer->send()
#9 C:/dict project/e-certify/e-certify/vendor/laravel/framework/src/Illuminate/Notifications/NotificationSender.php(161): Illuminate/Notifications/Channels/MailChannel->send()
#10 C:/dict project/e-certify/e-certify/vendor/laravel/framework/src/Illuminate/Notifications/NotificationSender.php(116): Illuminate/Notifications/NotificationSender->sendToNotifiable()
#11 C:/dict project/e-certify/e-certify/vendor/laravel/framework/src/Illuminate/Support/Traits/Localizable.php(19): Illuminate/Notifications/NotificationSender->{closure:Illuminate/Notifications/NotificationSender::sendNow():111}()
#12 C:/dict project/e-certify/e-certify/vendor/laravel/framework/src/Illuminate/Notifications/NotificationSender.php(111): Illuminate/Notifications/NotificationSender->withLocale()
#13 C:/dict project/e-certify/e-certify/vendor/laravel/framework/src/Illuminate/Notifications/NotificationSender.php(89): Illuminate/Notifications/NotificationSender->sendNow()
#14 C:/dict project/e-certify/e-certify/vendor/laravel/framework/src/Illuminate/Notifications/ChannelManager.php(47): Illuminate/Notifications/NotificationSender->send()
#15 C:/dict project/e-certify/e-certify/vendor/laravel/framework/src/Illuminate/Notifications/RoutesNotifications.php(18): Illuminate/Notifications/ChannelManager->send()
#16 C:/dict project/e-certify/e-certify/app/Models/User.php(71): App/Models/User->notify()
#17 C:/dict project/e-certify/e-certify/vendor/laravel/framework/src/Illuminate/Auth/Listeners/SendEmailVerificationNotification.php(19): App/Models/User->sendEmailVerificationNotification()
#18 C:/dict project/e-certify/e-certify/vendor/laravel/framework/src/Illuminate/Events/Dispatcher.php(512): Illuminate/Auth/Listeners/SendEmailVerificationNotification->handle()
#19 C:/dict project/e-certify/e-certify/vendor/laravel/framework/src/Illuminate/Events/Dispatcher.php(319): Illuminate/Events/Dispatcher->{closure:Illuminate/Events/Dispatcher::createClassListener():505}()
#20 C:/dict project/e-certify/e-certify/vendor/laravel/framework/src/Illuminate/Events/Dispatcher.php(299): Illuminate/Events/Dispatcher->invokeListeners()
#21 C:/dict project/e-certify/e-certify/vendor/laravel/framework/src/Illuminate/Foundation/helpers.php(505): Illuminate/Events/Dispatcher->dispatch()
#22 C:/dict project/e-certify/e-certify/vendor/laravel/fortify/src/Http/Controllers/RegisteredUserController.php(62): event()
#23 C:/dict project/e-certify/e-certify/vendor/laravel/framework/src/Illuminate/Routing/Controller.php(54): Laravel/Fortify/Http/Controllers/RegisteredUserController->store()
#24 C:/dict project/e-certify/e-certify/vendor/laravel/framework/src/Illuminate/Routing/ControllerDispatcher.php(43): Illuminate/Routing/Controller->callAction()
#25 C:/dict project/e-certify/e-certify/vendor/laravel/framework/src/Illuminate/Routing/Route.php(265): Illuminate/Routing/ControllerDispatcher->dispatch()
#26 C:/dict project/e-certify/e-certify/vendor/laravel/framework/src/Illuminate/Routing/Route.php(211): Illuminate/Routing/Route->runController()
#27 C:/dict project/e-certify/e-certify/vendor/laravel/framework/src/Illuminate/Routing/Router.php(822): Illuminate/Routing/Route->run()
#28 C:/dict project/e-certify/e-certify/vendor/laravel/framework/src/Illuminate/Pipeline/Pipeline.php(180): Illuminate/Routing/Router->{closure:Illuminate/Routing/Router::runRouteWithinStack():821}()
#29 C:/dict project/e-certify/e-certify/vendor/laravel/framework/src/Illuminate/Auth/Middleware/RedirectIfAuthenticated.php(47): Illuminate/Pipeline/Pipeline->{closure:Illuminate/Pipeline/Pipeline::prepareDestination():178}()
#30 C:/dict project/e-certify/e-certify/vendor/laravel/framework/src/Illuminate/Pipeline/Pipeline.php(219): Illuminate/Auth/Middleware/RedirectIfAuthenticated->handle()
#31 C:/dict project/e-certify/e-certify/vendor/laravel/boost/src/Middleware/InjectBoost.php(22): Illuminate/Pipeline/Pipeline->{closure:{closure:Illuminate/Pipeline/Pipeline::carry():194}:195}()
#32 C:/dict project/e-certify/e-certify/vendor/laravel/framework/src/Illuminate/Pipeline/Pipeline.php(219): Laravel/Boost/Middleware/InjectBoost->handle()
#33 C:/dict project/e-certify/e-certify/vendor/laravel/framework/src/Illuminate/Routing/Middleware/SubstituteBindings.php(50): Illuminate/Pipeline/Pipeline->{closure:{closure:Illuminate/Pipeline/Pipeline::carry():194}:195}()
#34 C:/dict project/e-certify/e-certify/vendor/laravel/framework/src/Illuminate/Pipeline/Pipeline.php(219): Illuminate/Routing/Middleware/SubstituteBindings->handle()
#35 C:/dict project/e-certify/e-certify/vendor/laravel/framework/src/Illuminate/Foundation/Http/Middleware/VerifyCsrfToken.php(87): Illuminate/Pipeline/Pipeline->{closure:{closure:Illuminate/Pipeline/Pipeline::carry():194}:195}()
#36 C:/dict project/e-certify/e-certify/vendor/laravel/framework/src/Illuminate/Pipeline/Pipeline.php(219): Illuminate/Foundation/Http/Middleware/VerifyCsrfToken->handle()
#37 C:/dict project/e-certify/e-certify/vendor/laravel/framework/src/Illuminate/View/Middleware/ShareErrorsFromSession.php(48): Illuminate/Pipeline/Pipeline->{closure:{closure:Illuminate/Pipeline/Pipeline::carry():194}:195}()
#38 C:/dict project/e-certify/e-certify/vendor/laravel/framework/src/Illuminate/Pipeline/Pipeline.php(219): Illuminate/View/Middleware/ShareErrorsFromSession->handle()
#39 C:/dict project/e-certify/e-certify/vendor/laravel/framework/src/Illuminate/Session/Middleware/StartSession.php(120): Illuminate/Pipeline/Pipeline->{closure:{closure:Illuminate/Pipeline/Pipeline::carry():194}:195}()
#40 C:/dict project/e-certify/e-certify/vendor/laravel/framework/src/Illuminate/Session/Middleware/StartSession.php(63): Illuminate/Session/Middleware/StartSession->handleStatefulRequest()
#41 C:/dict project/e-certify/e-certify/vendor/laravel/framework/src/Illuminate/Pipeline/Pipeline.php(219): Illuminate/Session/Middleware/StartSession->handle()
#42 C:/dict project/e-certify/e-certify/vendor/laravel/framework/src/Illuminate/Cookie/Middleware/AddQueuedCookiesToResponse.php(36): Illuminate/Pipeline/Pipeline->{closure:{closure:Illuminate/Pipeline/Pipeline::carry():194}:195}()
#43 C:/dict project/e-certify/e-certify/vendor/laravel/framework/src/Illuminate/Pipeline/Pipeline.php(219): Illuminate/Cookie/Middleware/AddQueuedCookiesToResponse->handle()
#44 C:/dict project/e-certify/e-certify/vendor/laravel/framework/src/Illuminate/Cookie/Middleware/EncryptCookies.php(74): Illuminate/Pipeline/Pipeline->{closure:{closure:Illuminate/Pipeline/Pipeline::carry():194}:195}()
#45 C:/dict project/e-certify/e-certify/vendor/laravel/framework/src/Illuminate/Pipeline/Pipeline.php(219): Illuminate/Cookie/Middleware/EncryptCookies->handle()
#46 C:/dict project/e-certify/e-certify/vendor/laravel/framework/src/Illuminate/Pipeline/Pipeline.php(137): Illuminate/Pipeline/Pipeline->{closure:{closure:Illuminate/Pipeline/Pipeline::carry():194}:195}()
#47 C:/dict project/e-certify/e-certify/vendor/laravel/framework/src/Illuminate/Routing/Router.php(821): Illuminate/Pipeline/Pipeline->then()
#48 C:/dict project/e-certify/e-certify/vendor/laravel/framework/src/Illuminate/Routing/Router.php(800): Illuminate/Routing/Router->runRouteWithinStack()
#49 C:/dict project/e-certify/e-certify/vendor/laravel/framework/src/Illuminate/Routing/Router.php(764): Illuminate/Routing/Router->runRoute()
#50 C:/dict project/e-certify/e-certify/vendor/laravel/framework/src/Illuminate/Routing/Router.php(753): Illuminate/Routing/Router->dispatchToRoute()
#51 C:/dict project/e-certify/e-certify/vendor/laravel/framework/src/Illuminate/Foundation/Http/Kernel.php(200): Illuminate/Routing/Router->dispatch()
#52 C:/dict project/e-certify/e-certify/vendor/laravel/framework/src/Illuminate/Pipeline/Pipeline.php(180): Illuminate/Foundation/Http/Kernel->{closure:Illuminate/Foundation/Http/Kernel::dispatchToRouter():197}()
#53 C:/dict project/e-certify/e-certify/vendor/livewire/livewire/src/Features/SupportDisablingBackButtonCache/DisableBackButtonCacheMiddleware.php(19): Illuminate/Pipeline/Pipeline->{closure:Illuminate/Pipeline/Pipeline::prepareDestination():178}()
#54 C:/dict project/e-certify/e-certify/vendor/laravel/framework/src/Illuminate/Pipeline/Pipeline.php(219): Livewire/Features/SupportDisablingBackButtonCache/DisableBackButtonCacheMiddleware->handle()
#55 C:/dict project/e-certify/e-certify/vendor/laravel/framework/src/Illuminate/Foundation/Http/Middleware/TransformsRequest.php(21): Illuminate/Pipeline/Pipeline->{closure:{closure:Illuminate/Pipeline/Pipeline::carry():194}:195}()
#56 C:/dict project/e-certify/e-certify/vendor/laravel/framework/src/Illuminate/Foundation/Http/Middleware/ConvertEmptyStringsToNull.php(31): Illuminate/Foundation/Http/Middleware/TransformsRequest->handle()
#57 C:/dict project/e-certify/e-certify/vendor/laravel/framework/src/Illuminate/Pipeline/Pipeline.php(219): Illuminate/Foundation/Http/Middleware/ConvertEmptyStringsToNull->handle()
#58 C:/dict project/e-certify/e-certify/vendor/laravel/framework/src/Illuminate/Foundation/Http/Middleware/TransformsRequest.php(21): Illuminate/Pipeline/Pipeline->{closure:{closure:Illuminate/Pipeline/Pipeline::carry():194}:195}()
#59 C:/dict project/e-certify/e-certify/vendor/laravel/framework/src/Illuminate/Foundation/Http/Middleware/TrimStrings.php(51): Illuminate/Foundation/Http/Middleware/TransformsRequest->handle()
#60 C:/dict project/e-certify/e-certify/vendor/laravel/framework/src/Illuminate/Pipeline/Pipeline.php(219): Illuminate/Foundation/Http/Middleware/TrimStrings->handle()
#61 C:/dict project/e-certify/e-certify/vendor/laravel/framework/src/Illuminate/Http/Middleware/ValidatePostSize.php(27): Illuminate/Pipeline/Pipeline->{closure:{closure:Illuminate/Pipeline/Pipeline::carry():194}:195}()
#62 C:/dict project/e-certify/e-certify/vendor/laravel/framework/src/Illuminate/Pipeline/Pipeline.php(219): Illuminate/Http/Middleware/ValidatePostSize->handle()
#63 C:/dict project/e-certify/e-certify/vendor/laravel/framework/src/Illuminate/Foundation/Http/Middleware/PreventRequestsDuringMaintenance.php(109): Illuminate/Pipeline/Pipeline->{closure:{closure:Illuminate/Pipeline/Pipeline::carry():194}:195}()
#64 C:/dict project/e-certify/e-certify/vendor/laravel/framework/src/Illuminate/Pipeline/Pipeline.php(219): Illuminate/Foundation/Http/Middleware/PreventRequestsDuringMaintenance->handle()
#65 C:/dict project/e-certify/e-certify/vendor/laravel/framework/src/Illuminate/Http/Middleware/HandleCors.php(61): Illuminate/Pipeline/Pipeline->{closure:{closure:Illuminate/Pipeline/Pipeline::carry():194}:195}()
#66 C:/dict project/e-certify/e-certify/vendor/laravel/framework/src/Illuminate/Pipeline/Pipeline.php(219): Illuminate/Http/Middleware/HandleCors->handle()
#67 C:/dict project/e-certify/e-certify/vendor/laravel/framework/src/Illuminate/Http/Middleware/TrustProxies.php(58): Illuminate/Pipeline/Pipeline->{closure:{closure:Illuminate/Pipeline/Pipeline::carry():194}:195}()
#68 C:/dict project/e-certify/e-certify/vendor/laravel/framework/src/Illuminate/Pipeline/Pipeline.php(219): Illuminate/Http/Middleware/TrustProxies->handle()
#69 C:/dict project/e-certify/e-certify/vendor/laravel/framework/src/Illuminate/Foundation/Http/Middleware/InvokeDeferredCallbacks.php(22): Illuminate/Pipeline/Pipeline->{closure:{closure:Illuminate/Pipeline/Pipeline::carry():194}:195}()
#70 C:/dict project/e-certify/e-certify/vendor/laravel/framework/src/Illuminate/Pipeline/Pipeline.php(219): Illuminate/Foundation/Http/Middleware/InvokeDeferredCallbacks->handle()
#71 C:/dict project/e-certify/e-certify/vendor/laravel/framework/src/Illuminate/Http/Middleware/ValidatePathEncoding.php(26): Illuminate/Pipeline/Pipeline->{closure:{closure:Illuminate/Pipeline/Pipeline::carry():194}:195}()
#72 C:/dict project/e-certify/e-certify/vendor/laravel/framework/src/Illuminate/Pipeline/Pipeline.php(219): Illuminate/Http/Middleware/ValidatePathEncoding->handle()
#73 C:/dict project/e-certify/e-certify/vendor/laravel/framework/src/Illuminate/Pipeline/Pipeline.php(137): Illuminate/Pipeline/Pipeline->{closure:{closure:Illuminate/Pipeline/Pipeline::carry():194}:195}()
#74 C:/dict project/e-certify/e-certify/vendor/laravel/framework/src/Illuminate/Foundation/Http/Kernel.php(175): Illuminate/Pipeline/Pipeline->then()
#75 C:/dict project/e-certify/e-certify/vendor/laravel/framework/src/Illuminate/Foundation/Http/Kernel.php(144): Illuminate/Foundation/Http/Kernel->sendRequestThroughRouter()
#76 C:/dict project/e-certify/e-certify/vendor/laravel/framework/src/Illuminate/Foundation/Application.php(1220): Illuminate/Foundation/Http/Kernel->handle()
#77 C:/dict project/e-certify/e-certify/public/index.php(20): Illuminate/Foundation/Application->handleRequest()
#78 C:/dict project/e-certify/e-certify/vendor/laravel/framework/src/Illuminate/Foundation/resources/server.php(23): require_once('...')
#79 {main}
"} 
[2026-03-10 02:27:51] local.ERROR: PHP Parse error: Syntax error, unexpected T_NS_SEPARATOR on line 1 {"exception":"[object] (Psy\\Exception\\ParseErrorException(code: 0): PHP Parse error: Syntax error, unexpected T_NS_SEPARATOR on line 1 at C:/dict project/e-certify/e-certify/vendor/psy/psysh/src/Exception/ParseErrorException.php:44)
[stacktrace]
#0 C:/dict project/e-certify/e-certify/vendor/psy/psysh/src/CodeCleaner.php(488): Psy/Exception/ParseErrorException::fromParseError()
#1 C:/dict project/e-certify/e-certify/vendor/psy/psysh/src/CodeCleaner.php(269): Psy/CodeCleaner->parse()
#2 C:/dict project/e-certify/e-certify/vendor/psy/psysh/src/Shell.php(1059): Psy/CodeCleaner->clean()
#3 C:/dict project/e-certify/e-certify/vendor/psy/psysh/src/Shell.php(1092): Psy/Shell->addCode()
#4 C:/dict project/e-certify/e-certify/vendor/psy/psysh/src/Shell.php(1640): Psy/Shell->setCode()
#5 C:/dict project/e-certify/e-certify/vendor/laravel/tinker/src/Console/TinkerCommand.php(77): Psy/Shell->execute()
#6 C:/dict project/e-certify/e-certify/vendor/laravel/framework/src/Illuminate/Container/BoundMethod.php(36): Laravel/Tinker/Console/TinkerCommand->handle()
#7 C:/dict project/e-certify/e-certify/vendor/laravel/framework/src/Illuminate/Container/Util.php(43): Illuminate/Container/BoundMethod::{closure:Illuminate/Container/BoundMethod::call():35}()
#8 C:/dict project/e-certify/e-certify/vendor/laravel/framework/src/Illuminate/Container/BoundMethod.php(96): Illuminate/Container/Util::unwrapIfClosure()
#9 C:/dict project/e-certify/e-certify/vendor/laravel/framework/src/Illuminate/Container/BoundMethod.php(35): Illuminate/Container/BoundMethod::callBoundMethod()
#10 C:/dict project/e-certify/e-certify/vendor/laravel/framework/src/Illuminate/Container/Container.php(799): Illuminate/Container/BoundMethod::call()
#11 C:/dict project/e-certify/e-certify/vendor/laravel/framework/src/Illuminate/Console/Command.php(211): Illuminate/Container/Container->call()
#12 C:/dict project/e-certify/e-certify/vendor/symfony/console/Command/Command.php(341): Illuminate/Console/Command->execute()
#13 C:/dict project/e-certify/e-certify/vendor/laravel/framework/src/Illuminate/Console/Command.php(180): Symfony/Component/Console/Command/Command->run()
#14 C:/dict project/e-certify/e-certify/vendor/symfony/console/Application.php(1117): Illuminate/Console/Command->run()
#15 C:/dict project/e-certify/e-certify/vendor/symfony/console/Application.php(356): Symfony/Component/Console/Application->doRunCommand()
#16 C:/dict project/e-certify/e-certify/vendor/symfony/console/Application.php(195): Symfony/Component/Console/Application->doRun()
#17 C:/dict project/e-certify/e-certify/vendor/laravel/framework/src/Illuminate/Foundation/Console/Kernel.php(198): Symfony/Component/Console/Application->run()
#18 C:/dict project/e-certify/e-certify/vendor/laravel/framework/src/Illuminate/Foundation/Application.php(1235): Illuminate/Foundation/Console/Kernel->handle()
#19 C:/dict project/e-certify/e-certify/artisan(16): Illuminate/Foundation/Application->handleCommand()
#20 {main}
"} 
[2026-03-10 02:35:53] local.ERROR: Failed to authenticate on SMTP server with username "noreply.ecertify.dict@gmail.com" using the following authenticators: "LOGIN", "PLAIN", "XOAUTH2". Authenticator "LOGIN" returned "Expected response code "235" but got code "535", with message "535-5.7.8 Username and Password not accepted. For more information, go to
535 5.7.8  https://support.google.com/mail/?p=BadCredentials d9443c01a7336-2ae83e9c965sm133524945ad.32 - gsmtp".". Authenticator "PLAIN" returned "Expected response code "235" but got code "535", with message "535-5.7.8 Username and Password not accepted. For more information, go to
535 5.7.8  https://support.google.com/mail/?p=BadCredentials d9443c01a7336-2ae83e9c965sm133524945ad.32 - gsmtp".". Authenticator "XOAUTH2" returned "Expected response code "235" but got code "334", with message "334 eyJzdGF0dXMiOiI0MDAiLCJzY2hlbWVzIjoiQmVhcmVyIiwic2NvcGUiOiJodHRwczovL21haWwuZ29vZ2xlLmNvbS8ifQ==".". {"exception":"[object] (Symfony\\Component\\Mailer\\Exception\\TransportException(code: 334): Failed to authenticate on SMTP server with username \"noreply.ecertify.dict@gmail.com\" using the following authenticators: \"LOGIN\", \"PLAIN\", \"XOAUTH2\". Authenticator \"LOGIN\" returned \"Expected response code \"235\" but got code \"535\", with message \"535-5.7.8 Username and Password not accepted. For more information, go to

535 5.7.8  https://support.google.com/mail/?p=BadCredentials d9443c01a7336-2ae83e9c965sm133524945ad.32 - gsmtp\".\". Authenticator \"PLAIN\" returned \"Expected response code \"235\" but got code \"535\", with message \"535-5.7.8 Username and Password not accepted. For more information, go to

535 5.7.8  https://support.google.com/mail/?p=BadCredentials d9443c01a7336-2ae83e9c965sm133524945ad.32 - gsmtp\".\". Authenticator \"XOAUTH2\" returned \"Expected response code \"235\" but got code \"334\", with message \"334 eyJzdGF0dXMiOiI0MDAiLCJzY2hlbWVzIjoiQmVhcmVyIiwic2NvcGUiOiJodHRwczovL21haWwuZ29vZ2xlLmNvbS8ifQ==\".\". at C:/dict project/e-certify/e-certify/vendor/symfony/mailer/Transport/Smtp/EsmtpTransport.php:269)
[stacktrace]
#0 C:/dict project/e-certify/e-certify/vendor/symfony/mailer/Transport/Smtp/EsmtpTransport.php(199): Symfony/Component/Mailer/Transport/Smtp/EsmtpTransport->handleAuth()
#1 C:/dict project/e-certify/e-certify/vendor/symfony/mailer/Transport/Smtp/EsmtpTransport.php(150): Symfony/Component/Mailer/Transport/Smtp/EsmtpTransport->doEhloCommand()
#2 C:/dict project/e-certify/e-certify/vendor/symfony/mailer/Transport/Smtp/SmtpTransport.php(244): Symfony/Component/Mailer/Transport/Smtp/EsmtpTransport->executeCommand()
#3 C:/dict project/e-certify/e-certify/vendor/symfony/mailer/Transport/Smtp/SmtpTransport.php(270): Symfony/Component/Mailer/Transport/Smtp/SmtpTransport->doHeloCommand()
#4 C:/dict project/e-certify/e-certify/vendor/symfony/mailer/Transport/Smtp/SmtpTransport.php(200): Symfony/Component/Mailer/Transport/Smtp/SmtpTransport->start()
#5 C:/dict project/e-certify/e-certify/vendor/symfony/mailer/Transport/AbstractTransport.php(69): Symfony/Component/Mailer/Transport/Smtp/SmtpTransport->doSend()
#6 C:/dict project/e-certify/e-certify/vendor/symfony/mailer/Transport/Smtp/SmtpTransport.php(138): Symfony/Component/Mailer/Transport/AbstractTransport->send()
#7 C:/dict project/e-certify/e-certify/vendor/laravel/framework/src/Illuminate/Mail/Mailer.php(584): Symfony/Component/Mailer/Transport/Smtp/SmtpTransport->send()
#8 C:/dict project/e-certify/e-certify/vendor/laravel/framework/src/Illuminate/Mail/Mailer.php(331): Illuminate/Mail/Mailer->sendSymfonyMessage()
#9 C:/dict project/e-certify/e-certify/vendor/laravel/framework/src/Illuminate/Notifications/Channels/MailChannel.php(66): Illuminate/Mail/Mailer->send()
#10 C:/dict project/e-certify/e-certify/vendor/laravel/framework/src/Illuminate/Notifications/NotificationSender.php(161): Illuminate/Notifications/Channels/MailChannel->send()
#11 C:/dict project/e-certify/e-certify/vendor/laravel/framework/src/Illuminate/Notifications/NotificationSender.php(116): Illuminate/Notifications/NotificationSender->sendToNotifiable()
#12 C:/dict project/e-certify/e-certify/vendor/laravel/framework/src/Illuminate/Support/Traits/Localizable.php(19): Illuminate/Notifications/NotificationSender->{closure:Illuminate/Notifications/NotificationSender::sendNow():111}()
#13 C:/dict project/e-certify/e-certify/vendor/laravel/framework/src/Illuminate/Notifications/NotificationSender.php(111): Illuminate/Notifications/NotificationSender->withLocale()
#14 C:/dict project/e-certify/e-certify/vendor/laravel/framework/src/Illuminate/Notifications/NotificationSender.php(89): Illuminate/Notifications/NotificationSender->sendNow()
#15 C:/dict project/e-certify/e-certify/vendor/laravel/framework/src/Illuminate/Notifications/ChannelManager.php(47): Illuminate/Notifications/NotificationSender->send()
#16 C:/dict project/e-certify/e-certify/vendor/laravel/framework/src/Illuminate/Notifications/RoutesNotifications.php(18): Illuminate/Notifications/ChannelManager->send()
#17 C:/dict project/e-certify/e-certify/app/Models/User.php(71): App/Models/User->notify()
#18 C:/dict project/e-certify/e-certify/vendor/laravel/framework/src/Illuminate/Auth/Listeners/SendEmailVerificationNotification.php(19): App/Models/User->sendEmailVerificationNotification()
#19 C:/dict project/e-certify/e-certify/vendor/laravel/framework/src/Illuminate/Events/Dispatcher.php(512): Illuminate/Auth/Listeners/SendEmailVerificationNotification->handle()
#20 C:/dict project/e-certify/e-certify/vendor/laravel/framework/src/Illuminate/Events/Dispatcher.php(319): Illuminate/Events/Dispatcher->{closure:Illuminate/Events/Dispatcher::createClassListener():505}()
#21 C:/dict project/e-certify/e-certify/vendor/laravel/framework/src/Illuminate/Events/Dispatcher.php(299): Illuminate/Events/Dispatcher->invokeListeners()
#22 C:/dict project/e-certify/e-certify/vendor/laravel/framework/src/Illuminate/Foundation/helpers.php(505): Illuminate/Events/Dispatcher->dispatch()
#23 C:/dict project/e-certify/e-certify/vendor/laravel/fortify/src/Http/Controllers/RegisteredUserController.php(62): event()
#24 C:/dict project/e-certify/e-certify/vendor/laravel/framework/src/Illuminate/Routing/Controller.php(54): Laravel/Fortify/Http/Controllers/RegisteredUserController->store()
#25 C:/dict project/e-certify/e-certify/vendor/laravel/framework/src/Illuminate/Routing/ControllerDispatcher.php(43): Illuminate/Routing/Controller->callAction()
#26 C:/dict project/e-certify/e-certify/vendor/laravel/framework/src/Illuminate/Routing/Route.php(265): Illuminate/Routing/ControllerDispatcher->dispatch()
#27 C:/dict project/e-certify/e-certify/vendor/laravel/framework/src/Illuminate/Routing/Route.php(211): Illuminate/Routing/Route->runController()
#28 C:/dict project/e-certify/e-certify/vendor/laravel/framework/src/Illuminate/Routing/Router.php(822): Illuminate/Routing/Route->run()
#29 C:/dict project/e-certify/e-certify/vendor/laravel/framework/src/Illuminate/Pipeline/Pipeline.php(180): Illuminate/Routing/Router->{closure:Illuminate/Routing/Router::runRouteWithinStack():821}()
#30 C:/dict project/e-certify/e-certify/vendor/laravel/framework/src/Illuminate/Auth/Middleware/RedirectIfAuthenticated.php(47): Illuminate/Pipeline/Pipeline->{closure:Illuminate/Pipeline/Pipeline::prepareDestination():178}()
#31 C:/dict project/e-certify/e-certify/vendor/laravel/framework/src/Illuminate/Pipeline/Pipeline.php(219): Illuminate/Auth/Middleware/RedirectIfAuthenticated->handle()
#32 C:/dict project/e-certify/e-certify/vendor/laravel/boost/src/Middleware/InjectBoost.php(22): Illuminate/Pipeline/Pipeline->{closure:{closure:Illuminate/Pipeline/Pipeline::carry():194}:195}()
#33 C:/dict project/e-certify/e-certify/vendor/laravel/framework/src/Illuminate/Pipeline/Pipeline.php(219): Laravel/Boost/Middleware/InjectBoost->handle()
#34 C:/dict project/e-certify/e-certify/vendor/laravel/framework/src/Illuminate/Routing/Middleware/SubstituteBindings.php(50): Illuminate/Pipeline/Pipeline->{closure:{closure:Illuminate/Pipeline/Pipeline::carry():194}:195}()
#35 C:/dict project/e-certify/e-certify/vendor/laravel/framework/src/Illuminate/Pipeline/Pipeline.php(219): Illuminate/Routing/Middleware/SubstituteBindings->handle()
#36 C:/dict project/e-certify/e-certify/vendor/laravel/framework/src/Illuminate/Foundation/Http/Middleware/VerifyCsrfToken.php(87): Illuminate/Pipeline/Pipeline->{closure:{closure:Illuminate/Pipeline/Pipeline::carry():194}:195}()
#37 C:/dict project/e-certify/e-certify/vendor/laravel/framework/src/Illuminate/Pipeline/Pipeline.php(219): Illuminate/Foundation/Http/Middleware/VerifyCsrfToken->handle()
#38 C:/dict project/e-certify/e-certify/vendor/laravel/framework/src/Illuminate/View/Middleware/ShareErrorsFromSession.php(48): Illuminate/Pipeline/Pipeline->{closure:{closure:Illuminate/Pipeline/Pipeline::carry():194}:195}()
#39 C:/dict project/e-certify/e-certify/vendor/laravel/framework/src/Illuminate/Pipeline/Pipeline.php(219): Illuminate/View/Middleware/ShareErrorsFromSession->handle()
#40 C:/dict project/e-certify/e-certify/vendor/laravel/framework/src/Illuminate/Session/Middleware/StartSession.php(120): Illuminate/Pipeline/Pipeline->{closure:{closure:Illuminate/Pipeline/Pipeline::carry():194}:195}()
#41 C:/dict project/e-certify/e-certify/vendor/laravel/framework/src/Illuminate/Session/Middleware/StartSession.php(63): Illuminate/Session/Middleware/StartSession->handleStatefulRequest()
#42 C:/dict project/e-certify/e-certify/vendor/laravel/framework/src/Illuminate/Pipeline/Pipeline.php(219): Illuminate/Session/Middleware/StartSession->handle()
#43 C:/dict project/e-certify/e-certify/vendor/laravel/framework/src/Illuminate/Cookie/Middleware/AddQueuedCookiesToResponse.php(36): Illuminate/Pipeline/Pipeline->{closure:{closure:Illuminate/Pipeline/Pipeline::carry():194}:195}()
#44 C:/dict project/e-certify/e-certify/vendor/laravel/framework/src/Illuminate/Pipeline/Pipeline.php(219): Illuminate/Cookie/Middleware/AddQueuedCookiesToResponse->handle()
#45 C:/dict project/e-certify/e-certify/vendor/laravel/framework/src/Illuminate/Cookie/Middleware/EncryptCookies.php(74): Illuminate/Pipeline/Pipeline->{closure:{closure:Illuminate/Pipeline/Pipeline::carry():194}:195}()
#46 C:/dict project/e-certify/e-certify/vendor/laravel/framework/src/Illuminate/Pipeline/Pipeline.php(219): Illuminate/Cookie/Middleware/EncryptCookies->handle()
#47 C:/dict project/e-certify/e-certify/vendor/laravel/framework/src/Illuminate/Pipeline/Pipeline.php(137): Illuminate/Pipeline/Pipeline->{closure:{closure:Illuminate/Pipeline/Pipeline::carry():194}:195}()
#48 C:/dict project/e-certify/e-certify/vendor/laravel/framework/src/Illuminate/Routing/Router.php(821): Illuminate/Pipeline/Pipeline->then()
#49 C:/dict project/e-certify/e-certify/vendor/laravel/framework/src/Illuminate/Routing/Router.php(800): Illuminate/Routing/Router->runRouteWithinStack()
#50 C:/dict project/e-certify/e-certify/vendor/laravel/framework/src/Illuminate/Routing/Router.php(764): Illuminate/Routing/Router->runRoute()
#51 C:/dict project/e-certify/e-certify/vendor/laravel/framework/src/Illuminate/Routing/Router.php(753): Illuminate/Routing/Router->dispatchToRoute()
#52 C:/dict project/e-certify/e-certify/vendor/laravel/framework/src/Illuminate/Foundation/Http/Kernel.php(200): Illuminate/Routing/Router->dispatch()
#53 C:/dict project/e-certify/e-certify/vendor/laravel/framework/src/Illuminate/Pipeline/Pipeline.php(180): Illuminate/Foundation/Http/Kernel->{closure:Illuminate/Foundation/Http/Kernel::dispatchToRouter():197}()
#54 C:/dict project/e-certify/e-certify/vendor/livewire/livewire/src/Features/SupportDisablingBackButtonCache/DisableBackButtonCacheMiddleware.php(19): Illuminate/Pipeline/Pipeline->{closure:Illuminate/Pipeline/Pipeline::prepareDestination():178}()
#55 C:/dict project/e-certify/e-certify/vendor/laravel/framework/src/Illuminate/Pipeline/Pipeline.php(219): Livewire/Features/SupportDisablingBackButtonCache/DisableBackButtonCacheMiddleware->handle()
#56 C:/dict project/e-certify/e-certify/vendor/laravel/framework/src/Illuminate/Foundation/Http/Middleware/TransformsRequest.php(21): Illuminate/Pipeline/Pipeline->{closure:{closure:Illuminate/Pipeline/Pipeline::carry():194}:195}()
#57 C:/dict project/e-certify/e-certify/vendor/laravel/framework/src/Illuminate/Foundation/Http/Middleware/ConvertEmptyStringsToNull.php(31): Illuminate/Foundation/Http/Middleware/TransformsRequest->handle()
#58 C:/dict project/e-certify/e-certify/vendor/laravel/framework/src/Illuminate/Pipeline/Pipeline.php(219): Illuminate/Foundation/Http/Middleware/ConvertEmptyStringsToNull->handle()
#59 C:/dict project/e-certify/e-certify/vendor/laravel/framework/src/Illuminate/Foundation/Http/Middleware/TransformsRequest.php(21): Illuminate/Pipeline/Pipeline->{closure:{closure:Illuminate/Pipeline/Pipeline::carry():194}:195}()
#60 C:/dict project/e-certify/e-certify/vendor/laravel/framework/src/Illuminate/Foundation/Http/Middleware/TrimStrings.php(51): Illuminate/Foundation/Http/Middleware/TransformsRequest->handle()
#61 C:/dict project/e-certify/e-certify/vendor/laravel/framework/src/Illuminate/Pipeline/Pipeline.php(219): Illuminate/Foundation/Http/Middleware/TrimStrings->handle()
#62 C:/dict project/e-certify/e-certify/vendor/laravel/framework/src/Illuminate/Http/Middleware/ValidatePostSize.php(27): Illuminate/Pipeline/Pipeline->{closure:{closure:Illuminate/Pipeline/Pipeline::carry():194}:195}()
#63 C:/dict project/e-certify/e-certify/vendor/laravel/framework/src/Illuminate/Pipeline/Pipeline.php(219): Illuminate/Http/Middleware/ValidatePostSize->handle()
#64 C:/dict project/e-certify/e-certify/vendor/laravel/framework/src/Illuminate/Foundation/Http/Middleware/PreventRequestsDuringMaintenance.php(109): Illuminate/Pipeline/Pipeline->{closure:{closure:Illuminate/Pipeline/Pipeline::carry():194}:195}()
#65 C:/dict project/e-certify/e-certify/vendor/laravel/framework/src/Illuminate/Pipeline/Pipeline.php(219): Illuminate/Foundation/Http/Middleware/PreventRequestsDuringMaintenance->handle()
#66 C:/dict project/e-certify/e-certify/vendor/laravel/framework/src/Illuminate/Http/Middleware/HandleCors.php(61): Illuminate/Pipeline/Pipeline->{closure:{closure:Illuminate/Pipeline/Pipeline::carry():194}:195}()
#67 C:/dict project/e-certify/e-certify/vendor/laravel/framework/src/Illuminate/Pipeline/Pipeline.php(219): Illuminate/Http/Middleware/HandleCors->handle()
#68 C:/dict project/e-certify/e-certify/vendor/laravel/framework/src/Illuminate/Http/Middleware/TrustProxies.php(58): Illuminate/Pipeline/Pipeline->{closure:{closure:Illuminate/Pipeline/Pipeline::carry():194}:195}()
#69 C:/dict project/e-certify/e-certify/vendor/laravel/framework/src/Illuminate/Pipeline/Pipeline.php(219): Illuminate/Http/Middleware/TrustProxies->handle()
#70 C:/dict project/e-certify/e-certify/vendor/laravel/framework/src/Illuminate/Foundation/Http/Middleware/InvokeDeferredCallbacks.php(22): Illuminate/Pipeline/Pipeline->{closure:{closure:Illuminate/Pipeline/Pipeline::carry():194}:195}()
#71 C:/dict project/e-certify/e-certify/vendor/laravel/framework/src/Illuminate/Pipeline/Pipeline.php(219): Illuminate/Foundation/Http/Middleware/InvokeDeferredCallbacks->handle()
#72 C:/dict project/e-certify/e-certify/vendor/laravel/framework/src/Illuminate/Http/Middleware/ValidatePathEncoding.php(26): Illuminate/Pipeline/Pipeline->{closure:{closure:Illuminate/Pipeline/Pipeline::carry():194}:195}()
#73 C:/dict project/e-certify/e-certify/vendor/laravel/framework/src/Illuminate/Pipeline/Pipeline.php(219): Illuminate/Http/Middleware/ValidatePathEncoding->handle()
#74 C:/dict project/e-certify/e-certify/vendor/laravel/framework/src/Illuminate/Pipeline/Pipeline.php(137): Illuminate/Pipeline/Pipeline->{closure:{closure:Illuminate/Pipeline/Pipeline::carry():194}:195}()
#75 C:/dict project/e-certify/e-certify/vendor/laravel/framework/src/Illuminate/Foundation/Http/Kernel.php(175): Illuminate/Pipeline/Pipeline->then()
#76 C:/dict project/e-certify/e-certify/vendor/laravel/framework/src/Illuminate/Foundation/Http/Kernel.php(144): Illuminate/Foundation/Http/Kernel->sendRequestThroughRouter()
#77 C:/dict project/e-certify/e-certify/vendor/laravel/framework/src/Illuminate/Foundation/Application.php(1220): Illuminate/Foundation/Http/Kernel->handle()
#78 C:/dict project/e-certify/e-certify/public/index.php(20): Illuminate/Foundation/Application->handleRequest()
#79 C:/dict project/e-certify/e-certify/vendor/laravel/framework/src/Illuminate/Foundation/resources/server.php(23): require_once('...')
#80 {main}
"} 
[2026-03-10 02:36:24] local.ERROR: Failed to authenticate on SMTP server with username "noreply.ecertify.dict@gmail.com" using the following authenticators: "LOGIN", "PLAIN", "XOAUTH2". Authenticator "LOGIN" returned "Expected response code "235" but got code "535", with message "535-5.7.8 Username and Password not accepted. For more information, go to
535 5.7.8  https://support.google.com/mail/?p=BadCredentials d9443c01a7336-2ae83e57b09sm168298575ad.4 - gsmtp".". Authenticator "PLAIN" returned "Expected response code "235" but got code "535", with message "535-5.7.8 Username and Password not accepted. For more information, go to
535 5.7.8  https://support.google.com/mail/?p=BadCredentials d9443c01a7336-2ae83e57b09sm168298575ad.4 - gsmtp".". Authenticator "XOAUTH2" returned "Expected response code "235" but got code "334", with message "334 eyJzdGF0dXMiOiI0MDAiLCJzY2hlbWVzIjoiQmVhcmVyIiwic2NvcGUiOiJodHRwczovL21haWwuZ29vZ2xlLmNvbS8ifQ==".". {"exception":"[object] (Symfony\\Component\\Mailer\\Exception\\TransportException(code: 334): Failed to authenticate on SMTP server with username \"noreply.ecertify.dict@gmail.com\" using the following authenticators: \"LOGIN\", \"PLAIN\", \"XOAUTH2\". Authenticator \"LOGIN\" returned \"Expected response code \"235\" but got code \"535\", with message \"535-5.7.8 Username and Password not accepted. For more information, go to

535 5.7.8  https://support.google.com/mail/?p=BadCredentials d9443c01a7336-2ae83e57b09sm168298575ad.4 - gsmtp\".\". Authenticator \"PLAIN\" returned \"Expected response code \"235\" but got code \"535\", with message \"535-5.7.8 Username and Password not accepted. For more information, go to

535 5.7.8  https://support.google.com/mail/?p=BadCredentials d9443c01a7336-2ae83e57b09sm168298575ad.4 - gsmtp\".\". Authenticator \"XOAUTH2\" returned \"Expected response code \"235\" but got code \"334\", with message \"334 eyJzdGF0dXMiOiI0MDAiLCJzY2hlbWVzIjoiQmVhcmVyIiwic2NvcGUiOiJodHRwczovL21haWwuZ29vZ2xlLmNvbS8ifQ==\".\". at C:/dict project/e-certify/e-certify/vendor/symfony/mailer/Transport/Smtp/EsmtpTransport.php:269)
[stacktrace]
#0 C:/dict project/e-certify/e-certify/vendor/symfony/mailer/Transport/Smtp/EsmtpTransport.php(199): Symfony/Component/Mailer/Transport/Smtp/EsmtpTransport->handleAuth()
#1 C:/dict project/e-certify/e-certify/vendor/symfony/mailer/Transport/Smtp/EsmtpTransport.php(150): Symfony/Component/Mailer/Transport/Smtp/EsmtpTransport->doEhloCommand()
#2 C:/dict project/e-certify/e-certify/vendor/symfony/mailer/Transport/Smtp/SmtpTransport.php(244): Symfony/Component/Mailer/Transport/Smtp/EsmtpTransport->executeCommand()
#3 C:/dict project/e-certify/e-certify/vendor/symfony/mailer/Transport/Smtp/SmtpTransport.php(270): Symfony/Component/Mailer/Transport/Smtp/SmtpTransport->doHeloCommand()
#4 C:/dict project/e-certify/e-certify/vendor/symfony/mailer/Transport/Smtp/SmtpTransport.php(200): Symfony/Component/Mailer/Transport/Smtp/SmtpTransport->start()
#5 C:/dict project/e-certify/e-certify/vendor/symfony/mailer/Transport/AbstractTransport.php(69): Symfony/Component/Mailer/Transport/Smtp/SmtpTransport->doSend()
#6 C:/dict project/e-certify/e-certify/vendor/symfony/mailer/Transport/Smtp/SmtpTransport.php(138): Symfony/Component/Mailer/Transport/AbstractTransport->send()
#7 C:/dict project/e-certify/e-certify/vendor/laravel/framework/src/Illuminate/Mail/Mailer.php(584): Symfony/Component/Mailer/Transport/Smtp/SmtpTransport->send()
#8 C:/dict project/e-certify/e-certify/vendor/laravel/framework/src/Illuminate/Mail/Mailer.php(331): Illuminate/Mail/Mailer->sendSymfonyMessage()
#9 C:/dict project/e-certify/e-certify/vendor/laravel/framework/src/Illuminate/Notifications/Channels/MailChannel.php(66): Illuminate/Mail/Mailer->send()
#10 C:/dict project/e-certify/e-certify/vendor/laravel/framework/src/Illuminate/Notifications/NotificationSender.php(161): Illuminate/Notifications/Channels/MailChannel->send()
#11 C:/dict project/e-certify/e-certify/vendor/laravel/framework/src/Illuminate/Notifications/NotificationSender.php(116): Illuminate/Notifications/NotificationSender->sendToNotifiable()
#12 C:/dict project/e-certify/e-certify/vendor/laravel/framework/src/Illuminate/Support/Traits/Localizable.php(19): Illuminate/Notifications/NotificationSender->{closure:Illuminate/Notifications/NotificationSender::sendNow():111}()
#13 C:/dict project/e-certify/e-certify/vendor/laravel/framework/src/Illuminate/Notifications/NotificationSender.php(111): Illuminate/Notifications/NotificationSender->withLocale()
#14 C:/dict project/e-certify/e-certify/vendor/laravel/framework/src/Illuminate/Notifications/NotificationSender.php(89): Illuminate/Notifications/NotificationSender->sendNow()
#15 C:/dict project/e-certify/e-certify/vendor/laravel/framework/src/Illuminate/Notifications/ChannelManager.php(47): Illuminate/Notifications/NotificationSender->send()
#16 C:/dict project/e-certify/e-certify/vendor/laravel/framework/src/Illuminate/Notifications/RoutesNotifications.php(18): Illuminate/Notifications/ChannelManager->send()
#17 C:/dict project/e-certify/e-certify/app/Models/User.php(71): App/Models/User->notify()
#18 C:/dict project/e-certify/e-certify/vendor/laravel/framework/src/Illuminate/Auth/Listeners/SendEmailVerificationNotification.php(19): App/Models/User->sendEmailVerificationNotification()
#19 C:/dict project/e-certify/e-certify/vendor/laravel/framework/src/Illuminate/Events/Dispatcher.php(512): Illuminate/Auth/Listeners/SendEmailVerificationNotification->handle()
#20 C:/dict project/e-certify/e-certify/vendor/laravel/framework/src/Illuminate/Events/Dispatcher.php(319): Illuminate/Events/Dispatcher->{closure:Illuminate/Events/Dispatcher::createClassListener():505}()
#21 C:/dict project/e-certify/e-certify/vendor/laravel/framework/src/Illuminate/Events/Dispatcher.php(299): Illuminate/Events/Dispatcher->invokeListeners()
#22 C:/dict project/e-certify/e-certify/vendor/laravel/framework/src/Illuminate/Foundation/helpers.php(505): Illuminate/Events/Dispatcher->dispatch()
#23 C:/dict project/e-certify/e-certify/vendor/laravel/fortify/src/Http/Controllers/RegisteredUserController.php(62): event()
#24 C:/dict project/e-certify/e-certify/vendor/laravel/framework/src/Illuminate/Routing/Controller.php(54): Laravel/Fortify/Http/Controllers/RegisteredUserController->store()
#25 C:/dict project/e-certify/e-certify/vendor/laravel/framework/src/Illuminate/Routing/ControllerDispatcher.php(43): Illuminate/Routing/Controller->callAction()
#26 C:/dict project/e-certify/e-certify/vendor/laravel/framework/src/Illuminate/Routing/Route.php(265): Illuminate/Routing/ControllerDispatcher->dispatch()
#27 C:/dict project/e-certify/e-certify/vendor/laravel/framework/src/Illuminate/Routing/Route.php(211): Illuminate/Routing/Route->runController()
#28 C:/dict project/e-certify/e-certify/vendor/laravel/framework/src/Illuminate/Routing/Router.php(822): Illuminate/Routing/Route->run()
#29 C:/dict project/e-certify/e-certify/vendor/laravel/framework/src/Illuminate/Pipeline/Pipeline.php(180): Illuminate/Routing/Router->{closure:Illuminate/Routing/Router::runRouteWithinStack():821}()
#30 C:/dict project/e-certify/e-certify/vendor/laravel/framework/src/Illuminate/Auth/Middleware/RedirectIfAuthenticated.php(47): Illuminate/Pipeline/Pipeline->{closure:Illuminate/Pipeline/Pipeline::prepareDestination():178}()
#31 C:/dict project/e-certify/e-certify/vendor/laravel/framework/src/Illuminate/Pipeline/Pipeline.php(219): Illuminate/Auth/Middleware/RedirectIfAuthenticated->handle()
#32 C:/dict project/e-certify/e-certify/vendor/laravel/boost/src/Middleware/InjectBoost.php(22): Illuminate/Pipeline/Pipeline->{closure:{closure:Illuminate/Pipeline/Pipeline::carry():194}:195}()
#33 C:/dict project/e-certify/e-certify/vendor/laravel/framework/src/Illuminate/Pipeline/Pipeline.php(219): Laravel/Boost/Middleware/InjectBoost->handle()
#34 C:/dict project/e-certify/e-certify/vendor/laravel/framework/src/Illuminate/Routing/Middleware/SubstituteBindings.php(50): Illuminate/Pipeline/Pipeline->{closure:{closure:Illuminate/Pipeline/Pipeline::carry():194}:195}()
#35 C:/dict project/e-certify/e-certify/vendor/laravel/framework/src/Illuminate/Pipeline/Pipeline.php(219): Illuminate/Routing/Middleware/SubstituteBindings->handle()
#36 C:/dict project/e-certify/e-certify/vendor/laravel/framework/src/Illuminate/Foundation/Http/Middleware/VerifyCsrfToken.php(87): Illuminate/Pipeline/Pipeline->{closure:{closure:Illuminate/Pipeline/Pipeline::carry():194}:195}()
#37 C:/dict project/e-certify/e-certify/vendor/laravel/framework/src/Illuminate/Pipeline/Pipeline.php(219): Illuminate/Foundation/Http/Middleware/VerifyCsrfToken->handle()
#38 C:/dict project/e-certify/e-certify/vendor/laravel/framework/src/Illuminate/View/Middleware/ShareErrorsFromSession.php(48): Illuminate/Pipeline/Pipeline->{closure:{closure:Illuminate/Pipeline/Pipeline::carry():194}:195}()
#39 C:/dict project/e-certify/e-certify/vendor/laravel/framework/src/Illuminate/Pipeline/Pipeline.php(219): Illuminate/View/Middleware/ShareErrorsFromSession->handle()
#40 C:/dict project/e-certify/e-certify/vendor/laravel/framework/src/Illuminate/Session/Middleware/StartSession.php(120): Illuminate/Pipeline/Pipeline->{closure:{closure:Illuminate/Pipeline/Pipeline::carry():194}:195}()
#41 C:/dict project/e-certify/e-certify/vendor/laravel/framework/src/Illuminate/Session/Middleware/StartSession.php(63): Illuminate/Session/Middleware/StartSession->handleStatefulRequest()
#42 C:/dict project/e-certify/e-certify/vendor/laravel/framework/src/Illuminate/Pipeline/Pipeline.php(219): Illuminate/Session/Middleware/StartSession->handle()
#43 C:/dict project/e-certify/e-certify/vendor/laravel/framework/src/Illuminate/Cookie/Middleware/AddQueuedCookiesToResponse.php(36): Illuminate/Pipeline/Pipeline->{closure:{closure:Illuminate/Pipeline/Pipeline::carry():194}:195}()
#44 C:/dict project/e-certify/e-certify/vendor/laravel/framework/src/Illuminate/Pipeline/Pipeline.php(219): Illuminate/Cookie/Middleware/AddQueuedCookiesToResponse->handle()
#45 C:/dict project/e-certify/e-certify/vendor/laravel/framework/src/Illuminate/Cookie/Middleware/EncryptCookies.php(74): Illuminate/Pipeline/Pipeline->{closure:{closure:Illuminate/Pipeline/Pipeline::carry():194}:195}()
#46 C:/dict project/e-certify/e-certify/vendor/laravel/framework/src/Illuminate/Pipeline/Pipeline.php(219): Illuminate/Cookie/Middleware/EncryptCookies->handle()
#47 C:/dict project/e-certify/e-certify/vendor/laravel/framework/src/Illuminate/Pipeline/Pipeline.php(137): Illuminate/Pipeline/Pipeline->{closure:{closure:Illuminate/Pipeline/Pipeline::carry():194}:195}()
#48 C:/dict project/e-certify/e-certify/vendor/laravel/framework/src/Illuminate/Routing/Router.php(821): Illuminate/Pipeline/Pipeline->then()
#49 C:/dict project/e-certify/e-certify/vendor/laravel/framework/src/Illuminate/Routing/Router.php(800): Illuminate/Routing/Router->runRouteWithinStack()
#50 C:/dict project/e-certify/e-certify/vendor/laravel/framework/src/Illuminate/Routing/Router.php(764): Illuminate/Routing/Router->runRoute()
#51 C:/dict project/e-certify/e-certify/vendor/laravel/framework/src/Illuminate/Routing/Router.php(753): Illuminate/Routing/Router->dispatchToRoute()
#52 C:/dict project/e-certify/e-certify/vendor/laravel/framework/src/Illuminate/Foundation/Http/Kernel.php(200): Illuminate/Routing/Router->dispatch()
#53 C:/dict project/e-certify/e-certify/vendor/laravel/framework/src/Illuminate/Pipeline/Pipeline.php(180): Illuminate/Foundation/Http/Kernel->{closure:Illuminate/Foundation/Http/Kernel::dispatchToRouter():197}()
#54 C:/dict project/e-certify/e-certify/vendor/livewire/livewire/src/Features/SupportDisablingBackButtonCache/DisableBackButtonCacheMiddleware.php(19): Illuminate/Pipeline/Pipeline->{closure:Illuminate/Pipeline/Pipeline::prepareDestination():178}()
#55 C:/dict project/e-certify/e-certify/vendor/laravel/framework/src/Illuminate/Pipeline/Pipeline.php(219): Livewire/Features/SupportDisablingBackButtonCache/DisableBackButtonCacheMiddleware->handle()
#56 C:/dict project/e-certify/e-certify/vendor/laravel/framework/src/Illuminate/Foundation/Http/Middleware/TransformsRequest.php(21): Illuminate/Pipeline/Pipeline->{closure:{closure:Illuminate/Pipeline/Pipeline::carry():194}:195}()
#57 C:/dict project/e-certify/e-certify/vendor/laravel/framework/src/Illuminate/Foundation/Http/Middleware/ConvertEmptyStringsToNull.php(31): Illuminate/Foundation/Http/Middleware/TransformsRequest->handle()
#58 C:/dict project/e-certify/e-certify/vendor/laravel/framework/src/Illuminate/Pipeline/Pipeline.php(219): Illuminate/Foundation/Http/Middleware/ConvertEmptyStringsToNull->handle()
#59 C:/dict project/e-certify/e-certify/vendor/laravel/framework/src/Illuminate/Foundation/Http/Middleware/TransformsRequest.php(21): Illuminate/Pipeline/Pipeline->{closure:{closure:Illuminate/Pipeline/Pipeline::carry():194}:195}()
#60 C:/dict project/e-certify/e-certify/vendor/laravel/framework/src/Illuminate/Foundation/Http/Middleware/TrimStrings.php(51): Illuminate/Foundation/Http/Middleware/TransformsRequest->handle()
#61 C:/dict project/e-certify/e-certify/vendor/laravel/framework/src/Illuminate/Pipeline/Pipeline.php(219): Illuminate/Foundation/Http/Middleware/TrimStrings->handle()
#62 C:/dict project/e-certify/e-certify/vendor/laravel/framework/src/Illuminate/Http/Middleware/ValidatePostSize.php(27): Illuminate/Pipeline/Pipeline->{closure:{closure:Illuminate/Pipeline/Pipeline::carry():194}:195}()
#63 C:/dict project/e-certify/e-certify/vendor/laravel/framework/src/Illuminate/Pipeline/Pipeline.php(219): Illuminate/Http/Middleware/ValidatePostSize->handle()
#64 C:/dict project/e-certify/e-certify/vendor/laravel/framework/src/Illuminate/Foundation/Http/Middleware/PreventRequestsDuringMaintenance.php(109): Illuminate/Pipeline/Pipeline->{closure:{closure:Illuminate/Pipeline/Pipeline::carry():194}:195}()
#65 C:/dict project/e-certify/e-certify/vendor/laravel/framework/src/Illuminate/Pipeline/Pipeline.php(219): Illuminate/Foundation/Http/Middleware/PreventRequestsDuringMaintenance->handle()
#66 C:/dict project/e-certify/e-certify/vendor/laravel/framework/src/Illuminate/Http/Middleware/HandleCors.php(61): Illuminate/Pipeline/Pipeline->{closure:{closure:Illuminate/Pipeline/Pipeline::carry():194}:195}()
#67 C:/dict project/e-certify/e-certify/vendor/laravel/framework/src/Illuminate/Pipeline/Pipeline.php(219): Illuminate/Http/Middleware/HandleCors->handle()
#68 C:/dict project/e-certify/e-certify/vendor/laravel/framework/src/Illuminate/Http/Middleware/TrustProxies.php(58): Illuminate/Pipeline/Pipeline->{closure:{closure:Illuminate/Pipeline/Pipeline::carry():194}:195}()
#69 C:/dict project/e-certify/e-certify/vendor/laravel/framework/src/Illuminate/Pipeline/Pipeline.php(219): Illuminate/Http/Middleware/TrustProxies->handle()
#70 C:/dict project/e-certify/e-certify/vendor/laravel/framework/src/Illuminate/Foundation/Http/Middleware/InvokeDeferredCallbacks.php(22): Illuminate/Pipeline/Pipeline->{closure:{closure:Illuminate/Pipeline/Pipeline::carry():194}:195}()
#71 C:/dict project/e-certify/e-certify/vendor/laravel/framework/src/Illuminate/Pipeline/Pipeline.php(219): Illuminate/Foundation/Http/Middleware/InvokeDeferredCallbacks->handle()
#72 C:/dict project/e-certify/e-certify/vendor/laravel/framework/src/Illuminate/Http/Middleware/ValidatePathEncoding.php(26): Illuminate/Pipeline/Pipeline->{closure:{closure:Illuminate/Pipeline/Pipeline::carry():194}:195}()
#73 C:/dict project/e-certify/e-certify/vendor/laravel/framework/src/Illuminate/Pipeline/Pipeline.php(219): Illuminate/Http/Middleware/ValidatePathEncoding->handle()
#74 C:/dict project/e-certify/e-certify/vendor/laravel/framework/src/Illuminate/Pipeline/Pipeline.php(137): Illuminate/Pipeline/Pipeline->{closure:{closure:Illuminate/Pipeline/Pipeline::carry():194}:195}()
#75 C:/dict project/e-certify/e-certify/vendor/laravel/framework/src/Illuminate/Foundation/Http/Kernel.php(175): Illuminate/Pipeline/Pipeline->then()
#76 C:/dict project/e-certify/e-certify/vendor/laravel/framework/src/Illuminate/Foundation/Http/Kernel.php(144): Illuminate/Foundation/Http/Kernel->sendRequestThroughRouter()
#77 C:/dict project/e-certify/e-certify/vendor/laravel/framework/src/Illuminate/Foundation/Application.php(1220): Illuminate/Foundation/Http/Kernel->handle()
#78 C:/dict project/e-certify/e-certify/public/index.php(20): Illuminate/Foundation/Application->handleRequest()
#79 C:/dict project/e-certify/e-certify/vendor/laravel/framework/src/Illuminate/Foundation/resources/server.php(23): require_once('...')
#80 {main}
"} 
[2026-03-10 02:41:22] local.ERROR: Failed to authenticate on SMTP server with username "noreply.ecertify.dict@gmail.com" using the following authenticators: "LOGIN", "PLAIN", "XOAUTH2". Authenticator "LOGIN" returned "Expected response code "235" but got code "535", with message "535-5.7.8 Username and Password not accepted. For more information, go to
535 5.7.8  https://support.google.com/mail/?p=BadCredentials d9443c01a7336-2ae83e78f77sm183961185ad.21 - gsmtp".". Authenticator "PLAIN" returned "Expected response code "235" but got code "535", with message "535-5.7.8 Username and Password not accepted. For more information, go to
535 5.7.8  https://support.google.com/mail/?p=BadCredentials d9443c01a7336-2ae83e78f77sm183961185ad.21 - gsmtp".". Authenticator "XOAUTH2" returned "Expected response code "235" but got code "334", with message "334 eyJzdGF0dXMiOiI0MDAiLCJzY2hlbWVzIjoiQmVhcmVyIiwic2NvcGUiOiJodHRwczovL21haWwuZ29vZ2xlLmNvbS8ifQ==".". {"exception":"[object] (Symfony\\Component\\Mailer\\Exception\\TransportException(code: 334): Failed to authenticate on SMTP server with username \"noreply.ecertify.dict@gmail.com\" using the following authenticators: \"LOGIN\", \"PLAIN\", \"XOAUTH2\". Authenticator \"LOGIN\" returned \"Expected response code \"235\" but got code \"535\", with message \"535-5.7.8 Username and Password not accepted. For more information, go to

535 5.7.8  https://support.google.com/mail/?p=BadCredentials d9443c01a7336-2ae83e78f77sm183961185ad.21 - gsmtp\".\". Authenticator \"PLAIN\" returned \"Expected response code \"235\" but got code \"535\", with message \"535-5.7.8 Username and Password not accepted. For more information, go to

535 5.7.8  https://support.google.com/mail/?p=BadCredentials d9443c01a7336-2ae83e78f77sm183961185ad.21 - gsmtp\".\". Authenticator \"XOAUTH2\" returned \"Expected response code \"235\" but got code \"334\", with message \"334 eyJzdGF0dXMiOiI0MDAiLCJzY2hlbWVzIjoiQmVhcmVyIiwic2NvcGUiOiJodHRwczovL21haWwuZ29vZ2xlLmNvbS8ifQ==\".\". at C:/dict project/e-certify/e-certify/vendor/symfony/mailer/Transport/Smtp/EsmtpTransport.php:269)
[stacktrace]
#0 C:/dict project/e-certify/e-certify/vendor/symfony/mailer/Transport/Smtp/EsmtpTransport.php(199): Symfony/Component/Mailer/Transport/Smtp/EsmtpTransport->handleAuth()
#1 C:/dict project/e-certify/e-certify/vendor/symfony/mailer/Transport/Smtp/EsmtpTransport.php(150): Symfony/Component/Mailer/Transport/Smtp/EsmtpTransport->doEhloCommand()
#2 C:/dict project/e-certify/e-certify/vendor/symfony/mailer/Transport/Smtp/SmtpTransport.php(244): Symfony/Component/Mailer/Transport/Smtp/EsmtpTransport->executeCommand()
#3 C:/dict project/e-certify/e-certify/vendor/symfony/mailer/Transport/Smtp/SmtpTransport.php(270): Symfony/Component/Mailer/Transport/Smtp/SmtpTransport->doHeloCommand()
#4 C:/dict project/e-certify/e-certify/vendor/symfony/mailer/Transport/Smtp/SmtpTransport.php(200): Symfony/Component/Mailer/Transport/Smtp/SmtpTransport->start()
#5 C:/dict project/e-certify/e-certify/vendor/symfony/mailer/Transport/AbstractTransport.php(69): Symfony/Component/Mailer/Transport/Smtp/SmtpTransport->doSend()
#6 C:/dict project/e-certify/e-certify/vendor/symfony/mailer/Transport/Smtp/SmtpTransport.php(138): Symfony/Component/Mailer/Transport/AbstractTransport->send()
#7 C:/dict project/e-certify/e-certify/vendor/laravel/framework/src/Illuminate/Mail/Mailer.php(584): Symfony/Component/Mailer/Transport/Smtp/SmtpTransport->send()
#8 C:/dict project/e-certify/e-certify/vendor/laravel/framework/src/Illuminate/Mail/Mailer.php(331): Illuminate/Mail/Mailer->sendSymfonyMessage()
#9 C:/dict project/e-certify/e-certify/vendor/laravel/framework/src/Illuminate/Notifications/Channels/MailChannel.php(66): Illuminate/Mail/Mailer->send()
#10 C:/dict project/e-certify/e-certify/vendor/laravel/framework/src/Illuminate/Notifications/NotificationSender.php(161): Illuminate/Notifications/Channels/MailChannel->send()
#11 C:/dict project/e-certify/e-certify/vendor/laravel/framework/src/Illuminate/Notifications/NotificationSender.php(116): Illuminate/Notifications/NotificationSender->sendToNotifiable()
#12 C:/dict project/e-certify/e-certify/vendor/laravel/framework/src/Illuminate/Support/Traits/Localizable.php(19): Illuminate/Notifications/NotificationSender->{closure:Illuminate/Notifications/NotificationSender::sendNow():111}()
#13 C:/dict project/e-certify/e-certify/vendor/laravel/framework/src/Illuminate/Notifications/NotificationSender.php(111): Illuminate/Notifications/NotificationSender->withLocale()
#14 C:/dict project/e-certify/e-certify/vendor/laravel/framework/src/Illuminate/Notifications/NotificationSender.php(89): Illuminate/Notifications/NotificationSender->sendNow()
#15 C:/dict project/e-certify/e-certify/vendor/laravel/framework/src/Illuminate/Notifications/ChannelManager.php(47): Illuminate/Notifications/NotificationSender->send()
#16 C:/dict project/e-certify/e-certify/vendor/laravel/framework/src/Illuminate/Notifications/RoutesNotifications.php(18): Illuminate/Notifications/ChannelManager->send()
#17 C:/dict project/e-certify/e-certify/app/Models/User.php(71): App/Models/User->notify()
#18 C:/dict project/e-certify/e-certify/vendor/laravel/framework/src/Illuminate/Auth/Listeners/SendEmailVerificationNotification.php(19): App/Models/User->sendEmailVerificationNotification()
#19 C:/dict project/e-certify/e-certify/vendor/laravel/framework/src/Illuminate/Events/Dispatcher.php(512): Illuminate/Auth/Listeners/SendEmailVerificationNotification->handle()
#20 C:/dict project/e-certify/e-certify/vendor/laravel/framework/src/Illuminate/Events/Dispatcher.php(319): Illuminate/Events/Dispatcher->{closure:Illuminate/Events/Dispatcher::createClassListener():505}()
#21 C:/dict project/e-certify/e-certify/vendor/laravel/framework/src/Illuminate/Events/Dispatcher.php(299): Illuminate/Events/Dispatcher->invokeListeners()
#22 C:/dict project/e-certify/e-certify/vendor/laravel/framework/src/Illuminate/Foundation/helpers.php(505): Illuminate/Events/Dispatcher->dispatch()
#23 C:/dict project/e-certify/e-certify/vendor/laravel/fortify/src/Http/Controllers/RegisteredUserController.php(62): event()
#24 C:/dict project/e-certify/e-certify/vendor/laravel/framework/src/Illuminate/Routing/Controller.php(54): Laravel/Fortify/Http/Controllers/RegisteredUserController->store()
#25 C:/dict project/e-certify/e-certify/vendor/laravel/framework/src/Illuminate/Routing/ControllerDispatcher.php(43): Illuminate/Routing/Controller->callAction()
#26 C:/dict project/e-certify/e-certify/vendor/laravel/framework/src/Illuminate/Routing/Route.php(265): Illuminate/Routing/ControllerDispatcher->dispatch()
#27 C:/dict project/e-certify/e-certify/vendor/laravel/framework/src/Illuminate/Routing/Route.php(211): Illuminate/Routing/Route->runController()
#28 C:/dict project/e-certify/e-certify/vendor/laravel/framework/src/Illuminate/Routing/Router.php(822): Illuminate/Routing/Route->run()
#29 C:/dict project/e-certify/e-certify/vendor/laravel/framework/src/Illuminate/Pipeline/Pipeline.php(180): Illuminate/Routing/Router->{closure:Illuminate/Routing/Router::runRouteWithinStack():821}()
#30 C:/dict project/e-certify/e-certify/vendor/laravel/framework/src/Illuminate/Auth/Middleware/RedirectIfAuthenticated.php(47): Illuminate/Pipeline/Pipeline->{closure:Illuminate/Pipeline/Pipeline::prepareDestination():178}()
#31 C:/dict project/e-certify/e-certify/vendor/laravel/framework/src/Illuminate/Pipeline/Pipeline.php(219): Illuminate/Auth/Middleware/RedirectIfAuthenticated->handle()
#32 C:/dict project/e-certify/e-certify/vendor/laravel/boost/src/Middleware/InjectBoost.php(22): Illuminate/Pipeline/Pipeline->{closure:{closure:Illuminate/Pipeline/Pipeline::carry():194}:195}()
#33 C:/dict project/e-certify/e-certify/vendor/laravel/framework/src/Illuminate/Pipeline/Pipeline.php(219): Laravel/Boost/Middleware/InjectBoost->handle()
#34 C:/dict project/e-certify/e-certify/vendor/laravel/framework/src/Illuminate/Routing/Middleware/SubstituteBindings.php(50): Illuminate/Pipeline/Pipeline->{closure:{closure:Illuminate/Pipeline/Pipeline::carry():194}:195}()
#35 C:/dict project/e-certify/e-certify/vendor/laravel/framework/src/Illuminate/Pipeline/Pipeline.php(219): Illuminate/Routing/Middleware/SubstituteBindings->handle()
#36 C:/dict project/e-certify/e-certify/vendor/laravel/framework/src/Illuminate/Foundation/Http/Middleware/VerifyCsrfToken.php(87): Illuminate/Pipeline/Pipeline->{closure:{closure:Illuminate/Pipeline/Pipeline::carry():194}:195}()
#37 C:/dict project/e-certify/e-certify/vendor/laravel/framework/src/Illuminate/Pipeline/Pipeline.php(219): Illuminate/Foundation/Http/Middleware/VerifyCsrfToken->handle()
#38 C:/dict project/e-certify/e-certify/vendor/laravel/framework/src/Illuminate/View/Middleware/ShareErrorsFromSession.php(48): Illuminate/Pipeline/Pipeline->{closure:{closure:Illuminate/Pipeline/Pipeline::carry():194}:195}()
#39 C:/dict project/e-certify/e-certify/vendor/laravel/framework/src/Illuminate/Pipeline/Pipeline.php(219): Illuminate/View/Middleware/ShareErrorsFromSession->handle()
#40 C:/dict project/e-certify/e-certify/vendor/laravel/framework/src/Illuminate/Session/Middleware/StartSession.php(120): Illuminate/Pipeline/Pipeline->{closure:{closure:Illuminate/Pipeline/Pipeline::carry():194}:195}()
#41 C:/dict project/e-certify/e-certify/vendor/laravel/framework/src/Illuminate/Session/Middleware/StartSession.php(63): Illuminate/Session/Middleware/StartSession->handleStatefulRequest()
#42 C:/dict project/e-certify/e-certify/vendor/laravel/framework/src/Illuminate/Pipeline/Pipeline.php(219): Illuminate/Session/Middleware/StartSession->handle()
#43 C:/dict project/e-certify/e-certify/vendor/laravel/framework/src/Illuminate/Cookie/Middleware/AddQueuedCookiesToResponse.php(36): Illuminate/Pipeline/Pipeline->{closure:{closure:Illuminate/Pipeline/Pipeline::carry():194}:195}()
#44 C:/dict project/e-certify/e-certify/vendor/laravel/framework/src/Illuminate/Pipeline/Pipeline.php(219): Illuminate/Cookie/Middleware/AddQueuedCookiesToResponse->handle()
#45 C:/dict project/e-certify/e-certify/vendor/laravel/framework/src/Illuminate/Cookie/Middleware/EncryptCookies.php(74): Illuminate/Pipeline/Pipeline->{closure:{closure:Illuminate/Pipeline/Pipeline::carry():194}:195}()
#46 C:/dict project/e-certify/e-certify/vendor/laravel/framework/src/Illuminate/Pipeline/Pipeline.php(219): Illuminate/Cookie/Middleware/EncryptCookies->handle()
#47 C:/dict project/e-certify/e-certify/vendor/laravel/framework/src/Illuminate/Pipeline/Pipeline.php(137): Illuminate/Pipeline/Pipeline->{closure:{closure:Illuminate/Pipeline/Pipeline::carry():194}:195}()
#48 C:/dict project/e-certify/e-certify/vendor/laravel/framework/src/Illuminate/Routing/Router.php(821): Illuminate/Pipeline/Pipeline->then()
#49 C:/dict project/e-certify/e-certify/vendor/laravel/framework/src/Illuminate/Routing/Router.php(800): Illuminate/Routing/Router->runRouteWithinStack()
#50 C:/dict project/e-certify/e-certify/vendor/laravel/framework/src/Illuminate/Routing/Router.php(764): Illuminate/Routing/Router->runRoute()
#51 C:/dict project/e-certify/e-certify/vendor/laravel/framework/src/Illuminate/Routing/Router.php(753): Illuminate/Routing/Router->dispatchToRoute()
#52 C:/dict project/e-certify/e-certify/vendor/laravel/framework/src/Illuminate/Foundation/Http/Kernel.php(200): Illuminate/Routing/Router->dispatch()
#53 C:/dict project/e-certify/e-certify/vendor/laravel/framework/src/Illuminate/Pipeline/Pipeline.php(180): Illuminate/Foundation/Http/Kernel->{closure:Illuminate/Foundation/Http/Kernel::dispatchToRouter():197}()
#54 C:/dict project/e-certify/e-certify/vendor/livewire/livewire/src/Features/SupportDisablingBackButtonCache/DisableBackButtonCacheMiddleware.php(19): Illuminate/Pipeline/Pipeline->{closure:Illuminate/Pipeline/Pipeline::prepareDestination():178}()
#55 C:/dict project/e-certify/e-certify/vendor/laravel/framework/src/Illuminate/Pipeline/Pipeline.php(219): Livewire/Features/SupportDisablingBackButtonCache/DisableBackButtonCacheMiddleware->handle()
#56 C:/dict project/e-certify/e-certify/vendor/laravel/framework/src/Illuminate/Foundation/Http/Middleware/TransformsRequest.php(21): Illuminate/Pipeline/Pipeline->{closure:{closure:Illuminate/Pipeline/Pipeline::carry():194}:195}()
#57 C:/dict project/e-certify/e-certify/vendor/laravel/framework/src/Illuminate/Foundation/Http/Middleware/ConvertEmptyStringsToNull.php(31): Illuminate/Foundation/Http/Middleware/TransformsRequest->handle()
#58 C:/dict project/e-certify/e-certify/vendor/laravel/framework/src/Illuminate/Pipeline/Pipeline.php(219): Illuminate/Foundation/Http/Middleware/ConvertEmptyStringsToNull->handle()
#59 C:/dict project/e-certify/e-certify/vendor/laravel/framework/src/Illuminate/Foundation/Http/Middleware/TransformsRequest.php(21): Illuminate/Pipeline/Pipeline->{closure:{closure:Illuminate/Pipeline/Pipeline::carry():194}:195}()
#60 C:/dict project/e-certify/e-certify/vendor/laravel/framework/src/Illuminate/Foundation/Http/Middleware/TrimStrings.php(51): Illuminate/Foundation/Http/Middleware/TransformsRequest->handle()
#61 C:/dict project/e-certify/e-certify/vendor/laravel/framework/src/Illuminate/Pipeline/Pipeline.php(219): Illuminate/Foundation/Http/Middleware/TrimStrings->handle()
#62 C:/dict project/e-certify/e-certify/vendor/laravel/framework/src/Illuminate/Http/Middleware/ValidatePostSize.php(27): Illuminate/Pipeline/Pipeline->{closure:{closure:Illuminate/Pipeline/Pipeline::carry():194}:195}()
#63 C:/dict project/e-certify/e-certify/vendor/laravel/framework/src/Illuminate/Pipeline/Pipeline.php(219): Illuminate/Http/Middleware/ValidatePostSize->handle()
#64 C:/dict project/e-certify/e-certify/vendor/laravel/framework/src/Illuminate/Foundation/Http/Middleware/PreventRequestsDuringMaintenance.php(109): Illuminate/Pipeline/Pipeline->{closure:{closure:Illuminate/Pipeline/Pipeline::carry():194}:195}()
#65 C:/dict project/e-certify/e-certify/vendor/laravel/framework/src/Illuminate/Pipeline/Pipeline.php(219): Illuminate/Foundation/Http/Middleware/PreventRequestsDuringMaintenance->handle()
#66 C:/dict project/e-certify/e-certify/vendor/laravel/framework/src/Illuminate/Http/Middleware/HandleCors.php(61): Illuminate/Pipeline/Pipeline->{closure:{closure:Illuminate/Pipeline/Pipeline::carry():194}:195}()
#67 C:/dict project/e-certify/e-certify/vendor/laravel/framework/src/Illuminate/Pipeline/Pipeline.php(219): Illuminate/Http/Middleware/HandleCors->handle()
#68 C:/dict project/e-certify/e-certify/vendor/laravel/framework/src/Illuminate/Http/Middleware/TrustProxies.php(58): Illuminate/Pipeline/Pipeline->{closure:{closure:Illuminate/Pipeline/Pipeline::carry():194}:195}()
#69 C:/dict project/e-certify/e-certify/vendor/laravel/framework/src/Illuminate/Pipeline/Pipeline.php(219): Illuminate/Http/Middleware/TrustProxies->handle()
#70 C:/dict project/e-certify/e-certify/vendor/laravel/framework/src/Illuminate/Foundation/Http/Middleware/InvokeDeferredCallbacks.php(22): Illuminate/Pipeline/Pipeline->{closure:{closure:Illuminate/Pipeline/Pipeline::carry():194}:195}()
#71 C:/dict project/e-certify/e-certify/vendor/laravel/framework/src/Illuminate/Pipeline/Pipeline.php(219): Illuminate/Foundation/Http/Middleware/InvokeDeferredCallbacks->handle()
#72 C:/dict project/e-certify/e-certify/vendor/laravel/framework/src/Illuminate/Http/Middleware/ValidatePathEncoding.php(26): Illuminate/Pipeline/Pipeline->{closure:{closure:Illuminate/Pipeline/Pipeline::carry():194}:195}()
#73 C:/dict project/e-certify/e-certify/vendor/laravel/framework/src/Illuminate/Pipeline/Pipeline.php(219): Illuminate/Http/Middleware/ValidatePathEncoding->handle()
#74 C:/dict project/e-certify/e-certify/vendor/laravel/framework/src/Illuminate/Pipeline/Pipeline.php(137): Illuminate/Pipeline/Pipeline->{closure:{closure:Illuminate/Pipeline/Pipeline::carry():194}:195}()
#75 C:/dict project/e-certify/e-certify/vendor/laravel/framework/src/Illuminate/Foundation/Http/Kernel.php(175): Illuminate/Pipeline/Pipeline->then()
#76 C:/dict project/e-certify/e-certify/vendor/laravel/framework/src/Illuminate/Foundation/Http/Kernel.php(144): Illuminate/Foundation/Http/Kernel->sendRequestThroughRouter()
#77 C:/dict project/e-certify/e-certify/vendor/laravel/framework/src/Illuminate/Foundation/Application.php(1220): Illuminate/Foundation/Http/Kernel->handle()
#78 C:/dict project/e-certify/e-certify/public/index.php(20): Illuminate/Foundation/Application->handleRequest()
#79 C:/dict project/e-certify/e-certify/vendor/laravel/framework/src/Illuminate/Foundation/resources/server.php(23): require_once('...')
#80 {main}
"} 
[2026-03-10 03:27:21] local.ERROR: syntax error, unexpected token ":", expecting "(" (View: C:\dict project\e-certify\e-certify\storage\framework\views\43e3a0fdc2d9f50ff0c0e2d5bc6ce0b5.blade.php) {"userId":8,"exception":"[object] (Illuminate\\View\\ViewException(code: 0): syntax error, unexpected token \":\", expecting \"(\" (View: C:\\dict project\\e-certify\\e-certify\\storage\\framework\\views\\43e3a0fdc2d9f50ff0c0e2d5bc6ce0b5.blade.php) at C:/dict project/e-certify/e-certify/storage/framework/views/40c03e51ad64bb1070b46c79fb82f625.php:46)
[stacktrace]
#0 C:/dict project/e-certify/e-certify/vendor/livewire/livewire/src/Mechanisms/ExtendBlade/ExtendedCompilerEngine.php(58): Illuminate/View/Engines/CompilerEngine->handleViewException()
#1 C:/dict project/e-certify/e-certify/vendor/laravel/framework/src/Illuminate/View/Engines/PhpEngine.php(59): Livewire/Mechanisms/ExtendBlade/ExtendedCompilerEngine->handleViewException()
#2 C:/dict project/e-certify/e-certify/vendor/livewire/livewire/src/Mechanisms/ExtendBlade/ExtendedCompilerEngine.php(22): Illuminate/View/Engines/PhpEngine->evaluatePath()
#3 C:/dict project/e-certify/e-certify/vendor/laravel/framework/src/Illuminate/View/Engines/CompilerEngine.php(76): Livewire/Mechanisms/ExtendBlade/ExtendedCompilerEngine->evaluatePath()
#4 C:/dict project/e-certify/e-certify/vendor/livewire/livewire/src/Mechanisms/ExtendBlade/ExtendedCompilerEngine.php(10): Illuminate/View/Engines/CompilerEngine->get()
#5 C:/dict project/e-certify/e-certify/vendor/laravel/framework/src/Illuminate/View/View.php(208): Livewire/Mechanisms/ExtendBlade/ExtendedCompilerEngine->get()
#6 C:/dict project/e-certify/e-certify/vendor/laravel/framework/src/Illuminate/View/View.php(191): Illuminate/View/View->getContents()
#7 C:/dict project/e-certify/e-certify/vendor/laravel/framework/src/Illuminate/View/View.php(160): Illuminate/View/View->renderContents()
#8 C:/dict project/e-certify/e-certify/vendor/laravel/framework/src/Illuminate/Http/Response.php(78): Illuminate/View/View->render()
#9 C:/dict project/e-certify/e-certify/vendor/laravel/framework/src/Illuminate/Http/Response.php(34): Illuminate/Http/Response->setContent()
#10 C:/dict project/e-certify/e-certify/vendor/laravel/framework/src/Illuminate/Routing/Router.php(939): Illuminate/Http/Response->__construct()
#11 C:/dict project/e-certify/e-certify/vendor/laravel/framework/src/Illuminate/Routing/Router.php(906): Illuminate/Routing/Router::toResponse()
#12 C:/dict project/e-certify/e-certify/vendor/laravel/framework/src/Illuminate/Routing/Router.php(821): Illuminate/Routing/Router->prepareResponse()
#13 C:/dict project/e-certify/e-certify/vendor/laravel/framework/src/Illuminate/Pipeline/Pipeline.php(180): Illuminate/Routing/Router->{closure:Illuminate/Routing/Router::runRouteWithinStack():821}()
#14 C:/dict project/e-certify/e-certify/vendor/laravel/boost/src/Middleware/InjectBoost.php(22): Illuminate/Pipeline/Pipeline->{closure:Illuminate/Pipeline/Pipeline::prepareDestination():178}()
#15 C:/dict project/e-certify/e-certify/vendor/laravel/framework/src/Illuminate/Pipeline/Pipeline.php(219): Laravel/Boost/Middleware/InjectBoost->handle()
#16 C:/dict project/e-certify/e-certify/vendor/laravel/framework/src/Illuminate/Routing/Middleware/SubstituteBindings.php(50): Illuminate/Pipeline/Pipeline->{closure:{closure:Illuminate/Pipeline/Pipeline::carry():194}:195}()
#17 C:/dict project/e-certify/e-certify/vendor/laravel/framework/src/Illuminate/Pipeline/Pipeline.php(219): Illuminate/Routing/Middleware/SubstituteBindings->handle()
#18 C:/dict project/e-certify/e-certify/vendor/laravel/framework/src/Illuminate/Auth/Middleware/Authenticate.php(63): Illuminate/Pipeline/Pipeline->{closure:{closure:Illuminate/Pipeline/Pipeline::carry():194}:195}()
#19 C:/dict project/e-certify/e-certify/vendor/laravel/framework/src/Illuminate/Pipeline/Pipeline.php(219): Illuminate/Auth/Middleware/Authenticate->handle()
#20 C:/dict project/e-certify/e-certify/vendor/laravel/framework/src/Illuminate/Foundation/Http/Middleware/VerifyCsrfToken.php(87): Illuminate/Pipeline/Pipeline->{closure:{closure:Illuminate/Pipeline/Pipeline::carry():194}:195}()
#21 C:/dict project/e-certify/e-certify/vendor/laravel/framework/src/Illuminate/Pipeline/Pipeline.php(219): Illuminate/Foundation/Http/Middleware/VerifyCsrfToken->handle()
#22 C:/dict project/e-certify/e-certify/vendor/laravel/framework/src/Illuminate/View/Middleware/ShareErrorsFromSession.php(48): Illuminate/Pipeline/Pipeline->{closure:{closure:Illuminate/Pipeline/Pipeline::carry():194}:195}()
#23 C:/dict project/e-certify/e-certify/vendor/laravel/framework/src/Illuminate/Pipeline/Pipeline.php(219): Illuminate/View/Middleware/ShareErrorsFromSession->handle()
#24 C:/dict project/e-certify/e-certify/vendor/laravel/framework/src/Illuminate/Session/Middleware/StartSession.php(120): Illuminate/Pipeline/Pipeline->{closure:{closure:Illuminate/Pipeline/Pipeline::carry():194}:195}()
#25 C:/dict project/e-certify/e-certify/vendor/laravel/framework/src/Illuminate/Session/Middleware/StartSession.php(63): Illuminate/Session/Middleware/StartSession->handleStatefulRequest()
#26 C:/dict project/e-certify/e-certify/vendor/laravel/framework/src/Illuminate/Pipeline/Pipeline.php(219): Illuminate/Session/Middleware/StartSession->handle()
#27 C:/dict project/e-certify/e-certify/vendor/laravel/framework/src/Illuminate/Cookie/Middleware/AddQueuedCookiesToResponse.php(36): Illuminate/Pipeline/Pipeline->{closure:{closure:Illuminate/Pipeline/Pipeline::carry():194}:195}()
#28 C:/dict project/e-certify/e-certify/vendor/laravel/framework/src/Illuminate/Pipeline/Pipeline.php(219): Illuminate/Cookie/Middleware/AddQueuedCookiesToResponse->handle()
#29 C:/dict project/e-certify/e-certify/vendor/laravel/framework/src/Illuminate/Cookie/Middleware/EncryptCookies.php(74): Illuminate/Pipeline/Pipeline->{closure:{closure:Illuminate/Pipeline/Pipeline::carry():194}:195}()
#30 C:/dict project/e-certify/e-certify/vendor/laravel/framework/src/Illuminate/Pipeline/Pipeline.php(219): Illuminate/Cookie/Middleware/EncryptCookies->handle()
#31 C:/dict project/e-certify/e-certify/vendor/laravel/framework/src/Illuminate/Pipeline/Pipeline.php(137): Illuminate/Pipeline/Pipeline->{closure:{closure:Illuminate/Pipeline/Pipeline::carry():194}:195}()
#32 C:/dict project/e-certify/e-certify/vendor/laravel/framework/src/Illuminate/Routing/Router.php(821): Illuminate/Pipeline/Pipeline->then()
#33 C:/dict project/e-certify/e-certify/vendor/laravel/framework/src/Illuminate/Routing/Router.php(800): Illuminate/Routing/Router->runRouteWithinStack()
#34 C:/dict project/e-certify/e-certify/vendor/laravel/framework/src/Illuminate/Routing/Router.php(764): Illuminate/Routing/Router->runRoute()
#35 C:/dict project/e-certify/e-certify/vendor/laravel/framework/src/Illuminate/Routing/Router.php(753): Illuminate/Routing/Router->dispatchToRoute()
#36 C:/dict project/e-certify/e-certify/vendor/laravel/framework/src/Illuminate/Foundation/Http/Kernel.php(200): Illuminate/Routing/Router->dispatch()
#37 C:/dict project/e-certify/e-certify/vendor/laravel/framework/src/Illuminate/Pipeline/Pipeline.php(180): Illuminate/Foundation/Http/Kernel->{closure:Illuminate/Foundation/Http/Kernel::dispatchToRouter():197}()
#38 C:/dict project/e-certify/e-certify/vendor/livewire/livewire/src/Features/SupportDisablingBackButtonCache/DisableBackButtonCacheMiddleware.php(19): Illuminate/Pipeline/Pipeline->{closure:Illuminate/Pipeline/Pipeline::prepareDestination():178}()
#39 C:/dict project/e-certify/e-certify/vendor/laravel/framework/src/Illuminate/Pipeline/Pipeline.php(219): Livewire/Features/SupportDisablingBackButtonCache/DisableBackButtonCacheMiddleware->handle()
#40 C:/dict project/e-certify/e-certify/vendor/laravel/framework/src/Illuminate/Foundation/Http/Middleware/TransformsRequest.php(21): Illuminate/Pipeline/Pipeline->{closure:{closure:Illuminate/Pipeline/Pipeline::carry():194}:195}()
#41 C:/dict project/e-certify/e-certify/vendor/laravel/framework/src/Illuminate/Foundation/Http/Middleware/ConvertEmptyStringsToNull.php(31): Illuminate/Foundation/Http/Middleware/TransformsRequest->handle()
#42 C:/dict project/e-certify/e-certify/vendor/laravel/framework/src/Illuminate/Pipeline/Pipeline.php(219): Illuminate/Foundation/Http/Middleware/ConvertEmptyStringsToNull->handle()
#43 C:/dict project/e-certify/e-certify/vendor/laravel/framework/src/Illuminate/Foundation/Http/Middleware/TransformsRequest.php(21): Illuminate/Pipeline/Pipeline->{closure:{closure:Illuminate/Pipeline/Pipeline::carry():194}:195}()
#44 C:/dict project/e-certify/e-certify/vendor/laravel/framework/src/Illuminate/Foundation/Http/Middleware/TrimStrings.php(51): Illuminate/Foundation/Http/Middleware/TransformsRequest->handle()
#45 C:/dict project/e-certify/e-certify/vendor/laravel/framework/src/Illuminate/Pipeline/Pipeline.php(219): Illuminate/Foundation/Http/Middleware/TrimStrings->handle()
#46 C:/dict project/e-certify/e-certify/vendor/laravel/framework/src/Illuminate/Http/Middleware/ValidatePostSize.php(27): Illuminate/Pipeline/Pipeline->{closure:{closure:Illuminate/Pipeline/Pipeline::carry():194}:195}()
#47 C:/dict project/e-certify/e-certify/vendor/laravel/framework/src/Illuminate/Pipeline/Pipeline.php(219): Illuminate/Http/Middleware/ValidatePostSize->handle()
#48 C:/dict project/e-certify/e-certify/vendor/laravel/framework/src/Illuminate/Foundation/Http/Middleware/PreventRequestsDuringMaintenance.php(109): Illuminate/Pipeline/Pipeline->{closure:{closure:Illuminate/Pipeline/Pipeline::carry():194}:195}()
#49 C:/dict project/e-certify/e-certify/vendor/laravel/framework/src/Illuminate/Pipeline/Pipeline.php(219): Illuminate/Foundation/Http/Middleware/PreventRequestsDuringMaintenance->handle()
#50 C:/dict project/e-certify/e-certify/vendor/laravel/framework/src/Illuminate/Http/Middleware/HandleCors.php(61): Illuminate/Pipeline/Pipeline->{closure:{closure:Illuminate/Pipeline/Pipeline::carry():194}:195}()
#51 C:/dict project/e-certify/e-certify/vendor/laravel/framework/src/Illuminate/Pipeline/Pipeline.php(219): Illuminate/Http/Middleware/HandleCors->handle()
#52 C:/dict project/e-certify/e-certify/vendor/laravel/framework/src/Illuminate/Http/Middleware/TrustProxies.php(58): Illuminate/Pipeline/Pipeline->{closure:{closure:Illuminate/Pipeline/Pipeline::carry():194}:195}()
#53 C:/dict project/e-certify/e-certify/vendor/laravel/framework/src/Illuminate/Pipeline/Pipeline.php(219): Illuminate/Http/Middleware/TrustProxies->handle()
#54 C:/dict project/e-certify/e-certify/vendor/laravel/framework/src/Illuminate/Foundation/Http/Middleware/InvokeDeferredCallbacks.php(22): Illuminate/Pipeline/Pipeline->{closure:{closure:Illuminate/Pipeline/Pipeline::carry():194}:195}()
#55 C:/dict project/e-certify/e-certify/vendor/laravel/framework/src/Illuminate/Pipeline/Pipeline.php(219): Illuminate/Foundation/Http/Middleware/InvokeDeferredCallbacks->handle()
#56 C:/dict project/e-certify/e-certify/vendor/laravel/framework/src/Illuminate/Http/Middleware/ValidatePathEncoding.php(26): Illuminate/Pipeline/Pipeline->{closure:{closure:Illuminate/Pipeline/Pipeline::carry():194}:195}()
#57 C:/dict project/e-certify/e-certify/vendor/laravel/framework/src/Illuminate/Pipeline/Pipeline.php(219): Illuminate/Http/Middleware/ValidatePathEncoding->handle()
#58 C:/dict project/e-certify/e-certify/vendor/laravel/framework/src/Illuminate/Pipeline/Pipeline.php(137): Illuminate/Pipeline/Pipeline->{closure:{closure:Illuminate/Pipeline/Pipeline::carry():194}:195}()
#59 C:/dict project/e-certify/e-certify/vendor/laravel/framework/src/Illuminate/Foundation/Http/Kernel.php(175): Illuminate/Pipeline/Pipeline->then()
#60 C:/dict project/e-certify/e-certify/vendor/laravel/framework/src/Illuminate/Foundation/Http/Kernel.php(144): Illuminate/Foundation/Http/Kernel->sendRequestThroughRouter()
#61 C:/dict project/e-certify/e-certify/vendor/laravel/framework/src/Illuminate/Foundation/Application.php(1220): Illuminate/Foundation/Http/Kernel->handle()
#62 C:/dict project/e-certify/e-certify/public/index.php(20): Illuminate/Foundation/Application->handleRequest()
#63 C:/dict project/e-certify/e-certify/vendor/laravel/framework/src/Illuminate/Foundation/resources/server.php(23): require_once('...')
#64 {main}

[previous exception] [object] (ParseError(code: 0): syntax error, unexpected token \":\", expecting \"(\" at C:/dict project/e-certify/e-certify/storage/framework/views/40c03e51ad64bb1070b46c79fb82f625.php:46)
[stacktrace]
#0 C:/dict project/e-certify/e-certify/vendor/laravel/framework/src/Illuminate/Filesystem/Filesystem.php(124): Illuminate/Filesystem/Filesystem::{closure:Illuminate/Filesystem/Filesystem::getRequire():120}()
#1 C:/dict project/e-certify/e-certify/vendor/laravel/framework/src/Illuminate/View/Engines/PhpEngine.php(57): Illuminate/Filesystem/Filesystem->getRequire()
#2 C:/dict project/e-certify/e-certify/vendor/livewire/livewire/src/Mechanisms/ExtendBlade/ExtendedCompilerEngine.php(22): Illuminate/View/Engines/PhpEngine->evaluatePath()
#3 C:/dict project/e-certify/e-certify/vendor/laravel/framework/src/Illuminate/View/Engines/CompilerEngine.php(76): Livewire/Mechanisms/ExtendBlade/ExtendedCompilerEngine->evaluatePath()
#4 C:/dict project/e-certify/e-certify/vendor/livewire/livewire/src/Mechanisms/ExtendBlade/ExtendedCompilerEngine.php(10): Illuminate/View/Engines/CompilerEngine->get()
#5 C:/dict project/e-certify/e-certify/vendor/laravel/framework/src/Illuminate/View/View.php(208): Livewire/Mechanisms/ExtendBlade/ExtendedCompilerEngine->get()
#6 C:/dict project/e-certify/e-certify/vendor/laravel/framework/src/Illuminate/View/View.php(191): Illuminate/View/View->getContents()
#7 C:/dict project/e-certify/e-certify/vendor/laravel/framework/src/Illuminate/View/View.php(160): Illuminate/View/View->renderContents()
#8 C:/dict project/e-certify/e-certify/vendor/laravel/framework/src/Illuminate/Http/Response.php(78): Illuminate/View/View->render()
#9 C:/dict project/e-certify/e-certify/vendor/laravel/framework/src/Illuminate/Http/Response.php(34): Illuminate/Http/Response->setContent()
#10 C:/dict project/e-certify/e-certify/vendor/laravel/framework/src/Illuminate/Routing/Router.php(939): Illuminate/Http/Response->__construct()
#11 C:/dict project/e-certify/e-certify/vendor/laravel/framework/src/Illuminate/Routing/Router.php(906): Illuminate/Routing/Router::toResponse()
#12 C:/dict project/e-certify/e-certify/vendor/laravel/framework/src/Illuminate/Routing/Router.php(821): Illuminate/Routing/Router->prepareResponse()
#13 C:/dict project/e-certify/e-certify/vendor/laravel/framework/src/Illuminate/Pipeline/Pipeline.php(180): Illuminate/Routing/Router->{closure:Illuminate/Routing/Router::runRouteWithinStack():821}()
#14 C:/dict project/e-certify/e-certify/vendor/laravel/boost/src/Middleware/InjectBoost.php(22): Illuminate/Pipeline/Pipeline->{closure:Illuminate/Pipeline/Pipeline::prepareDestination():178}()
#15 C:/dict project/e-certify/e-certify/vendor/laravel/framework/src/Illuminate/Pipeline/Pipeline.php(219): Laravel/Boost/Middleware/InjectBoost->handle()
#16 C:/dict project/e-certify/e-certify/vendor/laravel/framework/src/Illuminate/Routing/Middleware/SubstituteBindings.php(50): Illuminate/Pipeline/Pipeline->{closure:{closure:Illuminate/Pipeline/Pipeline::carry():194}:195}()
#17 C:/dict project/e-certify/e-certify/vendor/laravel/framework/src/Illuminate/Pipeline/Pipeline.php(219): Illuminate/Routing/Middleware/SubstituteBindings->handle()
#18 C:/dict project/e-certify/e-certify/vendor/laravel/framework/src/Illuminate/Auth/Middleware/Authenticate.php(63): Illuminate/Pipeline/Pipeline->{closure:{closure:Illuminate/Pipeline/Pipeline::carry():194}:195}()
#19 C:/dict project/e-certify/e-certify/vendor/laravel/framework/src/Illuminate/Pipeline/Pipeline.php(219): Illuminate/Auth/Middleware/Authenticate->handle()
#20 C:/dict project/e-certify/e-certify/vendor/laravel/framework/src/Illuminate/Foundation/Http/Middleware/VerifyCsrfToken.php(87): Illuminate/Pipeline/Pipeline->{closure:{closure:Illuminate/Pipeline/Pipeline::carry():194}:195}()
#21 C:/dict project/e-certify/e-certify/vendor/laravel/framework/src/Illuminate/Pipeline/Pipeline.php(219): Illuminate/Foundation/Http/Middleware/VerifyCsrfToken->handle()
#22 C:/dict project/e-certify/e-certify/vendor/laravel/framework/src/Illuminate/View/Middleware/ShareErrorsFromSession.php(48): Illuminate/Pipeline/Pipeline->{closure:{closure:Illuminate/Pipeline/Pipeline::carry():194}:195}()
#23 C:/dict project/e-certify/e-certify/vendor/laravel/framework/src/Illuminate/Pipeline/Pipeline.php(219): Illuminate/View/Middleware/ShareErrorsFromSession->handle()
#24 C:/dict project/e-certify/e-certify/vendor/laravel/framework/src/Illuminate/Session/Middleware/StartSession.php(120): Illuminate/Pipeline/Pipeline->{closure:{closure:Illuminate/Pipeline/Pipeline::carry():194}:195}()
#25 C:/dict project/e-certify/e-certify/vendor/laravel/framework/src/Illuminate/Session/Middleware/StartSession.php(63): Illuminate/Session/Middleware/StartSession->handleStatefulRequest()
#26 C:/dict project/e-certify/e-certify/vendor/laravel/framework/src/Illuminate/Pipeline/Pipeline.php(219): Illuminate/Session/Middleware/StartSession->handle()
#27 C:/dict project/e-certify/e-certify/vendor/laravel/framework/src/Illuminate/Cookie/Middleware/AddQueuedCookiesToResponse.php(36): Illuminate/Pipeline/Pipeline->{closure:{closure:Illuminate/Pipeline/Pipeline::carry():194}:195}()
#28 C:/dict project/e-certify/e-certify/vendor/laravel/framework/src/Illuminate/Pipeline/Pipeline.php(219): Illuminate/Cookie/Middleware/AddQueuedCookiesToResponse->handle()
#29 C:/dict project/e-certify/e-certify/vendor/laravel/framework/src/Illuminate/Cookie/Middleware/EncryptCookies.php(74): Illuminate/Pipeline/Pipeline->{closure:{closure:Illuminate/Pipeline/Pipeline::carry():194}:195}()
#30 C:/dict project/e-certify/e-certify/vendor/laravel/framework/src/Illuminate/Pipeline/Pipeline.php(219): Illuminate/Cookie/Middleware/EncryptCookies->handle()
#31 C:/dict project/e-certify/e-certify/vendor/laravel/framework/src/Illuminate/Pipeline/Pipeline.php(137): Illuminate/Pipeline/Pipeline->{closure:{closure:Illuminate/Pipeline/Pipeline::carry():194}:195}()
#32 C:/dict project/e-certify/e-certify/vendor/laravel/framework/src/Illuminate/Routing/Router.php(821): Illuminate/Pipeline/Pipeline->then()
#33 C:/dict project/e-certify/e-certify/vendor/laravel/framework/src/Illuminate/Routing/Router.php(800): Illuminate/Routing/Router->runRouteWithinStack()
#34 C:/dict project/e-certify/e-certify/vendor/laravel/framework/src/Illuminate/Routing/Router.php(764): Illuminate/Routing/Router->runRoute()
#35 C:/dict project/e-certify/e-certify/vendor/laravel/framework/src/Illuminate/Routing/Router.php(753): Illuminate/Routing/Router->dispatchToRoute()
#36 C:/dict project/e-certify/e-certify/vendor/laravel/framework/src/Illuminate/Foundation/Http/Kernel.php(200): Illuminate/Routing/Router->dispatch()
#37 C:/dict project/e-certify/e-certify/vendor/laravel/framework/src/Illuminate/Pipeline/Pipeline.php(180): Illuminate/Foundation/Http/Kernel->{closure:Illuminate/Foundation/Http/Kernel::dispatchToRouter():197}()
#38 C:/dict project/e-certify/e-certify/vendor/livewire/livewire/src/Features/SupportDisablingBackButtonCache/DisableBackButtonCacheMiddleware.php(19): Illuminate/Pipeline/Pipeline->{closure:Illuminate/Pipeline/Pipeline::prepareDestination():178}()
#39 C:/dict project/e-certify/e-certify/vendor/laravel/framework/src/Illuminate/Pipeline/Pipeline.php(219): Livewire/Features/SupportDisablingBackButtonCache/DisableBackButtonCacheMiddleware->handle()
#40 C:/dict project/e-certify/e-certify/vendor/laravel/framework/src/Illuminate/Foundation/Http/Middleware/TransformsRequest.php(21): Illuminate/Pipeline/Pipeline->{closure:{closure:Illuminate/Pipeline/Pipeline::carry():194}:195}()
#41 C:/dict project/e-certify/e-certify/vendor/laravel/framework/src/Illuminate/Foundation/Http/Middleware/ConvertEmptyStringsToNull.php(31): Illuminate/Foundation/Http/Middleware/TransformsRequest->handle()
#42 C:/dict project/e-certify/e-certify/vendor/laravel/framework/src/Illuminate/Pipeline/Pipeline.php(219): Illuminate/Foundation/Http/Middleware/ConvertEmptyStringsToNull->handle()
#43 C:/dict project/e-certify/e-certify/vendor/laravel/framework/src/Illuminate/Foundation/Http/Middleware/TransformsRequest.php(21): Illuminate/Pipeline/Pipeline->{closure:{closure:Illuminate/Pipeline/Pipeline::carry():194}:195}()
#44 C:/dict project/e-certify/e-certify/vendor/laravel/framework/src/Illuminate/Foundation/Http/Middleware/TrimStrings.php(51): Illuminate/Foundation/Http/Middleware/TransformsRequest->handle()
#45 C:/dict project/e-certify/e-certify/vendor/laravel/framework/src/Illuminate/Pipeline/Pipeline.php(219): Illuminate/Foundation/Http/Middleware/TrimStrings->handle()
#46 C:/dict project/e-certify/e-certify/vendor/laravel/framework/src/Illuminate/Http/Middleware/ValidatePostSize.php(27): Illuminate/Pipeline/Pipeline->{closure:{closure:Illuminate/Pipeline/Pipeline::carry():194}:195}()
#47 C:/dict project/e-certify/e-certify/vendor/laravel/framework/src/Illuminate/Pipeline/Pipeline.php(219): Illuminate/Http/Middleware/ValidatePostSize->handle()
#48 C:/dict project/e-certify/e-certify/vendor/laravel/framework/src/Illuminate/Foundation/Http/Middleware/PreventRequestsDuringMaintenance.php(109): Illuminate/Pipeline/Pipeline->{closure:{closure:Illuminate/Pipeline/Pipeline::carry():194}:195}()
#49 C:/dict project/e-certify/e-certify/vendor/laravel/framework/src/Illuminate/Pipeline/Pipeline.php(219): Illuminate/Foundation/Http/Middleware/PreventRequestsDuringMaintenance->handle()
#50 C:/dict project/e-certify/e-certify/vendor/laravel/framework/src/Illuminate/Http/Middleware/HandleCors.php(61): Illuminate/Pipeline/Pipeline->{closure:{closure:Illuminate/Pipeline/Pipeline::carry():194}:195}()
#51 C:/dict project/e-certify/e-certify/vendor/laravel/framework/src/Illuminate/Pipeline/Pipeline.php(219): Illuminate/Http/Middleware/HandleCors->handle()
#52 C:/dict project/e-certify/e-certify/vendor/laravel/framework/src/Illuminate/Http/Middleware/TrustProxies.php(58): Illuminate/Pipeline/Pipeline->{closure:{closure:Illuminate/Pipeline/Pipeline::carry():194}:195}()
#53 C:/dict project/e-certify/e-certify/vendor/laravel/framework/src/Illuminate/Pipeline/Pipeline.php(219): Illuminate/Http/Middleware/TrustProxies->handle()
#54 C:/dict project/e-certify/e-certify/vendor/laravel/framework/src/Illuminate/Foundation/Http/Middleware/InvokeDeferredCallbacks.php(22): Illuminate/Pipeline/Pipeline->{closure:{closure:Illuminate/Pipeline/Pipeline::carry():194}:195}()
#55 C:/dict project/e-certify/e-certify/vendor/laravel/framework/src/Illuminate/Pipeline/Pipeline.php(219): Illuminate/Foundation/Http/Middleware/InvokeDeferredCallbacks->handle()
#56 C:/dict project/e-certify/e-certify/vendor/laravel/framework/src/Illuminate/Http/Middleware/ValidatePathEncoding.php(26): Illuminate/Pipeline/Pipeline->{closure:{closure:Illuminate/Pipeline/Pipeline::carry():194}:195}()
#57 C:/dict project/e-certify/e-certify/vendor/laravel/framework/src/Illuminate/Pipeline/Pipeline.php(219): Illuminate/Http/Middleware/ValidatePathEncoding->handle()
#58 C:/dict project/e-certify/e-certify/vendor/laravel/framework/src/Illuminate/Pipeline/Pipeline.php(137): Illuminate/Pipeline/Pipeline->{closure:{closure:Illuminate/Pipeline/Pipeline::carry():194}:195}()
#59 C:/dict project/e-certify/e-certify/vendor/laravel/framework/src/Illuminate/Foundation/Http/Kernel.php(175): Illuminate/Pipeline/Pipeline->then()
#60 C:/dict project/e-certify/e-certify/vendor/laravel/framework/src/Illuminate/Foundation/Http/Kernel.php(144): Illuminate/Foundation/Http/Kernel->sendRequestThroughRouter()
#61 C:/dict project/e-certify/e-certify/vendor/laravel/framework/src/Illuminate/Foundation/Application.php(1220): Illuminate/Foundation/Http/Kernel->handle()
#62 C:/dict project/e-certify/e-certify/public/index.php(20): Illuminate/Foundation/Application->handleRequest()
#63 C:/dict project/e-certify/e-certify/vendor/laravel/framework/src/Illuminate/Foundation/resources/server.php(23): require_once('...')
#64 {main}
"} 
[2026-03-10 05:30:18] local.ERROR: Maximum execution time of 30 seconds exceeded {"exception":"[object] (Symfony\\Component\\ErrorHandler\\Error\\FatalError(code: 0): Maximum execution time of 30 seconds exceeded at C:/dict project/e-certify/e-certify/vendor/symfony/mailer/Transport/Smtp/Stream/SocketStream.php:154)
[stacktrace]
#0 {main}
"} 
[2026-03-10 06:19:38] local.ERROR: SQLSTATE[HY000] [2002] No connection could be made because the target machine actively refused it (Connection: mysql, Host: 127.0.0.1, Port: 3306, Database: ecertify_db, SQL: select * from `cache` where `key` in (laravel-cache-illuminate:queue:restart)) {"exception":"[object] (Illuminate\\Database\\QueryException(code: 2002): SQLSTATE[HY000] [2002] No connection could be made because the target machine actively refused it (Connection: mysql, Host: 127.0.0.1, Port: 3306, Database: ecertify_db, SQL: select * from `cache` where `key` in (laravel-cache-illuminate:queue:restart)) at C:/dict project/e-certify/e-certify/vendor/laravel/framework/src/Illuminate/Database/Connection.php:838)
[stacktrace]
#0 C:/dict project/e-certify/e-certify/vendor/laravel/framework/src/Illuminate/Database/Connection.php(999): Illuminate/Database/Connection->runQueryCallback()
#1 C:/dict project/e-certify/e-certify/vendor/laravel/framework/src/Illuminate/Database/Connection.php(978): Illuminate/Database/Connection->tryAgainIfCausedByLostConnection()
#2 C:/dict project/e-certify/e-certify/vendor/laravel/framework/src/Illuminate/Database/Connection.php(796): Illuminate/Database/Connection->handleQueryException()
#3 C:/dict project/e-certify/e-certify/vendor/laravel/framework/src/Illuminate/Database/Connection.php(411): Illuminate/Database/Connection->run()
#4 C:/dict project/e-certify/e-certify/vendor/laravel/framework/src/Illuminate/Database/Query/Builder.php(3475): Illuminate/Database/Connection->select()
#5 C:/dict project/e-certify/e-certify/vendor/laravel/framework/src/Illuminate/Database/Query/Builder.php(3460): Illuminate/Database/Query/Builder->runSelect()
#6 C:/dict project/e-certify/e-certify/vendor/laravel/framework/src/Illuminate/Database/Query/Builder.php(4050): Illuminate/Database/Query/Builder->{closure:Illuminate/Database/Query/Builder::get():3459}()
#7 C:/dict project/e-certify/e-certify/vendor/laravel/framework/src/Illuminate/Database/Query/Builder.php(3459): Illuminate/Database/Query/Builder->onceWithColumns()
#8 C:/dict project/e-certify/e-certify/vendor/laravel/framework/src/Illuminate/Cache/DatabaseStore.php(140): Illuminate/Database/Query/Builder->get()
#9 C:/dict project/e-certify/e-certify/vendor/laravel/framework/src/Illuminate/Cache/DatabaseStore.php(115): Illuminate/Cache/DatabaseStore->many()
#10 C:/dict project/e-certify/e-certify/vendor/laravel/framework/src/Illuminate/Cache/Repository.php(125): Illuminate/Cache/DatabaseStore->get()
#11 C:/dict project/e-certify/e-certify/vendor/laravel/framework/src/Illuminate/Queue/Worker.php(781): Illuminate/Cache/Repository->get()
#12 C:/dict project/e-certify/e-certify/vendor/laravel/framework/src/Illuminate/Queue/Worker.php(766): Illuminate/Queue/Worker->getTimestampOfLastQueueRestart()
#13 C:/dict project/e-certify/e-certify/vendor/laravel/framework/src/Illuminate/Queue/Worker.php(332): Illuminate/Queue/Worker->queueShouldRestart()
#14 C:/dict project/e-certify/e-certify/vendor/laravel/framework/src/Illuminate/Queue/Worker.php(217): Illuminate/Queue/Worker->stopIfNecessary()
#15 C:/dict project/e-certify/e-certify/vendor/laravel/framework/src/Illuminate/Queue/Console/WorkCommand.php(148): Illuminate/Queue/Worker->daemon()
#16 C:/dict project/e-certify/e-certify/vendor/laravel/framework/src/Illuminate/Queue/Console/WorkCommand.php(131): Illuminate/Queue/Console/WorkCommand->runWorker()
#17 C:/dict project/e-certify/e-certify/vendor/laravel/framework/src/Illuminate/Container/BoundMethod.php(36): Illuminate/Queue/Console/WorkCommand->handle()
#18 C:/dict project/e-certify/e-certify/vendor/laravel/framework/src/Illuminate/Container/Util.php(43): Illuminate/Container/BoundMethod::{closure:Illuminate/Container/BoundMethod::call():35}()
#19 C:/dict project/e-certify/e-certify/vendor/laravel/framework/src/Illuminate/Container/BoundMethod.php(96): Illuminate/Container/Util::unwrapIfClosure()
#20 C:/dict project/e-certify/e-certify/vendor/laravel/framework/src/Illuminate/Container/BoundMethod.php(35): Illuminate/Container/BoundMethod::callBoundMethod()
#21 C:/dict project/e-certify/e-certify/vendor/laravel/framework/src/Illuminate/Container/Container.php(799): Illuminate/Container/BoundMethod::call()
#22 C:/dict project/e-certify/e-certify/vendor/laravel/framework/src/Illuminate/Console/Command.php(211): Illuminate/Container/Container->call()
#23 C:/dict project/e-certify/e-certify/vendor/symfony/console/Command/Command.php(341): Illuminate/Console/Command->execute()
#24 C:/dict project/e-certify/e-certify/vendor/laravel/framework/src/Illuminate/Console/Command.php(180): Symfony/Component/Console/Command/Command->run()
#25 C:/dict project/e-certify/e-certify/vendor/symfony/console/Application.php(1117): Illuminate/Console/Command->run()
#26 C:/dict project/e-certify/e-certify/vendor/symfony/console/Application.php(356): Symfony/Component/Console/Application->doRunCommand()
#27 C:/dict project/e-certify/e-certify/vendor/symfony/console/Application.php(195): Symfony/Component/Console/Application->doRun()
#28 C:/dict project/e-certify/e-certify/vendor/laravel/framework/src/Illuminate/Foundation/Console/Kernel.php(198): Symfony/Component/Console/Application->run()
#29 C:/dict project/e-certify/e-certify/vendor/laravel/framework/src/Illuminate/Foundation/Application.php(1235): Illuminate/Foundation/Console/Kernel->handle()
#30 C:/dict project/e-certify/e-certify/artisan(16): Illuminate/Foundation/Application->handleCommand()
#31 {main}

[previous exception] [object] (PDOException(code: 2002): SQLSTATE[HY000] [2002] No connection could be made because the target machine actively refused it at C:/dict project/e-certify/e-certify/vendor/laravel/framework/src/Illuminate/Database/Connectors/Connector.php:67)
[stacktrace]
#0 C:/dict project/e-certify/e-certify/vendor/laravel/framework/src/Illuminate/Database/Connectors/Connector.php(67): PDO::connect()
#1 C:/dict project/e-certify/e-certify/vendor/laravel/framework/src/Illuminate/Database/Connectors/Connector.php(85): Illuminate/Database/Connectors/Connector->createPdoConnection()
#2 C:/dict project/e-certify/e-certify/vendor/laravel/framework/src/Illuminate/Database/Connectors/Connector.php(48): Illuminate/Database/Connectors/Connector->tryAgainIfCausedByLostConnection()
#3 C:/dict project/e-certify/e-certify/vendor/laravel/framework/src/Illuminate/Database/Connectors/MySqlConnector.php(24): Illuminate/Database/Connectors/Connector->createConnection()
#4 C:/dict project/e-certify/e-certify/vendor/laravel/framework/src/Illuminate/Database/Connectors/ConnectionFactory.php(186): Illuminate/Database/Connectors/MySqlConnector->connect()
#5 [internal function]: Illuminate/Database/Connectors/ConnectionFactory->{closure:Illuminate/Database/Connectors/ConnectionFactory::createPdoResolverWithHosts():181}()
#6 C:/dict project/e-certify/e-certify/vendor/laravel/framework/src/Illuminate/Database/Connection.php(1257): call_user_func()
#7 C:/dict project/e-certify/e-certify/vendor/laravel/framework/src/Illuminate/Database/Connection.php(1295): Illuminate/Database/Connection->getPdo()
#8 C:/dict project/e-certify/e-certify/vendor/laravel/framework/src/Illuminate/Database/Connection.php(525): Illuminate/Database/Connection->getReadPdo()
#9 C:/dict project/e-certify/e-certify/vendor/laravel/framework/src/Illuminate/Database/Connection.php(420): Illuminate/Database/Connection->getPdoForSelect()
#10 C:/dict project/e-certify/e-certify/vendor/laravel/framework/src/Illuminate/Database/Connection.php(827): Illuminate/Database/Connection->{closure:Illuminate/Database/Connection::select():411}()
#11 C:/dict project/e-certify/e-certify/vendor/laravel/framework/src/Illuminate/Database/Connection.php(999): Illuminate/Database/Connection->runQueryCallback()
#12 C:/dict project/e-certify/e-certify/vendor/laravel/framework/src/Illuminate/Database/Connection.php(978): Illuminate/Database/Connection->tryAgainIfCausedByLostConnection()
#13 C:/dict project/e-certify/e-certify/vendor/laravel/framework/src/Illuminate/Database/Connection.php(796): Illuminate/Database/Connection->handleQueryException()
#14 C:/dict project/e-certify/e-certify/vendor/laravel/framework/src/Illuminate/Database/Connection.php(411): Illuminate/Database/Connection->run()
#15 C:/dict project/e-certify/e-certify/vendor/laravel/framework/src/Illuminate/Database/Query/Builder.php(3475): Illuminate/Database/Connection->select()
#16 C:/dict project/e-certify/e-certify/vendor/laravel/framework/src/Illuminate/Database/Query/Builder.php(3460): Illuminate/Database/Query/Builder->runSelect()
#17 C:/dict project/e-certify/e-certify/vendor/laravel/framework/src/Illuminate/Database/Query/Builder.php(4050): Illuminate/Database/Query/Builder->{closure:Illuminate/Database/Query/Builder::get():3459}()
#18 C:/dict project/e-certify/e-certify/vendor/laravel/framework/src/Illuminate/Database/Query/Builder.php(3459): Illuminate/Database/Query/Builder->onceWithColumns()
#19 C:/dict project/e-certify/e-certify/vendor/laravel/framework/src/Illuminate/Cache/DatabaseStore.php(140): Illuminate/Database/Query/Builder->get()
#20 C:/dict project/e-certify/e-certify/vendor/laravel/framework/src/Illuminate/Cache/DatabaseStore.php(115): Illuminate/Cache/DatabaseStore->many()
#21 C:/dict project/e-certify/e-certify/vendor/laravel/framework/src/Illuminate/Cache/Repository.php(125): Illuminate/Cache/DatabaseStore->get()
#22 C:/dict project/e-certify/e-certify/vendor/laravel/framework/src/Illuminate/Queue/Worker.php(781): Illuminate/Cache/Repository->get()
#23 C:/dict project/e-certify/e-certify/vendor/laravel/framework/src/Illuminate/Queue/Worker.php(766): Illuminate/Queue/Worker->getTimestampOfLastQueueRestart()
#24 C:/dict project/e-certify/e-certify/vendor/laravel/framework/src/Illuminate/Queue/Worker.php(332): Illuminate/Queue/Worker->queueShouldRestart()
#25 C:/dict project/e-certify/e-certify/vendor/laravel/framework/src/Illuminate/Queue/Worker.php(217): Illuminate/Queue/Worker->stopIfNecessary()
#26 C:/dict project/e-certify/e-certify/vendor/laravel/framework/src/Illuminate/Queue/Console/WorkCommand.php(148): Illuminate/Queue/Worker->daemon()
#27 C:/dict project/e-certify/e-certify/vendor/laravel/framework/src/Illuminate/Queue/Console/WorkCommand.php(131): Illuminate/Queue/Console/WorkCommand->runWorker()
#28 C:/dict project/e-certify/e-certify/vendor/laravel/framework/src/Illuminate/Container/BoundMethod.php(36): Illuminate/Queue/Console/WorkCommand->handle()
#29 C:/dict project/e-certify/e-certify/vendor/laravel/framework/src/Illuminate/Container/Util.php(43): Illuminate/Container/BoundMethod::{closure:Illuminate/Container/BoundMethod::call():35}()
#30 C:/dict project/e-certify/e-certify/vendor/laravel/framework/src/Illuminate/Container/BoundMethod.php(96): Illuminate/Container/Util::unwrapIfClosure()
#31 C:/dict project/e-certify/e-certify/vendor/laravel/framework/src/Illuminate/Container/BoundMethod.php(35): Illuminate/Container/BoundMethod::callBoundMethod()
#32 C:/dict project/e-certify/e-certify/vendor/laravel/framework/src/Illuminate/Container/Container.php(799): Illuminate/Container/BoundMethod::call()
#33 C:/dict project/e-certify/e-certify/vendor/laravel/framework/src/Illuminate/Console/Command.php(211): Illuminate/Container/Container->call()
#34 C:/dict project/e-certify/e-certify/vendor/symfony/console/Command/Command.php(341): Illuminate/Console/Command->execute()
#35 C:/dict project/e-certify/e-certify/vendor/laravel/framework/src/Illuminate/Console/Command.php(180): Symfony/Component/Console/Command/Command->run()
#36 C:/dict project/e-certify/e-certify/vendor/symfony/console/Application.php(1117): Illuminate/Console/Command->run()
#37 C:/dict project/e-certify/e-certify/vendor/symfony/console/Application.php(356): Symfony/Component/Console/Application->doRunCommand()
#38 C:/dict project/e-certify/e-certify/vendor/symfony/console/Application.php(195): Symfony/Component/Console/Application->doRun()
#39 C:/dict project/e-certify/e-certify/vendor/laravel/framework/src/Illuminate/Foundation/Console/Kernel.php(198): Symfony/Component/Console/Application->run()
#40 C:/dict project/e-certify/e-certify/vendor/laravel/framework/src/Illuminate/Foundation/Application.php(1235): Illuminate/Foundation/Console/Kernel->handle()
#41 C:/dict project/e-certify/e-certify/artisan(16): Illuminate/Foundation/Application->handleCommand()
#42 {main}
"} 
[2026-03-10 07:19:26] local.ERROR: syntax error, unexpected token ":", expecting "(" (View: C:\dict project\e-certify\e-certify\resources\views\livewire\auth\verify-email.blade.php) {"userId":9,"exception":"[object] (Illuminate\\View\\ViewException(code: 0): syntax error, unexpected token \":\", expecting \"(\" (View: C:\\dict project\\e-certify\\e-certify\\resources\\views\\livewire\\auth\\verify-email.blade.php) at C:/dict project/e-certify/e-certify/storage/framework/views/40c03e51ad64bb1070b46c79fb82f625.php:46)
[stacktrace]
#0 C:/dict project/e-certify/e-certify/vendor/livewire/livewire/src/Mechanisms/ExtendBlade/ExtendedCompilerEngine.php(58): Illuminate/View/Engines/CompilerEngine->handleViewException()
#1 C:/dict project/e-certify/e-certify/vendor/laravel/framework/src/Illuminate/View/Engines/PhpEngine.php(59): Livewire/Mechanisms/ExtendBlade/ExtendedCompilerEngine->handleViewException()
#2 C:/dict project/e-certify/e-certify/vendor/livewire/livewire/src/Mechanisms/ExtendBlade/ExtendedCompilerEngine.php(22): Illuminate/View/Engines/PhpEngine->evaluatePath()
#3 C:/dict project/e-certify/e-certify/vendor/laravel/framework/src/Illuminate/View/Engines/CompilerEngine.php(76): Livewire/Mechanisms/ExtendBlade/ExtendedCompilerEngine->evaluatePath()
#4 C:/dict project/e-certify/e-certify/vendor/livewire/livewire/src/Mechanisms/ExtendBlade/ExtendedCompilerEngine.php(10): Illuminate/View/Engines/CompilerEngine->get()
#5 C:/dict project/e-certify/e-certify/vendor/laravel/framework/src/Illuminate/View/View.php(208): Livewire/Mechanisms/ExtendBlade/ExtendedCompilerEngine->get()
#6 C:/dict project/e-certify/e-certify/vendor/laravel/framework/src/Illuminate/View/View.php(191): Illuminate/View/View->getContents()
#7 C:/dict project/e-certify/e-certify/vendor/laravel/framework/src/Illuminate/View/View.php(160): Illuminate/View/View->renderContents()
#8 C:/dict project/e-certify/e-certify/vendor/laravel/framework/src/Illuminate/Http/Response.php(78): Illuminate/View/View->render()
#9 C:/dict project/e-certify/e-certify/vendor/laravel/framework/src/Illuminate/Http/Response.php(34): Illuminate/Http/Response->setContent()
#10 C:/dict project/e-certify/e-certify/vendor/laravel/framework/src/Illuminate/Routing/Router.php(939): Illuminate/Http/Response->__construct()
#11 C:/dict project/e-certify/e-certify/vendor/laravel/framework/src/Illuminate/Routing/Router.php(906): Illuminate/Routing/Router::toResponse()
#12 C:/dict project/e-certify/e-certify/vendor/laravel/framework/src/Illuminate/Routing/Router.php(821): Illuminate/Routing/Router->prepareResponse()
#13 C:/dict project/e-certify/e-certify/vendor/laravel/framework/src/Illuminate/Pipeline/Pipeline.php(180): Illuminate/Routing/Router->{closure:Illuminate/Routing/Router::runRouteWithinStack():821}()
#14 C:/dict project/e-certify/e-certify/vendor/laravel/boost/src/Middleware/InjectBoost.php(22): Illuminate/Pipeline/Pipeline->{closure:Illuminate/Pipeline/Pipeline::prepareDestination():178}()
#15 C:/dict project/e-certify/e-certify/vendor/laravel/framework/src/Illuminate/Pipeline/Pipeline.php(219): Laravel/Boost/Middleware/InjectBoost->handle()
#16 C:/dict project/e-certify/e-certify/vendor/laravel/framework/src/Illuminate/Routing/Middleware/SubstituteBindings.php(50): Illuminate/Pipeline/Pipeline->{closure:{closure:Illuminate/Pipeline/Pipeline::carry():194}:195}()
#17 C:/dict project/e-certify/e-certify/vendor/laravel/framework/src/Illuminate/Pipeline/Pipeline.php(219): Illuminate/Routing/Middleware/SubstituteBindings->handle()
#18 C:/dict project/e-certify/e-certify/vendor/laravel/framework/src/Illuminate/Auth/Middleware/Authenticate.php(63): Illuminate/Pipeline/Pipeline->{closure:{closure:Illuminate/Pipeline/Pipeline::carry():194}:195}()
#19 C:/dict project/e-certify/e-certify/vendor/laravel/framework/src/Illuminate/Pipeline/Pipeline.php(219): Illuminate/Auth/Middleware/Authenticate->handle()
#20 C:/dict project/e-certify/e-certify/vendor/laravel/framework/src/Illuminate/Foundation/Http/Middleware/VerifyCsrfToken.php(87): Illuminate/Pipeline/Pipeline->{closure:{closure:Illuminate/Pipeline/Pipeline::carry():194}:195}()
#21 C:/dict project/e-certify/e-certify/vendor/laravel/framework/src/Illuminate/Pipeline/Pipeline.php(219): Illuminate/Foundation/Http/Middleware/VerifyCsrfToken->handle()
#22 C:/dict project/e-certify/e-certify/vendor/laravel/framework/src/Illuminate/View/Middleware/ShareErrorsFromSession.php(48): Illuminate/Pipeline/Pipeline->{closure:{closure:Illuminate/Pipeline/Pipeline::carry():194}:195}()
#23 C:/dict project/e-certify/e-certify/vendor/laravel/framework/src/Illuminate/Pipeline/Pipeline.php(219): Illuminate/View/Middleware/ShareErrorsFromSession->handle()
#24 C:/dict project/e-certify/e-certify/vendor/laravel/framework/src/Illuminate/Session/Middleware/StartSession.php(120): Illuminate/Pipeline/Pipeline->{closure:{closure:Illuminate/Pipeline/Pipeline::carry():194}:195}()
#25 C:/dict project/e-certify/e-certify/vendor/laravel/framework/src/Illuminate/Session/Middleware/StartSession.php(63): Illuminate/Session/Middleware/StartSession->handleStatefulRequest()
#26 C:/dict project/e-certify/e-certify/vendor/laravel/framework/src/Illuminate/Pipeline/Pipeline.php(219): Illuminate/Session/Middleware/StartSession->handle()
#27 C:/dict project/e-certify/e-certify/vendor/laravel/framework/src/Illuminate/Cookie/Middleware/AddQueuedCookiesToResponse.php(36): Illuminate/Pipeline/Pipeline->{closure:{closure:Illuminate/Pipeline/Pipeline::carry():194}:195}()
#28 C:/dict project/e-certify/e-certify/vendor/laravel/framework/src/Illuminate/Pipeline/Pipeline.php(219): Illuminate/Cookie/Middleware/AddQueuedCookiesToResponse->handle()
#29 C:/dict project/e-certify/e-certify/vendor/laravel/framework/src/Illuminate/Cookie/Middleware/EncryptCookies.php(74): Illuminate/Pipeline/Pipeline->{closure:{closure:Illuminate/Pipeline/Pipeline::carry():194}:195}()
#30 C:/dict project/e-certify/e-certify/vendor/laravel/framework/src/Illuminate/Pipeline/Pipeline.php(219): Illuminate/Cookie/Middleware/EncryptCookies->handle()
#31 C:/dict project/e-certify/e-certify/vendor/laravel/framework/src/Illuminate/Pipeline/Pipeline.php(137): Illuminate/Pipeline/Pipeline->{closure:{closure:Illuminate/Pipeline/Pipeline::carry():194}:195}()
#32 C:/dict project/e-certify/e-certify/vendor/laravel/framework/src/Illuminate/Routing/Router.php(821): Illuminate/Pipeline/Pipeline->then()
#33 C:/dict project/e-certify/e-certify/vendor/laravel/framework/src/Illuminate/Routing/Router.php(800): Illuminate/Routing/Router->runRouteWithinStack()
#34 C:/dict project/e-certify/e-certify/vendor/laravel/framework/src/Illuminate/Routing/Router.php(764): Illuminate/Routing/Router->runRoute()
#35 C:/dict project/e-certify/e-certify/vendor/laravel/framework/src/Illuminate/Routing/Router.php(753): Illuminate/Routing/Router->dispatchToRoute()
#36 C:/dict project/e-certify/e-certify/vendor/laravel/framework/src/Illuminate/Foundation/Http/Kernel.php(200): Illuminate/Routing/Router->dispatch()
#37 C:/dict project/e-certify/e-certify/vendor/laravel/framework/src/Illuminate/Pipeline/Pipeline.php(180): Illuminate/Foundation/Http/Kernel->{closure:Illuminate/Foundation/Http/Kernel::dispatchToRouter():197}()
#38 C:/dict project/e-certify/e-certify/vendor/livewire/livewire/src/Features/SupportDisablingBackButtonCache/DisableBackButtonCacheMiddleware.php(19): Illuminate/Pipeline/Pipeline->{closure:Illuminate/Pipeline/Pipeline::prepareDestination():178}()
#39 C:/dict project/e-certify/e-certify/vendor/laravel/framework/src/Illuminate/Pipeline/Pipeline.php(219): Livewire/Features/SupportDisablingBackButtonCache/DisableBackButtonCacheMiddleware->handle()
#40 C:/dict project/e-certify/e-certify/vendor/laravel/framework/src/Illuminate/Foundation/Http/Middleware/TransformsRequest.php(21): Illuminate/Pipeline/Pipeline->{closure:{closure:Illuminate/Pipeline/Pipeline::carry():194}:195}()
#41 C:/dict project/e-certify/e-certify/vendor/laravel/framework/src/Illuminate/Foundation/Http/Middleware/ConvertEmptyStringsToNull.php(31): Illuminate/Foundation/Http/Middleware/TransformsRequest->handle()
#42 C:/dict project/e-certify/e-certify/vendor/laravel/framework/src/Illuminate/Pipeline/Pipeline.php(219): Illuminate/Foundation/Http/Middleware/ConvertEmptyStringsToNull->handle()
#43 C:/dict project/e-certify/e-certify/vendor/laravel/framework/src/Illuminate/Foundation/Http/Middleware/TransformsRequest.php(21): Illuminate/Pipeline/Pipeline->{closure:{closure:Illuminate/Pipeline/Pipeline::carry():194}:195}()
#44 C:/dict project/e-certify/e-certify/vendor/laravel/framework/src/Illuminate/Foundation/Http/Middleware/TrimStrings.php(51): Illuminate/Foundation/Http/Middleware/TransformsRequest->handle()
#45 C:/dict project/e-certify/e-certify/vendor/laravel/framework/src/Illuminate/Pipeline/Pipeline.php(219): Illuminate/Foundation/Http/Middleware/TrimStrings->handle()
#46 C:/dict project/e-certify/e-certify/vendor/laravel/framework/src/Illuminate/Http/Middleware/ValidatePostSize.php(27): Illuminate/Pipeline/Pipeline->{closure:{closure:Illuminate/Pipeline/Pipeline::carry():194}:195}()
#47 C:/dict project/e-certify/e-certify/vendor/laravel/framework/src/Illuminate/Pipeline/Pipeline.php(219): Illuminate/Http/Middleware/ValidatePostSize->handle()
#48 C:/dict project/e-certify/e-certify/vendor/laravel/framework/src/Illuminate/Foundation/Http/Middleware/PreventRequestsDuringMaintenance.php(109): Illuminate/Pipeline/Pipeline->{closure:{closure:Illuminate/Pipeline/Pipeline::carry():194}:195}()
#49 C:/dict project/e-certify/e-certify/vendor/laravel/framework/src/Illuminate/Pipeline/Pipeline.php(219): Illuminate/Foundation/Http/Middleware/PreventRequestsDuringMaintenance->handle()
#50 C:/dict project/e-certify/e-certify/vendor/laravel/framework/src/Illuminate/Http/Middleware/HandleCors.php(61): Illuminate/Pipeline/Pipeline->{closure:{closure:Illuminate/Pipeline/Pipeline::carry():194}:195}()
#51 C:/dict project/e-certify/e-certify/vendor/laravel/framework/src/Illuminate/Pipeline/Pipeline.php(219): Illuminate/Http/Middleware/HandleCors->handle()
#52 C:/dict project/e-certify/e-certify/vendor/laravel/framework/src/Illuminate/Http/Middleware/TrustProxies.php(58): Illuminate/Pipeline/Pipeline->{closure:{closure:Illuminate/Pipeline/Pipeline::carry():194}:195}()
#53 C:/dict project/e-certify/e-certify/vendor/laravel/framework/src/Illuminate/Pipeline/Pipeline.php(219): Illuminate/Http/Middleware/TrustProxies->handle()
#54 C:/dict project/e-certify/e-certify/vendor/laravel/framework/src/Illuminate/Foundation/Http/Middleware/InvokeDeferredCallbacks.php(22): Illuminate/Pipeline/Pipeline->{closure:{closure:Illuminate/Pipeline/Pipeline::carry():194}:195}()
#55 C:/dict project/e-certify/e-certify/vendor/laravel/framework/src/Illuminate/Pipeline/Pipeline.php(219): Illuminate/Foundation/Http/Middleware/InvokeDeferredCallbacks->handle()
#56 C:/dict project/e-certify/e-certify/vendor/laravel/framework/src/Illuminate/Http/Middleware/ValidatePathEncoding.php(26): Illuminate/Pipeline/Pipeline->{closure:{closure:Illuminate/Pipeline/Pipeline::carry():194}:195}()
#57 C:/dict project/e-certify/e-certify/vendor/laravel/framework/src/Illuminate/Pipeline/Pipeline.php(219): Illuminate/Http/Middleware/ValidatePathEncoding->handle()
#58 C:/dict project/e-certify/e-certify/vendor/laravel/framework/src/Illuminate/Pipeline/Pipeline.php(137): Illuminate/Pipeline/Pipeline->{closure:{closure:Illuminate/Pipeline/Pipeline::carry():194}:195}()
#59 C:/dict project/e-certify/e-certify/vendor/laravel/framework/src/Illuminate/Foundation/Http/Kernel.php(175): Illuminate/Pipeline/Pipeline->then()
#60 C:/dict project/e-certify/e-certify/vendor/laravel/framework/src/Illuminate/Foundation/Http/Kernel.php(144): Illuminate/Foundation/Http/Kernel->sendRequestThroughRouter()
#61 C:/dict project/e-certify/e-certify/vendor/laravel/framework/src/Illuminate/Foundation/Application.php(1220): Illuminate/Foundation/Http/Kernel->handle()
#62 C:/dict project/e-certify/e-certify/public/index.php(20): Illuminate/Foundation/Application->handleRequest()
#63 C:/dict project/e-certify/e-certify/vendor/laravel/framework/src/Illuminate/Foundation/resources/server.php(23): require_once('...')
#64 {main}

[previous exception] [object] (ParseError(code: 0): syntax error, unexpected token \":\", expecting \"(\" at C:/dict project/e-certify/e-certify/storage/framework/views/40c03e51ad64bb1070b46c79fb82f625.php:46)
[stacktrace]
#0 C:/dict project/e-certify/e-certify/vendor/laravel/framework/src/Illuminate/Filesystem/Filesystem.php(124): Illuminate/Filesystem/Filesystem::{closure:Illuminate/Filesystem/Filesystem::getRequire():120}()
#1 C:/dict project/e-certify/e-certify/vendor/laravel/framework/src/Illuminate/View/Engines/PhpEngine.php(57): Illuminate/Filesystem/Filesystem->getRequire()
#2 C:/dict project/e-certify/e-certify/vendor/livewire/livewire/src/Mechanisms/ExtendBlade/ExtendedCompilerEngine.php(22): Illuminate/View/Engines/PhpEngine->evaluatePath()
#3 C:/dict project/e-certify/e-certify/vendor/laravel/framework/src/Illuminate/View/Engines/CompilerEngine.php(76): Livewire/Mechanisms/ExtendBlade/ExtendedCompilerEngine->evaluatePath()
#4 C:/dict project/e-certify/e-certify/vendor/livewire/livewire/src/Mechanisms/ExtendBlade/ExtendedCompilerEngine.php(10): Illuminate/View/Engines/CompilerEngine->get()
#5 C:/dict project/e-certify/e-certify/vendor/laravel/framework/src/Illuminate/View/View.php(208): Livewire/Mechanisms/ExtendBlade/ExtendedCompilerEngine->get()
#6 C:/dict project/e-certify/e-certify/vendor/laravel/framework/src/Illuminate/View/View.php(191): Illuminate/View/View->getContents()
#7 C:/dict project/e-certify/e-certify/vendor/laravel/framework/src/Illuminate/View/View.php(160): Illuminate/View/View->renderContents()
#8 C:/dict project/e-certify/e-certify/vendor/laravel/framework/src/Illuminate/Http/Response.php(78): Illuminate/View/View->render()
#9 C:/dict project/e-certify/e-certify/vendor/laravel/framework/src/Illuminate/Http/Response.php(34): Illuminate/Http/Response->setContent()
#10 C:/dict project/e-certify/e-certify/vendor/laravel/framework/src/Illuminate/Routing/Router.php(939): Illuminate/Http/Response->__construct()
#11 C:/dict project/e-certify/e-certify/vendor/laravel/framework/src/Illuminate/Routing/Router.php(906): Illuminate/Routing/Router::toResponse()
#12 C:/dict project/e-certify/e-certify/vendor/laravel/framework/src/Illuminate/Routing/Router.php(821): Illuminate/Routing/Router->prepareResponse()
#13 C:/dict project/e-certify/e-certify/vendor/laravel/framework/src/Illuminate/Pipeline/Pipeline.php(180): Illuminate/Routing/Router->{closure:Illuminate/Routing/Router::runRouteWithinStack():821}()
#14 C:/dict project/e-certify/e-certify/vendor/laravel/boost/src/Middleware/InjectBoost.php(22): Illuminate/Pipeline/Pipeline->{closure:Illuminate/Pipeline/Pipeline::prepareDestination():178}()
#15 C:/dict project/e-certify/e-certify/vendor/laravel/framework/src/Illuminate/Pipeline/Pipeline.php(219): Laravel/Boost/Middleware/InjectBoost->handle()
#16 C:/dict project/e-certify/e-certify/vendor/laravel/framework/src/Illuminate/Routing/Middleware/SubstituteBindings.php(50): Illuminate/Pipeline/Pipeline->{closure:{closure:Illuminate/Pipeline/Pipeline::carry():194}:195}()
#17 C:/dict project/e-certify/e-certify/vendor/laravel/framework/src/Illuminate/Pipeline/Pipeline.php(219): Illuminate/Routing/Middleware/SubstituteBindings->handle()
#18 C:/dict project/e-certify/e-certify/vendor/laravel/framework/src/Illuminate/Auth/Middleware/Authenticate.php(63): Illuminate/Pipeline/Pipeline->{closure:{closure:Illuminate/Pipeline/Pipeline::carry():194}:195}()
#19 C:/dict project/e-certify/e-certify/vendor/laravel/framework/src/Illuminate/Pipeline/Pipeline.php(219): Illuminate/Auth/Middleware/Authenticate->handle()
#20 C:/dict project/e-certify/e-certify/vendor/laravel/framework/src/Illuminate/Foundation/Http/Middleware/VerifyCsrfToken.php(87): Illuminate/Pipeline/Pipeline->{closure:{closure:Illuminate/Pipeline/Pipeline::carry():194}:195}()
#21 C:/dict project/e-certify/e-certify/vendor/laravel/framework/src/Illuminate/Pipeline/Pipeline.php(219): Illuminate/Foundation/Http/Middleware/VerifyCsrfToken->handle()
#22 C:/dict project/e-certify/e-certify/vendor/laravel/framework/src/Illuminate/View/Middleware/ShareErrorsFromSession.php(48): Illuminate/Pipeline/Pipeline->{closure:{closure:Illuminate/Pipeline/Pipeline::carry():194}:195}()
#23 C:/dict project/e-certify/e-certify/vendor/laravel/framework/src/Illuminate/Pipeline/Pipeline.php(219): Illuminate/View/Middleware/ShareErrorsFromSession->handle()
#24 C:/dict project/e-certify/e-certify/vendor/laravel/framework/src/Illuminate/Session/Middleware/StartSession.php(120): Illuminate/Pipeline/Pipeline->{closure:{closure:Illuminate/Pipeline/Pipeline::carry():194}:195}()
#25 C:/dict project/e-certify/e-certify/vendor/laravel/framework/src/Illuminate/Session/Middleware/StartSession.php(63): Illuminate/Session/Middleware/StartSession->handleStatefulRequest()
#26 C:/dict project/e-certify/e-certify/vendor/laravel/framework/src/Illuminate/Pipeline/Pipeline.php(219): Illuminate/Session/Middleware/StartSession->handle()
#27 C:/dict project/e-certify/e-certify/vendor/laravel/framework/src/Illuminate/Cookie/Middleware/AddQueuedCookiesToResponse.php(36): Illuminate/Pipeline/Pipeline->{closure:{closure:Illuminate/Pipeline/Pipeline::carry():194}:195}()
#28 C:/dict project/e-certify/e-certify/vendor/laravel/framework/src/Illuminate/Pipeline/Pipeline.php(219): Illuminate/Cookie/Middleware/AddQueuedCookiesToResponse->handle()
#29 C:/dict project/e-certify/e-certify/vendor/laravel/framework/src/Illuminate/Cookie/Middleware/EncryptCookies.php(74): Illuminate/Pipeline/Pipeline->{closure:{closure:Illuminate/Pipeline/Pipeline::carry():194}:195}()
#30 C:/dict project/e-certify/e-certify/vendor/laravel/framework/src/Illuminate/Pipeline/Pipeline.php(219): Illuminate/Cookie/Middleware/EncryptCookies->handle()
#31 C:/dict project/e-certify/e-certify/vendor/laravel/framework/src/Illuminate/Pipeline/Pipeline.php(137): Illuminate/Pipeline/Pipeline->{closure:{closure:Illuminate/Pipeline/Pipeline::carry():194}:195}()
#32 C:/dict project/e-certify/e-certify/vendor/laravel/framework/src/Illuminate/Routing/Router.php(821): Illuminate/Pipeline/Pipeline->then()
#33 C:/dict project/e-certify/e-certify/vendor/laravel/framework/src/Illuminate/Routing/Router.php(800): Illuminate/Routing/Router->runRouteWithinStack()
#34 C:/dict project/e-certify/e-certify/vendor/laravel/framework/src/Illuminate/Routing/Router.php(764): Illuminate/Routing/Router->runRoute()
#35 C:/dict project/e-certify/e-certify/vendor/laravel/framework/src/Illuminate/Routing/Router.php(753): Illuminate/Routing/Router->dispatchToRoute()
#36 C:/dict project/e-certify/e-certify/vendor/laravel/framework/src/Illuminate/Foundation/Http/Kernel.php(200): Illuminate/Routing/Router->dispatch()
#37 C:/dict project/e-certify/e-certify/vendor/laravel/framework/src/Illuminate/Pipeline/Pipeline.php(180): Illuminate/Foundation/Http/Kernel->{closure:Illuminate/Foundation/Http/Kernel::dispatchToRouter():197}()
#38 C:/dict project/e-certify/e-certify/vendor/livewire/livewire/src/Features/SupportDisablingBackButtonCache/DisableBackButtonCacheMiddleware.php(19): Illuminate/Pipeline/Pipeline->{closure:Illuminate/Pipeline/Pipeline::prepareDestination():178}()
#39 C:/dict project/e-certify/e-certify/vendor/laravel/framework/src/Illuminate/Pipeline/Pipeline.php(219): Livewire/Features/SupportDisablingBackButtonCache/DisableBackButtonCacheMiddleware->handle()
#40 C:/dict project/e-certify/e-certify/vendor/laravel/framework/src/Illuminate/Foundation/Http/Middleware/TransformsRequest.php(21): Illuminate/Pipeline/Pipeline->{closure:{closure:Illuminate/Pipeline/Pipeline::carry():194}:195}()
#41 C:/dict project/e-certify/e-certify/vendor/laravel/framework/src/Illuminate/Foundation/Http/Middleware/ConvertEmptyStringsToNull.php(31): Illuminate/Foundation/Http/Middleware/TransformsRequest->handle()
#42 C:/dict project/e-certify/e-certify/vendor/laravel/framework/src/Illuminate/Pipeline/Pipeline.php(219): Illuminate/Foundation/Http/Middleware/ConvertEmptyStringsToNull->handle()
#43 C:/dict project/e-certify/e-certify/vendor/laravel/framework/src/Illuminate/Foundation/Http/Middleware/TransformsRequest.php(21): Illuminate/Pipeline/Pipeline->{closure:{closure:Illuminate/Pipeline/Pipeline::carry():194}:195}()
#44 C:/dict project/e-certify/e-certify/vendor/laravel/framework/src/Illuminate/Foundation/Http/Middleware/TrimStrings.php(51): Illuminate/Foundation/Http/Middleware/TransformsRequest->handle()
#45 C:/dict project/e-certify/e-certify/vendor/laravel/framework/src/Illuminate/Pipeline/Pipeline.php(219): Illuminate/Foundation/Http/Middleware/TrimStrings->handle()
#46 C:/dict project/e-certify/e-certify/vendor/laravel/framework/src/Illuminate/Http/Middleware/ValidatePostSize.php(27): Illuminate/Pipeline/Pipeline->{closure:{closure:Illuminate/Pipeline/Pipeline::carry():194}:195}()
#47 C:/dict project/e-certify/e-certify/vendor/laravel/framework/src/Illuminate/Pipeline/Pipeline.php(219): Illuminate/Http/Middleware/ValidatePostSize->handle()
#48 C:/dict project/e-certify/e-certify/vendor/laravel/framework/src/Illuminate/Foundation/Http/Middleware/PreventRequestsDuringMaintenance.php(109): Illuminate/Pipeline/Pipeline->{closure:{closure:Illuminate/Pipeline/Pipeline::carry():194}:195}()
#49 C:/dict project/e-certify/e-certify/vendor/laravel/framework/src/Illuminate/Pipeline/Pipeline.php(219): Illuminate/Foundation/Http/Middleware/PreventRequestsDuringMaintenance->handle()
#50 C:/dict project/e-certify/e-certify/vendor/laravel/framework/src/Illuminate/Http/Middleware/HandleCors.php(61): Illuminate/Pipeline/Pipeline->{closure:{closure:Illuminate/Pipeline/Pipeline::carry():194}:195}()
#51 C:/dict project/e-certify/e-certify/vendor/laravel/framework/src/Illuminate/Pipeline/Pipeline.php(219): Illuminate/Http/Middleware/HandleCors->handle()
#52 C:/dict project/e-certify/e-certify/vendor/laravel/framework/src/Illuminate/Http/Middleware/TrustProxies.php(58): Illuminate/Pipeline/Pipeline->{closure:{closure:Illuminate/Pipeline/Pipeline::carry():194}:195}()
#53 C:/dict project/e-certify/e-certify/vendor/laravel/framework/src/Illuminate/Pipeline/Pipeline.php(219): Illuminate/Http/Middleware/TrustProxies->handle()
#54 C:/dict project/e-certify/e-certify/vendor/laravel/framework/src/Illuminate/Foundation/Http/Middleware/InvokeDeferredCallbacks.php(22): Illuminate/Pipeline/Pipeline->{closure:{closure:Illuminate/Pipeline/Pipeline::carry():194}:195}()
#55 C:/dict project/e-certify/e-certify/vendor/laravel/framework/src/Illuminate/Pipeline/Pipeline.php(219): Illuminate/Foundation/Http/Middleware/InvokeDeferredCallbacks->handle()
#56 C:/dict project/e-certify/e-certify/vendor/laravel/framework/src/Illuminate/Http/Middleware/ValidatePathEncoding.php(26): Illuminate/Pipeline/Pipeline->{closure:{closure:Illuminate/Pipeline/Pipeline::carry():194}:195}()
#57 C:/dict project/e-certify/e-certify/vendor/laravel/framework/src/Illuminate/Pipeline/Pipeline.php(219): Illuminate/Http/Middleware/ValidatePathEncoding->handle()
#58 C:/dict project/e-certify/e-certify/vendor/laravel/framework/src/Illuminate/Pipeline/Pipeline.php(137): Illuminate/Pipeline/Pipeline->{closure:{closure:Illuminate/Pipeline/Pipeline::carry():194}:195}()
#59 C:/dict project/e-certify/e-certify/vendor/laravel/framework/src/Illuminate/Foundation/Http/Kernel.php(175): Illuminate/Pipeline/Pipeline->then()
#60 C:/dict project/e-certify/e-certify/vendor/laravel/framework/src/Illuminate/Foundation/Http/Kernel.php(144): Illuminate/Foundation/Http/Kernel->sendRequestThroughRouter()
#61 C:/dict project/e-certify/e-certify/vendor/laravel/framework/src/Illuminate/Foundation/Application.php(1220): Illuminate/Foundation/Http/Kernel->handle()
#62 C:/dict project/e-certify/e-certify/public/index.php(20): Illuminate/Foundation/Application->handleRequest()
#63 C:/dict project/e-certify/e-certify/vendor/laravel/framework/src/Illuminate/Foundation/resources/server.php(23): require_once('...')
#64 {main}
"} 
[2026-03-10 07:19:50] local.ERROR: syntax error, unexpected token ":", expecting "(" (View: C:\dict project\e-certify\e-certify\resources\views\livewire\auth\verify-email.blade.php) {"userId":9,"exception":"[object] (Illuminate\\View\\ViewException(code: 0): syntax error, unexpected token \":\", expecting \"(\" (View: C:\\dict project\\e-certify\\e-certify\\resources\\views\\livewire\\auth\\verify-email.blade.php) at C:/dict project/e-certify/e-certify/storage/framework/views/40c03e51ad64bb1070b46c79fb82f625.php:46)
[stacktrace]
#0 C:/dict project/e-certify/e-certify/vendor/livewire/livewire/src/Mechanisms/ExtendBlade/ExtendedCompilerEngine.php(58): Illuminate/View/Engines/CompilerEngine->handleViewException()
#1 C:/dict project/e-certify/e-certify/vendor/laravel/framework/src/Illuminate/View/Engines/PhpEngine.php(59): Livewire/Mechanisms/ExtendBlade/ExtendedCompilerEngine->handleViewException()
#2 C:/dict project/e-certify/e-certify/vendor/livewire/livewire/src/Mechanisms/ExtendBlade/ExtendedCompilerEngine.php(22): Illuminate/View/Engines/PhpEngine->evaluatePath()
#3 C:/dict project/e-certify/e-certify/vendor/laravel/framework/src/Illuminate/View/Engines/CompilerEngine.php(76): Livewire/Mechanisms/ExtendBlade/ExtendedCompilerEngine->evaluatePath()
#4 C:/dict project/e-certify/e-certify/vendor/livewire/livewire/src/Mechanisms/ExtendBlade/ExtendedCompilerEngine.php(10): Illuminate/View/Engines/CompilerEngine->get()
#5 C:/dict project/e-certify/e-certify/vendor/laravel/framework/src/Illuminate/View/View.php(208): Livewire/Mechanisms/ExtendBlade/ExtendedCompilerEngine->get()
#6 C:/dict project/e-certify/e-certify/vendor/laravel/framework/src/Illuminate/View/View.php(191): Illuminate/View/View->getContents()
#7 C:/dict project/e-certify/e-certify/vendor/laravel/framework/src/Illuminate/View/View.php(160): Illuminate/View/View->renderContents()
#8 C:/dict project/e-certify/e-certify/vendor/laravel/framework/src/Illuminate/Http/Response.php(78): Illuminate/View/View->render()
#9 C:/dict project/e-certify/e-certify/vendor/laravel/framework/src/Illuminate/Http/Response.php(34): Illuminate/Http/Response->setContent()
#10 C:/dict project/e-certify/e-certify/vendor/laravel/framework/src/Illuminate/Routing/Router.php(939): Illuminate/Http/Response->__construct()
#11 C:/dict project/e-certify/e-certify/vendor/laravel/framework/src/Illuminate/Routing/Router.php(906): Illuminate/Routing/Router::toResponse()
#12 C:/dict project/e-certify/e-certify/vendor/laravel/framework/src/Illuminate/Routing/Router.php(821): Illuminate/Routing/Router->prepareResponse()
#13 C:/dict project/e-certify/e-certify/vendor/laravel/framework/src/Illuminate/Pipeline/Pipeline.php(180): Illuminate/Routing/Router->{closure:Illuminate/Routing/Router::runRouteWithinStack():821}()
#14 C:/dict project/e-certify/e-certify/vendor/laravel/boost/src/Middleware/InjectBoost.php(22): Illuminate/Pipeline/Pipeline->{closure:Illuminate/Pipeline/Pipeline::prepareDestination():178}()
#15 C:/dict project/e-certify/e-certify/vendor/laravel/framework/src/Illuminate/Pipeline/Pipeline.php(219): Laravel/Boost/Middleware/InjectBoost->handle()
#16 C:/dict project/e-certify/e-certify/vendor/laravel/framework/src/Illuminate/Routing/Middleware/SubstituteBindings.php(50): Illuminate/Pipeline/Pipeline->{closure:{closure:Illuminate/Pipeline/Pipeline::carry():194}:195}()
#17 C:/dict project/e-certify/e-certify/vendor/laravel/framework/src/Illuminate/Pipeline/Pipeline.php(219): Illuminate/Routing/Middleware/SubstituteBindings->handle()
#18 C:/dict project/e-certify/e-certify/vendor/laravel/framework/src/Illuminate/Auth/Middleware/Authenticate.php(63): Illuminate/Pipeline/Pipeline->{closure:{closure:Illuminate/Pipeline/Pipeline::carry():194}:195}()
#19 C:/dict project/e-certify/e-certify/vendor/laravel/framework/src/Illuminate/Pipeline/Pipeline.php(219): Illuminate/Auth/Middleware/Authenticate->handle()
#20 C:/dict project/e-certify/e-certify/vendor/laravel/framework/src/Illuminate/Foundation/Http/Middleware/VerifyCsrfToken.php(87): Illuminate/Pipeline/Pipeline->{closure:{closure:Illuminate/Pipeline/Pipeline::carry():194}:195}()
#21 C:/dict project/e-certify/e-certify/vendor/laravel/framework/src/Illuminate/Pipeline/Pipeline.php(219): Illuminate/Foundation/Http/Middleware/VerifyCsrfToken->handle()
#22 C:/dict project/e-certify/e-certify/vendor/laravel/framework/src/Illuminate/View/Middleware/ShareErrorsFromSession.php(48): Illuminate/Pipeline/Pipeline->{closure:{closure:Illuminate/Pipeline/Pipeline::carry():194}:195}()
#23 C:/dict project/e-certify/e-certify/vendor/laravel/framework/src/Illuminate/Pipeline/Pipeline.php(219): Illuminate/View/Middleware/ShareErrorsFromSession->handle()
#24 C:/dict project/e-certify/e-certify/vendor/laravel/framework/src/Illuminate/Session/Middleware/StartSession.php(120): Illuminate/Pipeline/Pipeline->{closure:{closure:Illuminate/Pipeline/Pipeline::carry():194}:195}()
#25 C:/dict project/e-certify/e-certify/vendor/laravel/framework/src/Illuminate/Session/Middleware/StartSession.php(63): Illuminate/Session/Middleware/StartSession->handleStatefulRequest()
#26 C:/dict project/e-certify/e-certify/vendor/laravel/framework/src/Illuminate/Pipeline/Pipeline.php(219): Illuminate/Session/Middleware/StartSession->handle()
#27 C:/dict project/e-certify/e-certify/vendor/laravel/framework/src/Illuminate/Cookie/Middleware/AddQueuedCookiesToResponse.php(36): Illuminate/Pipeline/Pipeline->{closure:{closure:Illuminate/Pipeline/Pipeline::carry():194}:195}()
#28 C:/dict project/e-certify/e-certify/vendor/laravel/framework/src/Illuminate/Pipeline/Pipeline.php(219): Illuminate/Cookie/Middleware/AddQueuedCookiesToResponse->handle()
#29 C:/dict project/e-certify/e-certify/vendor/laravel/framework/src/Illuminate/Cookie/Middleware/EncryptCookies.php(74): Illuminate/Pipeline/Pipeline->{closure:{closure:Illuminate/Pipeline/Pipeline::carry():194}:195}()
#30 C:/dict project/e-certify/e-certify/vendor/laravel/framework/src/Illuminate/Pipeline/Pipeline.php(219): Illuminate/Cookie/Middleware/EncryptCookies->handle()
#31 C:/dict project/e-certify/e-certify/vendor/laravel/framework/src/Illuminate/Pipeline/Pipeline.php(137): Illuminate/Pipeline/Pipeline->{closure:{closure:Illuminate/Pipeline/Pipeline::carry():194}:195}()
#32 C:/dict project/e-certify/e-certify/vendor/laravel/framework/src/Illuminate/Routing/Router.php(821): Illuminate/Pipeline/Pipeline->then()
#33 C:/dict project/e-certify/e-certify/vendor/laravel/framework/src/Illuminate/Routing/Router.php(800): Illuminate/Routing/Router->runRouteWithinStack()
#34 C:/dict project/e-certify/e-certify/vendor/laravel/framework/src/Illuminate/Routing/Router.php(764): Illuminate/Routing/Router->runRoute()
#35 C:/dict project/e-certify/e-certify/vendor/laravel/framework/src/Illuminate/Routing/Router.php(753): Illuminate/Routing/Router->dispatchToRoute()
#36 C:/dict project/e-certify/e-certify/vendor/laravel/framework/src/Illuminate/Foundation/Http/Kernel.php(200): Illuminate/Routing/Router->dispatch()
#37 C:/dict project/e-certify/e-certify/vendor/laravel/framework/src/Illuminate/Pipeline/Pipeline.php(180): Illuminate/Foundation/Http/Kernel->{closure:Illuminate/Foundation/Http/Kernel::dispatchToRouter():197}()
#38 C:/dict project/e-certify/e-certify/vendor/livewire/livewire/src/Features/SupportDisablingBackButtonCache/DisableBackButtonCacheMiddleware.php(19): Illuminate/Pipeline/Pipeline->{closure:Illuminate/Pipeline/Pipeline::prepareDestination():178}()
#39 C:/dict project/e-certify/e-certify/vendor/laravel/framework/src/Illuminate/Pipeline/Pipeline.php(219): Livewire/Features/SupportDisablingBackButtonCache/DisableBackButtonCacheMiddleware->handle()
#40 C:/dict project/e-certify/e-certify/vendor/laravel/framework/src/Illuminate/Foundation/Http/Middleware/TransformsRequest.php(21): Illuminate/Pipeline/Pipeline->{closure:{closure:Illuminate/Pipeline/Pipeline::carry():194}:195}()
#41 C:/dict project/e-certify/e-certify/vendor/laravel/framework/src/Illuminate/Foundation/Http/Middleware/ConvertEmptyStringsToNull.php(31): Illuminate/Foundation/Http/Middleware/TransformsRequest->handle()
#42 C:/dict project/e-certify/e-certify/vendor/laravel/framework/src/Illuminate/Pipeline/Pipeline.php(219): Illuminate/Foundation/Http/Middleware/ConvertEmptyStringsToNull->handle()
#43 C:/dict project/e-certify/e-certify/vendor/laravel/framework/src/Illuminate/Foundation/Http/Middleware/TransformsRequest.php(21): Illuminate/Pipeline/Pipeline->{closure:{closure:Illuminate/Pipeline/Pipeline::carry():194}:195}()
#44 C:/dict project/e-certify/e-certify/vendor/laravel/framework/src/Illuminate/Foundation/Http/Middleware/TrimStrings.php(51): Illuminate/Foundation/Http/Middleware/TransformsRequest->handle()
#45 C:/dict project/e-certify/e-certify/vendor/laravel/framework/src/Illuminate/Pipeline/Pipeline.php(219): Illuminate/Foundation/Http/Middleware/TrimStrings->handle()
#46 C:/dict project/e-certify/e-certify/vendor/laravel/framework/src/Illuminate/Http/Middleware/ValidatePostSize.php(27): Illuminate/Pipeline/Pipeline->{closure:{closure:Illuminate/Pipeline/Pipeline::carry():194}:195}()
#47 C:/dict project/e-certify/e-certify/vendor/laravel/framework/src/Illuminate/Pipeline/Pipeline.php(219): Illuminate/Http/Middleware/ValidatePostSize->handle()
#48 C:/dict project/e-certify/e-certify/vendor/laravel/framework/src/Illuminate/Foundation/Http/Middleware/PreventRequestsDuringMaintenance.php(109): Illuminate/Pipeline/Pipeline->{closure:{closure:Illuminate/Pipeline/Pipeline::carry():194}:195}()
#49 C:/dict project/e-certify/e-certify/vendor/laravel/framework/src/Illuminate/Pipeline/Pipeline.php(219): Illuminate/Foundation/Http/Middleware/PreventRequestsDuringMaintenance->handle()
#50 C:/dict project/e-certify/e-certify/vendor/laravel/framework/src/Illuminate/Http/Middleware/HandleCors.php(61): Illuminate/Pipeline/Pipeline->{closure:{closure:Illuminate/Pipeline/Pipeline::carry():194}:195}()
#51 C:/dict project/e-certify/e-certify/vendor/laravel/framework/src/Illuminate/Pipeline/Pipeline.php(219): Illuminate/Http/Middleware/HandleCors->handle()
#52 C:/dict project/e-certify/e-certify/vendor/laravel/framework/src/Illuminate/Http/Middleware/TrustProxies.php(58): Illuminate/Pipeline/Pipeline->{closure:{closure:Illuminate/Pipeline/Pipeline::carry():194}:195}()
#53 C:/dict project/e-certify/e-certify/vendor/laravel/framework/src/Illuminate/Pipeline/Pipeline.php(219): Illuminate/Http/Middleware/TrustProxies->handle()
#54 C:/dict project/e-certify/e-certify/vendor/laravel/framework/src/Illuminate/Foundation/Http/Middleware/InvokeDeferredCallbacks.php(22): Illuminate/Pipeline/Pipeline->{closure:{closure:Illuminate/Pipeline/Pipeline::carry():194}:195}()
#55 C:/dict project/e-certify/e-certify/vendor/laravel/framework/src/Illuminate/Pipeline/Pipeline.php(219): Illuminate/Foundation/Http/Middleware/InvokeDeferredCallbacks->handle()
#56 C:/dict project/e-certify/e-certify/vendor/laravel/framework/src/Illuminate/Http/Middleware/ValidatePathEncoding.php(26): Illuminate/Pipeline/Pipeline->{closure:{closure:Illuminate/Pipeline/Pipeline::carry():194}:195}()
#57 C:/dict project/e-certify/e-certify/vendor/laravel/framework/src/Illuminate/Pipeline/Pipeline.php(219): Illuminate/Http/Middleware/ValidatePathEncoding->handle()
#58 C:/dict project/e-certify/e-certify/vendor/laravel/framework/src/Illuminate/Pipeline/Pipeline.php(137): Illuminate/Pipeline/Pipeline->{closure:{closure:Illuminate/Pipeline/Pipeline::carry():194}:195}()
#59 C:/dict project/e-certify/e-certify/vendor/laravel/framework/src/Illuminate/Foundation/Http/Kernel.php(175): Illuminate/Pipeline/Pipeline->then()
#60 C:/dict project/e-certify/e-certify/vendor/laravel/framework/src/Illuminate/Foundation/Http/Kernel.php(144): Illuminate/Foundation/Http/Kernel->sendRequestThroughRouter()
#61 C:/dict project/e-certify/e-certify/vendor/laravel/framework/src/Illuminate/Foundation/Application.php(1220): Illuminate/Foundation/Http/Kernel->handle()
#62 C:/dict project/e-certify/e-certify/public/index.php(20): Illuminate/Foundation/Application->handleRequest()
#63 C:/dict project/e-certify/e-certify/vendor/laravel/framework/src/Illuminate/Foundation/resources/server.php(23): require_once('...')
#64 {main}

[previous exception] [object] (ParseError(code: 0): syntax error, unexpected token \":\", expecting \"(\" at C:/dict project/e-certify/e-certify/storage/framework/views/40c03e51ad64bb1070b46c79fb82f625.php:46)
[stacktrace]
#0 C:/dict project/e-certify/e-certify/vendor/laravel/framework/src/Illuminate/Filesystem/Filesystem.php(124): Illuminate/Filesystem/Filesystem::{closure:Illuminate/Filesystem/Filesystem::getRequire():120}()
#1 C:/dict project/e-certify/e-certify/vendor/laravel/framework/src/Illuminate/View/Engines/PhpEngine.php(57): Illuminate/Filesystem/Filesystem->getRequire()
#2 C:/dict project/e-certify/e-certify/vendor/livewire/livewire/src/Mechanisms/ExtendBlade/ExtendedCompilerEngine.php(22): Illuminate/View/Engines/PhpEngine->evaluatePath()
#3 C:/dict project/e-certify/e-certify/vendor/laravel/framework/src/Illuminate/View/Engines/CompilerEngine.php(76): Livewire/Mechanisms/ExtendBlade/ExtendedCompilerEngine->evaluatePath()
#4 C:/dict project/e-certify/e-certify/vendor/livewire/livewire/src/Mechanisms/ExtendBlade/ExtendedCompilerEngine.php(10): Illuminate/View/Engines/CompilerEngine->get()
#5 C:/dict project/e-certify/e-certify/vendor/laravel/framework/src/Illuminate/View/View.php(208): Livewire/Mechanisms/ExtendBlade/ExtendedCompilerEngine->get()
#6 C:/dict project/e-certify/e-certify/vendor/laravel/framework/src/Illuminate/View/View.php(191): Illuminate/View/View->getContents()
#7 C:/dict project/e-certify/e-certify/vendor/laravel/framework/src/Illuminate/View/View.php(160): Illuminate/View/View->renderContents()
#8 C:/dict project/e-certify/e-certify/vendor/laravel/framework/src/Illuminate/Http/Response.php(78): Illuminate/View/View->render()
#9 C:/dict project/e-certify/e-certify/vendor/laravel/framework/src/Illuminate/Http/Response.php(34): Illuminate/Http/Response->setContent()
#10 C:/dict project/e-certify/e-certify/vendor/laravel/framework/src/Illuminate/Routing/Router.php(939): Illuminate/Http/Response->__construct()
#11 C:/dict project/e-certify/e-certify/vendor/laravel/framework/src/Illuminate/Routing/Router.php(906): Illuminate/Routing/Router::toResponse()
#12 C:/dict project/e-certify/e-certify/vendor/laravel/framework/src/Illuminate/Routing/Router.php(821): Illuminate/Routing/Router->prepareResponse()
#13 C:/dict project/e-certify/e-certify/vendor/laravel/framework/src/Illuminate/Pipeline/Pipeline.php(180): Illuminate/Routing/Router->{closure:Illuminate/Routing/Router::runRouteWithinStack():821}()
#14 C:/dict project/e-certify/e-certify/vendor/laravel/boost/src/Middleware/InjectBoost.php(22): Illuminate/Pipeline/Pipeline->{closure:Illuminate/Pipeline/Pipeline::prepareDestination():178}()
#15 C:/dict project/e-certify/e-certify/vendor/laravel/framework/src/Illuminate/Pipeline/Pipeline.php(219): Laravel/Boost/Middleware/InjectBoost->handle()
#16 C:/dict project/e-certify/e-certify/vendor/laravel/framework/src/Illuminate/Routing/Middleware/SubstituteBindings.php(50): Illuminate/Pipeline/Pipeline->{closure:{closure:Illuminate/Pipeline/Pipeline::carry():194}:195}()
#17 C:/dict project/e-certify/e-certify/vendor/laravel/framework/src/Illuminate/Pipeline/Pipeline.php(219): Illuminate/Routing/Middleware/SubstituteBindings->handle()
#18 C:/dict project/e-certify/e-certify/vendor/laravel/framework/src/Illuminate/Auth/Middleware/Authenticate.php(63): Illuminate/Pipeline/Pipeline->{closure:{closure:Illuminate/Pipeline/Pipeline::carry():194}:195}()
#19 C:/dict project/e-certify/e-certify/vendor/laravel/framework/src/Illuminate/Pipeline/Pipeline.php(219): Illuminate/Auth/Middleware/Authenticate->handle()
#20 C:/dict project/e-certify/e-certify/vendor/laravel/framework/src/Illuminate/Foundation/Http/Middleware/VerifyCsrfToken.php(87): Illuminate/Pipeline/Pipeline->{closure:{closure:Illuminate/Pipeline/Pipeline::carry():194}:195}()
#21 C:/dict project/e-certify/e-certify/vendor/laravel/framework/src/Illuminate/Pipeline/Pipeline.php(219): Illuminate/Foundation/Http/Middleware/VerifyCsrfToken->handle()
#22 C:/dict project/e-certify/e-certify/vendor/laravel/framework/src/Illuminate/View/Middleware/ShareErrorsFromSession.php(48): Illuminate/Pipeline/Pipeline->{closure:{closure:Illuminate/Pipeline/Pipeline::carry():194}:195}()
#23 C:/dict project/e-certify/e-certify/vendor/laravel/framework/src/Illuminate/Pipeline/Pipeline.php(219): Illuminate/View/Middleware/ShareErrorsFromSession->handle()
#24 C:/dict project/e-certify/e-certify/vendor/laravel/framework/src/Illuminate/Session/Middleware/StartSession.php(120): Illuminate/Pipeline/Pipeline->{closure:{closure:Illuminate/Pipeline/Pipeline::carry():194}:195}()
#25 C:/dict project/e-certify/e-certify/vendor/laravel/framework/src/Illuminate/Session/Middleware/StartSession.php(63): Illuminate/Session/Middleware/StartSession->handleStatefulRequest()
#26 C:/dict project/e-certify/e-certify/vendor/laravel/framework/src/Illuminate/Pipeline/Pipeline.php(219): Illuminate/Session/Middleware/StartSession->handle()
#27 C:/dict project/e-certify/e-certify/vendor/laravel/framework/src/Illuminate/Cookie/Middleware/AddQueuedCookiesToResponse.php(36): Illuminate/Pipeline/Pipeline->{closure:{closure:Illuminate/Pipeline/Pipeline::carry():194}:195}()
#28 C:/dict project/e-certify/e-certify/vendor/laravel/framework/src/Illuminate/Pipeline/Pipeline.php(219): Illuminate/Cookie/Middleware/AddQueuedCookiesToResponse->handle()
#29 C:/dict project/e-certify/e-certify/vendor/laravel/framework/src/Illuminate/Cookie/Middleware/EncryptCookies.php(74): Illuminate/Pipeline/Pipeline->{closure:{closure:Illuminate/Pipeline/Pipeline::carry():194}:195}()
#30 C:/dict project/e-certify/e-certify/vendor/laravel/framework/src/Illuminate/Pipeline/Pipeline.php(219): Illuminate/Cookie/Middleware/EncryptCookies->handle()
#31 C:/dict project/e-certify/e-certify/vendor/laravel/framework/src/Illuminate/Pipeline/Pipeline.php(137): Illuminate/Pipeline/Pipeline->{closure:{closure:Illuminate/Pipeline/Pipeline::carry():194}:195}()
#32 C:/dict project/e-certify/e-certify/vendor/laravel/framework/src/Illuminate/Routing/Router.php(821): Illuminate/Pipeline/Pipeline->then()
#33 C:/dict project/e-certify/e-certify/vendor/laravel/framework/src/Illuminate/Routing/Router.php(800): Illuminate/Routing/Router->runRouteWithinStack()
#34 C:/dict project/e-certify/e-certify/vendor/laravel/framework/src/Illuminate/Routing/Router.php(764): Illuminate/Routing/Router->runRoute()
#35 C:/dict project/e-certify/e-certify/vendor/laravel/framework/src/Illuminate/Routing/Router.php(753): Illuminate/Routing/Router->dispatchToRoute()
#36 C:/dict project/e-certify/e-certify/vendor/laravel/framework/src/Illuminate/Foundation/Http/Kernel.php(200): Illuminate/Routing/Router->dispatch()
#37 C:/dict project/e-certify/e-certify/vendor/laravel/framework/src/Illuminate/Pipeline/Pipeline.php(180): Illuminate/Foundation/Http/Kernel->{closure:Illuminate/Foundation/Http/Kernel::dispatchToRouter():197}()
#38 C:/dict project/e-certify/e-certify/vendor/livewire/livewire/src/Features/SupportDisablingBackButtonCache/DisableBackButtonCacheMiddleware.php(19): Illuminate/Pipeline/Pipeline->{closure:Illuminate/Pipeline/Pipeline::prepareDestination():178}()
#39 C:/dict project/e-certify/e-certify/vendor/laravel/framework/src/Illuminate/Pipeline/Pipeline.php(219): Livewire/Features/SupportDisablingBackButtonCache/DisableBackButtonCacheMiddleware->handle()
#40 C:/dict project/e-certify/e-certify/vendor/laravel/framework/src/Illuminate/Foundation/Http/Middleware/TransformsRequest.php(21): Illuminate/Pipeline/Pipeline->{closure:{closure:Illuminate/Pipeline/Pipeline::carry():194}:195}()
#41 C:/dict project/e-certify/e-certify/vendor/laravel/framework/src/Illuminate/Foundation/Http/Middleware/ConvertEmptyStringsToNull.php(31): Illuminate/Foundation/Http/Middleware/TransformsRequest->handle()
#42 C:/dict project/e-certify/e-certify/vendor/laravel/framework/src/Illuminate/Pipeline/Pipeline.php(219): Illuminate/Foundation/Http/Middleware/ConvertEmptyStringsToNull->handle()
#43 C:/dict project/e-certify/e-certify/vendor/laravel/framework/src/Illuminate/Foundation/Http/Middleware/TransformsRequest.php(21): Illuminate/Pipeline/Pipeline->{closure:{closure:Illuminate/Pipeline/Pipeline::carry():194}:195}()
#44 C:/dict project/e-certify/e-certify/vendor/laravel/framework/src/Illuminate/Foundation/Http/Middleware/TrimStrings.php(51): Illuminate/Foundation/Http/Middleware/TransformsRequest->handle()
#45 C:/dict project/e-certify/e-certify/vendor/laravel/framework/src/Illuminate/Pipeline/Pipeline.php(219): Illuminate/Foundation/Http/Middleware/TrimStrings->handle()
#46 C:/dict project/e-certify/e-certify/vendor/laravel/framework/src/Illuminate/Http/Middleware/ValidatePostSize.php(27): Illuminate/Pipeline/Pipeline->{closure:{closure:Illuminate/Pipeline/Pipeline::carry():194}:195}()
#47 C:/dict project/e-certify/e-certify/vendor/laravel/framework/src/Illuminate/Pipeline/Pipeline.php(219): Illuminate/Http/Middleware/ValidatePostSize->handle()
#48 C:/dict project/e-certify/e-certify/vendor/laravel/framework/src/Illuminate/Foundation/Http/Middleware/PreventRequestsDuringMaintenance.php(109): Illuminate/Pipeline/Pipeline->{closure:{closure:Illuminate/Pipeline/Pipeline::carry():194}:195}()
#49 C:/dict project/e-certify/e-certify/vendor/laravel/framework/src/Illuminate/Pipeline/Pipeline.php(219): Illuminate/Foundation/Http/Middleware/PreventRequestsDuringMaintenance->handle()
#50 C:/dict project/e-certify/e-certify/vendor/laravel/framework/src/Illuminate/Http/Middleware/HandleCors.php(61): Illuminate/Pipeline/Pipeline->{closure:{closure:Illuminate/Pipeline/Pipeline::carry():194}:195}()
#51 C:/dict project/e-certify/e-certify/vendor/laravel/framework/src/Illuminate/Pipeline/Pipeline.php(219): Illuminate/Http/Middleware/HandleCors->handle()
#52 C:/dict project/e-certify/e-certify/vendor/laravel/framework/src/Illuminate/Http/Middleware/TrustProxies.php(58): Illuminate/Pipeline/Pipeline->{closure:{closure:Illuminate/Pipeline/Pipeline::carry():194}:195}()
#53 C:/dict project/e-certify/e-certify/vendor/laravel/framework/src/Illuminate/Pipeline/Pipeline.php(219): Illuminate/Http/Middleware/TrustProxies->handle()
#54 C:/dict project/e-certify/e-certify/vendor/laravel/framework/src/Illuminate/Foundation/Http/Middleware/InvokeDeferredCallbacks.php(22): Illuminate/Pipeline/Pipeline->{closure:{closure:Illuminate/Pipeline/Pipeline::carry():194}:195}()
#55 C:/dict project/e-certify/e-certify/vendor/laravel/framework/src/Illuminate/Pipeline/Pipeline.php(219): Illuminate/Foundation/Http/Middleware/InvokeDeferredCallbacks->handle()
#56 C:/dict project/e-certify/e-certify/vendor/laravel/framework/src/Illuminate/Http/Middleware/ValidatePathEncoding.php(26): Illuminate/Pipeline/Pipeline->{closure:{closure:Illuminate/Pipeline/Pipeline::carry():194}:195}()
#57 C:/dict project/e-certify/e-certify/vendor/laravel/framework/src/Illuminate/Pipeline/Pipeline.php(219): Illuminate/Http/Middleware/ValidatePathEncoding->handle()
#58 C:/dict project/e-certify/e-certify/vendor/laravel/framework/src/Illuminate/Pipeline/Pipeline.php(137): Illuminate/Pipeline/Pipeline->{closure:{closure:Illuminate/Pipeline/Pipeline::carry():194}:195}()
#59 C:/dict project/e-certify/e-certify/vendor/laravel/framework/src/Illuminate/Foundation/Http/Kernel.php(175): Illuminate/Pipeline/Pipeline->then()
#60 C:/dict project/e-certify/e-certify/vendor/laravel/framework/src/Illuminate/Foundation/Http/Kernel.php(144): Illuminate/Foundation/Http/Kernel->sendRequestThroughRouter()
#61 C:/dict project/e-certify/e-certify/vendor/laravel/framework/src/Illuminate/Foundation/Application.php(1220): Illuminate/Foundation/Http/Kernel->handle()
#62 C:/dict project/e-certify/e-certify/public/index.php(20): Illuminate/Foundation/Application->handleRequest()
#63 C:/dict project/e-certify/e-certify/vendor/laravel/framework/src/Illuminate/Foundation/resources/server.php(23): require_once('...')
#64 {main}
"} 
[2026-03-10 07:33:23] local.ERROR: Unhandled match case of type string (View: C:\dict project\e-certify\e-certify\storage\framework\views\4254b7daae99d4a6f8f541556fed7f88.blade.php) {"userId":9,"exception":"[object] (Illuminate\\View\\ViewException(code: 0): Unhandled match case of type string (View: C:\\dict project\\e-certify\\e-certify\\storage\\framework\\views\\4254b7daae99d4a6f8f541556fed7f88.blade.php) at C:/dict project/e-certify/e-certify/storage/framework/views/e6809854e0a7e509f996a3b84b7c71bb.php:121)
[stacktrace]
#0 C:/dict project/e-certify/e-certify/vendor/livewire/livewire/src/Mechanisms/ExtendBlade/ExtendedCompilerEngine.php(58): Illuminate/View/Engines/CompilerEngine->handleViewException()
#1 C:/dict project/e-certify/e-certify/vendor/laravel/framework/src/Illuminate/View/Engines/PhpEngine.php(59): Livewire/Mechanisms/ExtendBlade/ExtendedCompilerEngine->handleViewException()
#2 C:/dict project/e-certify/e-certify/vendor/livewire/livewire/src/Mechanisms/ExtendBlade/ExtendedCompilerEngine.php(22): Illuminate/View/Engines/PhpEngine->evaluatePath()
#3 C:/dict project/e-certify/e-certify/vendor/laravel/framework/src/Illuminate/View/Engines/CompilerEngine.php(76): Livewire/Mechanisms/ExtendBlade/ExtendedCompilerEngine->evaluatePath()
#4 C:/dict project/e-certify/e-certify/vendor/livewire/livewire/src/Mechanisms/ExtendBlade/ExtendedCompilerEngine.php(10): Illuminate/View/Engines/CompilerEngine->get()
#5 C:/dict project/e-certify/e-certify/vendor/laravel/framework/src/Illuminate/View/View.php(208): Livewire/Mechanisms/ExtendBlade/ExtendedCompilerEngine->get()
#6 C:/dict project/e-certify/e-certify/vendor/laravel/framework/src/Illuminate/View/View.php(191): Illuminate/View/View->getContents()
#7 C:/dict project/e-certify/e-certify/vendor/laravel/framework/src/Illuminate/View/View.php(160): Illuminate/View/View->renderContents()
#8 C:/dict project/e-certify/e-certify/vendor/laravel/framework/src/Illuminate/Http/Response.php(78): Illuminate/View/View->render()
#9 C:/dict project/e-certify/e-certify/vendor/laravel/framework/src/Illuminate/Http/Response.php(34): Illuminate/Http/Response->setContent()
#10 C:/dict project/e-certify/e-certify/vendor/laravel/framework/src/Illuminate/Routing/Router.php(939): Illuminate/Http/Response->__construct()
#11 C:/dict project/e-certify/e-certify/vendor/laravel/framework/src/Illuminate/Routing/Router.php(906): Illuminate/Routing/Router::toResponse()
#12 C:/dict project/e-certify/e-certify/vendor/laravel/framework/src/Illuminate/Routing/Router.php(821): Illuminate/Routing/Router->prepareResponse()
#13 C:/dict project/e-certify/e-certify/vendor/laravel/framework/src/Illuminate/Pipeline/Pipeline.php(180): Illuminate/Routing/Router->{closure:Illuminate/Routing/Router::runRouteWithinStack():821}()
#14 C:/dict project/e-certify/e-certify/vendor/laravel/boost/src/Middleware/InjectBoost.php(22): Illuminate/Pipeline/Pipeline->{closure:Illuminate/Pipeline/Pipeline::prepareDestination():178}()
#15 C:/dict project/e-certify/e-certify/vendor/laravel/framework/src/Illuminate/Pipeline/Pipeline.php(219): Laravel/Boost/Middleware/InjectBoost->handle()
#16 C:/dict project/e-certify/e-certify/vendor/laravel/framework/src/Illuminate/Routing/Middleware/SubstituteBindings.php(50): Illuminate/Pipeline/Pipeline->{closure:{closure:Illuminate/Pipeline/Pipeline::carry():194}:195}()
#17 C:/dict project/e-certify/e-certify/vendor/laravel/framework/src/Illuminate/Pipeline/Pipeline.php(219): Illuminate/Routing/Middleware/SubstituteBindings->handle()
#18 C:/dict project/e-certify/e-certify/vendor/laravel/framework/src/Illuminate/Auth/Middleware/Authenticate.php(63): Illuminate/Pipeline/Pipeline->{closure:{closure:Illuminate/Pipeline/Pipeline::carry():194}:195}()
#19 C:/dict project/e-certify/e-certify/vendor/laravel/framework/src/Illuminate/Pipeline/Pipeline.php(219): Illuminate/Auth/Middleware/Authenticate->handle()
#20 C:/dict project/e-certify/e-certify/vendor/laravel/framework/src/Illuminate/Foundation/Http/Middleware/VerifyCsrfToken.php(87): Illuminate/Pipeline/Pipeline->{closure:{closure:Illuminate/Pipeline/Pipeline::carry():194}:195}()
#21 C:/dict project/e-certify/e-certify/vendor/laravel/framework/src/Illuminate/Pipeline/Pipeline.php(219): Illuminate/Foundation/Http/Middleware/VerifyCsrfToken->handle()
#22 C:/dict project/e-certify/e-certify/vendor/laravel/framework/src/Illuminate/View/Middleware/ShareErrorsFromSession.php(48): Illuminate/Pipeline/Pipeline->{closure:{closure:Illuminate/Pipeline/Pipeline::carry():194}:195}()
#23 C:/dict project/e-certify/e-certify/vendor/laravel/framework/src/Illuminate/Pipeline/Pipeline.php(219): Illuminate/View/Middleware/ShareErrorsFromSession->handle()
#24 C:/dict project/e-certify/e-certify/vendor/laravel/framework/src/Illuminate/Session/Middleware/StartSession.php(120): Illuminate/Pipeline/Pipeline->{closure:{closure:Illuminate/Pipeline/Pipeline::carry():194}:195}()
#25 C:/dict project/e-certify/e-certify/vendor/laravel/framework/src/Illuminate/Session/Middleware/StartSession.php(63): Illuminate/Session/Middleware/StartSession->handleStatefulRequest()
#26 C:/dict project/e-certify/e-certify/vendor/laravel/framework/src/Illuminate/Pipeline/Pipeline.php(219): Illuminate/Session/Middleware/StartSession->handle()
#27 C:/dict project/e-certify/e-certify/vendor/laravel/framework/src/Illuminate/Cookie/Middleware/AddQueuedCookiesToResponse.php(36): Illuminate/Pipeline/Pipeline->{closure:{closure:Illuminate/Pipeline/Pipeline::carry():194}:195}()
#28 C:/dict project/e-certify/e-certify/vendor/laravel/framework/src/Illuminate/Pipeline/Pipeline.php(219): Illuminate/Cookie/Middleware/AddQueuedCookiesToResponse->handle()
#29 C:/dict project/e-certify/e-certify/vendor/laravel/framework/src/Illuminate/Cookie/Middleware/EncryptCookies.php(74): Illuminate/Pipeline/Pipeline->{closure:{closure:Illuminate/Pipeline/Pipeline::carry():194}:195}()
#30 C:/dict project/e-certify/e-certify/vendor/laravel/framework/src/Illuminate/Pipeline/Pipeline.php(219): Illuminate/Cookie/Middleware/EncryptCookies->handle()
#31 C:/dict project/e-certify/e-certify/vendor/laravel/framework/src/Illuminate/Pipeline/Pipeline.php(137): Illuminate/Pipeline/Pipeline->{closure:{closure:Illuminate/Pipeline/Pipeline::carry():194}:195}()
#32 C:/dict project/e-certify/e-certify/vendor/laravel/framework/src/Illuminate/Routing/Router.php(821): Illuminate/Pipeline/Pipeline->then()
#33 C:/dict project/e-certify/e-certify/vendor/laravel/framework/src/Illuminate/Routing/Router.php(800): Illuminate/Routing/Router->runRouteWithinStack()
#34 C:/dict project/e-certify/e-certify/vendor/laravel/framework/src/Illuminate/Routing/Router.php(764): Illuminate/Routing/Router->runRoute()
#35 C:/dict project/e-certify/e-certify/vendor/laravel/framework/src/Illuminate/Routing/Router.php(753): Illuminate/Routing/Router->dispatchToRoute()
#36 C:/dict project/e-certify/e-certify/vendor/laravel/framework/src/Illuminate/Foundation/Http/Kernel.php(200): Illuminate/Routing/Router->dispatch()
#37 C:/dict project/e-certify/e-certify/vendor/laravel/framework/src/Illuminate/Pipeline/Pipeline.php(180): Illuminate/Foundation/Http/Kernel->{closure:Illuminate/Foundation/Http/Kernel::dispatchToRouter():197}()
#38 C:/dict project/e-certify/e-certify/vendor/livewire/livewire/src/Features/SupportDisablingBackButtonCache/DisableBackButtonCacheMiddleware.php(19): Illuminate/Pipeline/Pipeline->{closure:Illuminate/Pipeline/Pipeline::prepareDestination():178}()
#39 C:/dict project/e-certify/e-certify/vendor/laravel/framework/src/Illuminate/Pipeline/Pipeline.php(219): Livewire/Features/SupportDisablingBackButtonCache/DisableBackButtonCacheMiddleware->handle()
#40 C:/dict project/e-certify/e-certify/vendor/laravel/framework/src/Illuminate/Foundation/Http/Middleware/TransformsRequest.php(21): Illuminate/Pipeline/Pipeline->{closure:{closure:Illuminate/Pipeline/Pipeline::carry():194}:195}()
#41 C:/dict project/e-certify/e-certify/vendor/laravel/framework/src/Illuminate/Foundation/Http/Middleware/ConvertEmptyStringsToNull.php(31): Illuminate/Foundation/Http/Middleware/TransformsRequest->handle()
#42 C:/dict project/e-certify/e-certify/vendor/laravel/framework/src/Illuminate/Pipeline/Pipeline.php(219): Illuminate/Foundation/Http/Middleware/ConvertEmptyStringsToNull->handle()
#43 C:/dict project/e-certify/e-certify/vendor/laravel/framework/src/Illuminate/Foundation/Http/Middleware/TransformsRequest.php(21): Illuminate/Pipeline/Pipeline->{closure:{closure:Illuminate/Pipeline/Pipeline::carry():194}:195}()
#44 C:/dict project/e-certify/e-certify/vendor/laravel/framework/src/Illuminate/Foundation/Http/Middleware/TrimStrings.php(51): Illuminate/Foundation/Http/Middleware/TransformsRequest->handle()
#45 C:/dict project/e-certify/e-certify/vendor/laravel/framework/src/Illuminate/Pipeline/Pipeline.php(219): Illuminate/Foundation/Http/Middleware/TrimStrings->handle()
#46 C:/dict project/e-certify/e-certify/vendor/laravel/framework/src/Illuminate/Http/Middleware/ValidatePostSize.php(27): Illuminate/Pipeline/Pipeline->{closure:{closure:Illuminate/Pipeline/Pipeline::carry():194}:195}()
#47 C:/dict project/e-certify/e-certify/vendor/laravel/framework/src/Illuminate/Pipeline/Pipeline.php(219): Illuminate/Http/Middleware/ValidatePostSize->handle()
#48 C:/dict project/e-certify/e-certify/vendor/laravel/framework/src/Illuminate/Foundation/Http/Middleware/PreventRequestsDuringMaintenance.php(109): Illuminate/Pipeline/Pipeline->{closure:{closure:Illuminate/Pipeline/Pipeline::carry():194}:195}()
#49 C:/dict project/e-certify/e-certify/vendor/laravel/framework/src/Illuminate/Pipeline/Pipeline.php(219): Illuminate/Foundation/Http/Middleware/PreventRequestsDuringMaintenance->handle()
#50 C:/dict project/e-certify/e-certify/vendor/laravel/framework/src/Illuminate/Http/Middleware/HandleCors.php(61): Illuminate/Pipeline/Pipeline->{closure:{closure:Illuminate/Pipeline/Pipeline::carry():194}:195}()
#51 C:/dict project/e-certify/e-certify/vendor/laravel/framework/src/Illuminate/Pipeline/Pipeline.php(219): Illuminate/Http/Middleware/HandleCors->handle()
#52 C:/dict project/e-certify/e-certify/vendor/laravel/framework/src/Illuminate/Http/Middleware/TrustProxies.php(58): Illuminate/Pipeline/Pipeline->{closure:{closure:Illuminate/Pipeline/Pipeline::carry():194}:195}()
#53 C:/dict project/e-certify/e-certify/vendor/laravel/framework/src/Illuminate/Pipeline/Pipeline.php(219): Illuminate/Http/Middleware/TrustProxies->handle()
#54 C:/dict project/e-certify/e-certify/vendor/laravel/framework/src/Illuminate/Foundation/Http/Middleware/InvokeDeferredCallbacks.php(22): Illuminate/Pipeline/Pipeline->{closure:{closure:Illuminate/Pipeline/Pipeline::carry():194}:195}()
#55 C:/dict project/e-certify/e-certify/vendor/laravel/framework/src/Illuminate/Pipeline/Pipeline.php(219): Illuminate/Foundation/Http/Middleware/InvokeDeferredCallbacks->handle()
#56 C:/dict project/e-certify/e-certify/vendor/laravel/framework/src/Illuminate/Http/Middleware/ValidatePathEncoding.php(26): Illuminate/Pipeline/Pipeline->{closure:{closure:Illuminate/Pipeline/Pipeline::carry():194}:195}()
#57 C:/dict project/e-certify/e-certify/vendor/laravel/framework/src/Illuminate/Pipeline/Pipeline.php(219): Illuminate/Http/Middleware/ValidatePathEncoding->handle()
#58 C:/dict project/e-certify/e-certify/vendor/laravel/framework/src/Illuminate/Pipeline/Pipeline.php(137): Illuminate/Pipeline/Pipeline->{closure:{closure:Illuminate/Pipeline/Pipeline::carry():194}:195}()
#59 C:/dict project/e-certify/e-certify/vendor/laravel/framework/src/Illuminate/Foundation/Http/Kernel.php(175): Illuminate/Pipeline/Pipeline->then()
#60 C:/dict project/e-certify/e-certify/vendor/laravel/framework/src/Illuminate/Foundation/Http/Kernel.php(144): Illuminate/Foundation/Http/Kernel->sendRequestThroughRouter()
#61 C:/dict project/e-certify/e-certify/vendor/laravel/framework/src/Illuminate/Foundation/Application.php(1220): Illuminate/Foundation/Http/Kernel->handle()
#62 C:/dict project/e-certify/e-certify/public/index.php(20): Illuminate/Foundation/Application->handleRequest()
#63 C:/dict project/e-certify/e-certify/vendor/laravel/framework/src/Illuminate/Foundation/resources/server.php(23): require_once('...')
#64 {main}

[previous exception] [object] (UnhandledMatchError(code: 0): Unhandled match case of type string at C:/dict project/e-certify/e-certify/storage/framework/views/e6809854e0a7e509f996a3b84b7c71bb.php:121)
[stacktrace]
#0 C:/dict project/e-certify/e-certify/storage/framework/views/40c03e51ad64bb1070b46c79fb82f625.php(61): _e6809854e0a7e509f996a3b84b7c71bb()
#1 C:/dict project/e-certify/e-certify/vendor/laravel/framework/src/Illuminate/Filesystem/Filesystem.php(123): require('...')
#2 C:/dict project/e-certify/e-certify/vendor/laravel/framework/src/Illuminate/Filesystem/Filesystem.php(124): Illuminate/Filesystem/Filesystem::{closure:Illuminate/Filesystem/Filesystem::getRequire():120}()
#3 C:/dict project/e-certify/e-certify/vendor/laravel/framework/src/Illuminate/View/Engines/PhpEngine.php(57): Illuminate/Filesystem/Filesystem->getRequire()
#4 C:/dict project/e-certify/e-certify/vendor/livewire/livewire/src/Mechanisms/ExtendBlade/ExtendedCompilerEngine.php(22): Illuminate/View/Engines/PhpEngine->evaluatePath()
#5 C:/dict project/e-certify/e-certify/vendor/laravel/framework/src/Illuminate/View/Engines/CompilerEngine.php(76): Livewire/Mechanisms/ExtendBlade/ExtendedCompilerEngine->evaluatePath()
#6 C:/dict project/e-certify/e-certify/vendor/livewire/livewire/src/Mechanisms/ExtendBlade/ExtendedCompilerEngine.php(10): Illuminate/View/Engines/CompilerEngine->get()
#7 C:/dict project/e-certify/e-certify/vendor/laravel/framework/src/Illuminate/View/View.php(208): Livewire/Mechanisms/ExtendBlade/ExtendedCompilerEngine->get()
#8 C:/dict project/e-certify/e-certify/vendor/laravel/framework/src/Illuminate/View/View.php(191): Illuminate/View/View->getContents()
#9 C:/dict project/e-certify/e-certify/vendor/laravel/framework/src/Illuminate/View/View.php(160): Illuminate/View/View->renderContents()
#10 C:/dict project/e-certify/e-certify/vendor/laravel/framework/src/Illuminate/Http/Response.php(78): Illuminate/View/View->render()
#11 C:/dict project/e-certify/e-certify/vendor/laravel/framework/src/Illuminate/Http/Response.php(34): Illuminate/Http/Response->setContent()
#12 C:/dict project/e-certify/e-certify/vendor/laravel/framework/src/Illuminate/Routing/Router.php(939): Illuminate/Http/Response->__construct()
#13 C:/dict project/e-certify/e-certify/vendor/laravel/framework/src/Illuminate/Routing/Router.php(906): Illuminate/Routing/Router::toResponse()
#14 C:/dict project/e-certify/e-certify/vendor/laravel/framework/src/Illuminate/Routing/Router.php(821): Illuminate/Routing/Router->prepareResponse()
#15 C:/dict project/e-certify/e-certify/vendor/laravel/framework/src/Illuminate/Pipeline/Pipeline.php(180): Illuminate/Routing/Router->{closure:Illuminate/Routing/Router::runRouteWithinStack():821}()
#16 C:/dict project/e-certify/e-certify/vendor/laravel/boost/src/Middleware/InjectBoost.php(22): Illuminate/Pipeline/Pipeline->{closure:Illuminate/Pipeline/Pipeline::prepareDestination():178}()
#17 C:/dict project/e-certify/e-certify/vendor/laravel/framework/src/Illuminate/Pipeline/Pipeline.php(219): Laravel/Boost/Middleware/InjectBoost->handle()
#18 C:/dict project/e-certify/e-certify/vendor/laravel/framework/src/Illuminate/Routing/Middleware/SubstituteBindings.php(50): Illuminate/Pipeline/Pipeline->{closure:{closure:Illuminate/Pipeline/Pipeline::carry():194}:195}()
#19 C:/dict project/e-certify/e-certify/vendor/laravel/framework/src/Illuminate/Pipeline/Pipeline.php(219): Illuminate/Routing/Middleware/SubstituteBindings->handle()
#20 C:/dict project/e-certify/e-certify/vendor/laravel/framework/src/Illuminate/Auth/Middleware/Authenticate.php(63): Illuminate/Pipeline/Pipeline->{closure:{closure:Illuminate/Pipeline/Pipeline::carry():194}:195}()
#21 C:/dict project/e-certify/e-certify/vendor/laravel/framework/src/Illuminate/Pipeline/Pipeline.php(219): Illuminate/Auth/Middleware/Authenticate->handle()
#22 C:/dict project/e-certify/e-certify/vendor/laravel/framework/src/Illuminate/Foundation/Http/Middleware/VerifyCsrfToken.php(87): Illuminate/Pipeline/Pipeline->{closure:{closure:Illuminate/Pipeline/Pipeline::carry():194}:195}()
#23 C:/dict project/e-certify/e-certify/vendor/laravel/framework/src/Illuminate/Pipeline/Pipeline.php(219): Illuminate/Foundation/Http/Middleware/VerifyCsrfToken->handle()
#24 C:/dict project/e-certify/e-certify/vendor/laravel/framework/src/Illuminate/View/Middleware/ShareErrorsFromSession.php(48): Illuminate/Pipeline/Pipeline->{closure:{closure:Illuminate/Pipeline/Pipeline::carry():194}:195}()
#25 C:/dict project/e-certify/e-certify/vendor/laravel/framework/src/Illuminate/Pipeline/Pipeline.php(219): Illuminate/View/Middleware/ShareErrorsFromSession->handle()
#26 C:/dict project/e-certify/e-certify/vendor/laravel/framework/src/Illuminate/Session/Middleware/StartSession.php(120): Illuminate/Pipeline/Pipeline->{closure:{closure:Illuminate/Pipeline/Pipeline::carry():194}:195}()
#27 C:/dict project/e-certify/e-certify/vendor/laravel/framework/src/Illuminate/Session/Middleware/StartSession.php(63): Illuminate/Session/Middleware/StartSession->handleStatefulRequest()
#28 C:/dict project/e-certify/e-certify/vendor/laravel/framework/src/Illuminate/Pipeline/Pipeline.php(219): Illuminate/Session/Middleware/StartSession->handle()
#29 C:/dict project/e-certify/e-certify/vendor/laravel/framework/src/Illuminate/Cookie/Middleware/AddQueuedCookiesToResponse.php(36): Illuminate/Pipeline/Pipeline->{closure:{closure:Illuminate/Pipeline/Pipeline::carry():194}:195}()
#30 C:/dict project/e-certify/e-certify/vendor/laravel/framework/src/Illuminate/Pipeline/Pipeline.php(219): Illuminate/Cookie/Middleware/AddQueuedCookiesToResponse->handle()
#31 C:/dict project/e-certify/e-certify/vendor/laravel/framework/src/Illuminate/Cookie/Middleware/EncryptCookies.php(74): Illuminate/Pipeline/Pipeline->{closure:{closure:Illuminate/Pipeline/Pipeline::carry():194}:195}()
#32 C:/dict project/e-certify/e-certify/vendor/laravel/framework/src/Illuminate/Pipeline/Pipeline.php(219): Illuminate/Cookie/Middleware/EncryptCookies->handle()
#33 C:/dict project/e-certify/e-certify/vendor/laravel/framework/src/Illuminate/Pipeline/Pipeline.php(137): Illuminate/Pipeline/Pipeline->{closure:{closure:Illuminate/Pipeline/Pipeline::carry():194}:195}()
#34 C:/dict project/e-certify/e-certify/vendor/laravel/framework/src/Illuminate/Routing/Router.php(821): Illuminate/Pipeline/Pipeline->then()
#35 C:/dict project/e-certify/e-certify/vendor/laravel/framework/src/Illuminate/Routing/Router.php(800): Illuminate/Routing/Router->runRouteWithinStack()
#36 C:/dict project/e-certify/e-certify/vendor/laravel/framework/src/Illuminate/Routing/Router.php(764): Illuminate/Routing/Router->runRoute()
#37 C:/dict project/e-certify/e-certify/vendor/laravel/framework/src/Illuminate/Routing/Router.php(753): Illuminate/Routing/Router->dispatchToRoute()
#38 C:/dict project/e-certify/e-certify/vendor/laravel/framework/src/Illuminate/Foundation/Http/Kernel.php(200): Illuminate/Routing/Router->dispatch()
#39 C:/dict project/e-certify/e-certify/vendor/laravel/framework/src/Illuminate/Pipeline/Pipeline.php(180): Illuminate/Foundation/Http/Kernel->{closure:Illuminate/Foundation/Http/Kernel::dispatchToRouter():197}()
#40 C:/dict project/e-certify/e-certify/vendor/livewire/livewire/src/Features/SupportDisablingBackButtonCache/DisableBackButtonCacheMiddleware.php(19): Illuminate/Pipeline/Pipeline->{closure:Illuminate/Pipeline/Pipeline::prepareDestination():178}()
#41 C:/dict project/e-certify/e-certify/vendor/laravel/framework/src/Illuminate/Pipeline/Pipeline.php(219): Livewire/Features/SupportDisablingBackButtonCache/DisableBackButtonCacheMiddleware->handle()
#42 C:/dict project/e-certify/e-certify/vendor/laravel/framework/src/Illuminate/Foundation/Http/Middleware/TransformsRequest.php(21): Illuminate/Pipeline/Pipeline->{closure:{closure:Illuminate/Pipeline/Pipeline::carry():194}:195}()
#43 C:/dict project/e-certify/e-certify/vendor/laravel/framework/src/Illuminate/Foundation/Http/Middleware/ConvertEmptyStringsToNull.php(31): Illuminate/Foundation/Http/Middleware/TransformsRequest->handle()
#44 C:/dict project/e-certify/e-certify/vendor/laravel/framework/src/Illuminate/Pipeline/Pipeline.php(219): Illuminate/Foundation/Http/Middleware/ConvertEmptyStringsToNull->handle()
#45 C:/dict project/e-certify/e-certify/vendor/laravel/framework/src/Illuminate/Foundation/Http/Middleware/TransformsRequest.php(21): Illuminate/Pipeline/Pipeline->{closure:{closure:Illuminate/Pipeline/Pipeline::carry():194}:195}()
#46 C:/dict project/e-certify/e-certify/vendor/laravel/framework/src/Illuminate/Foundation/Http/Middleware/TrimStrings.php(51): Illuminate/Foundation/Http/Middleware/TransformsRequest->handle()
#47 C:/dict project/e-certify/e-certify/vendor/laravel/framework/src/Illuminate/Pipeline/Pipeline.php(219): Illuminate/Foundation/Http/Middleware/TrimStrings->handle()
#48 C:/dict project/e-certify/e-certify/vendor/laravel/framework/src/Illuminate/Http/Middleware/ValidatePostSize.php(27): Illuminate/Pipeline/Pipeline->{closure:{closure:Illuminate/Pipeline/Pipeline::carry():194}:195}()
#49 C:/dict project/e-certify/e-certify/vendor/laravel/framework/src/Illuminate/Pipeline/Pipeline.php(219): Illuminate/Http/Middleware/ValidatePostSize->handle()
#50 C:/dict project/e-certify/e-certify/vendor/laravel/framework/src/Illuminate/Foundation/Http/Middleware/PreventRequestsDuringMaintenance.php(109): Illuminate/Pipeline/Pipeline->{closure:{closure:Illuminate/Pipeline/Pipeline::carry():194}:195}()
#51 C:/dict project/e-certify/e-certify/vendor/laravel/framework/src/Illuminate/Pipeline/Pipeline.php(219): Illuminate/Foundation/Http/Middleware/PreventRequestsDuringMaintenance->handle()
#52 C:/dict project/e-certify/e-certify/vendor/laravel/framework/src/Illuminate/Http/Middleware/HandleCors.php(61): Illuminate/Pipeline/Pipeline->{closure:{closure:Illuminate/Pipeline/Pipeline::carry():194}:195}()
#53 C:/dict project/e-certify/e-certify/vendor/laravel/framework/src/Illuminate/Pipeline/Pipeline.php(219): Illuminate/Http/Middleware/HandleCors->handle()
#54 C:/dict project/e-certify/e-certify/vendor/laravel/framework/src/Illuminate/Http/Middleware/TrustProxies.php(58): Illuminate/Pipeline/Pipeline->{closure:{closure:Illuminate/Pipeline/Pipeline::carry():194}:195}()
#55 C:/dict project/e-certify/e-certify/vendor/laravel/framework/src/Illuminate/Pipeline/Pipeline.php(219): Illuminate/Http/Middleware/TrustProxies->handle()
#56 C:/dict project/e-certify/e-certify/vendor/laravel/framework/src/Illuminate/Foundation/Http/Middleware/InvokeDeferredCallbacks.php(22): Illuminate/Pipeline/Pipeline->{closure:{closure:Illuminate/Pipeline/Pipeline::carry():194}:195}()
#57 C:/dict project/e-certify/e-certify/vendor/laravel/framework/src/Illuminate/Pipeline/Pipeline.php(219): Illuminate/Foundation/Http/Middleware/InvokeDeferredCallbacks->handle()
#58 C:/dict project/e-certify/e-certify/vendor/laravel/framework/src/Illuminate/Http/Middleware/ValidatePathEncoding.php(26): Illuminate/Pipeline/Pipeline->{closure:{closure:Illuminate/Pipeline/Pipeline::carry():194}:195}()
#59 C:/dict project/e-certify/e-certify/vendor/laravel/framework/src/Illuminate/Pipeline/Pipeline.php(219): Illuminate/Http/Middleware/ValidatePathEncoding->handle()
#60 C:/dict project/e-certify/e-certify/vendor/laravel/framework/src/Illuminate/Pipeline/Pipeline.php(137): Illuminate/Pipeline/Pipeline->{closure:{closure:Illuminate/Pipeline/Pipeline::carry():194}:195}()
#61 C:/dict project/e-certify/e-certify/vendor/laravel/framework/src/Illuminate/Foundation/Http/Kernel.php(175): Illuminate/Pipeline/Pipeline->then()
#62 C:/dict project/e-certify/e-certify/vendor/laravel/framework/src/Illuminate/Foundation/Http/Kernel.php(144): Illuminate/Foundation/Http/Kernel->sendRequestThroughRouter()
#63 C:/dict project/e-certify/e-certify/vendor/laravel/framework/src/Illuminate/Foundation/Application.php(1220): Illuminate/Foundation/Http/Kernel->handle()
#64 C:/dict project/e-certify/e-certify/public/index.php(20): Illuminate/Foundation/Application->handleRequest()
#65 C:/dict project/e-certify/e-certify/vendor/laravel/framework/src/Illuminate/Foundation/resources/server.php(23): require_once('...')
#66 {main}
"} 
[2026-03-10 07:34:12] local.ERROR: Unhandled match case of type string (View: C:\dict project\e-certify\e-certify\resources\views\livewire\auth\verify-email.blade.php) {"userId":9,"exception":"[object] (Illuminate\\View\\ViewException(code: 0): Unhandled match case of type string (View: C:\\dict project\\e-certify\\e-certify\\resources\\views\\livewire\\auth\\verify-email.blade.php) at C:/dict project/e-certify/e-certify/storage/framework/views/e6809854e0a7e509f996a3b84b7c71bb.php:121)
[stacktrace]
#0 C:/dict project/e-certify/e-certify/vendor/livewire/livewire/src/Mechanisms/ExtendBlade/ExtendedCompilerEngine.php(58): Illuminate/View/Engines/CompilerEngine->handleViewException()
#1 C:/dict project/e-certify/e-certify/vendor/laravel/framework/src/Illuminate/View/Engines/PhpEngine.php(59): Livewire/Mechanisms/ExtendBlade/ExtendedCompilerEngine->handleViewException()
#2 C:/dict project/e-certify/e-certify/vendor/livewire/livewire/src/Mechanisms/ExtendBlade/ExtendedCompilerEngine.php(22): Illuminate/View/Engines/PhpEngine->evaluatePath()
#3 C:/dict project/e-certify/e-certify/vendor/laravel/framework/src/Illuminate/View/Engines/CompilerEngine.php(76): Livewire/Mechanisms/ExtendBlade/ExtendedCompilerEngine->evaluatePath()
#4 C:/dict project/e-certify/e-certify/vendor/livewire/livewire/src/Mechanisms/ExtendBlade/ExtendedCompilerEngine.php(10): Illuminate/View/Engines/CompilerEngine->get()
#5 C:/dict project/e-certify/e-certify/vendor/laravel/framework/src/Illuminate/View/View.php(208): Livewire/Mechanisms/ExtendBlade/ExtendedCompilerEngine->get()
#6 C:/dict project/e-certify/e-certify/vendor/laravel/framework/src/Illuminate/View/View.php(191): Illuminate/View/View->getContents()
#7 C:/dict project/e-certify/e-certify/vendor/laravel/framework/src/Illuminate/View/View.php(160): Illuminate/View/View->renderContents()
#8 C:/dict project/e-certify/e-certify/vendor/laravel/framework/src/Illuminate/Http/Response.php(78): Illuminate/View/View->render()
#9 C:/dict project/e-certify/e-certify/vendor/laravel/framework/src/Illuminate/Http/Response.php(34): Illuminate/Http/Response->setContent()
#10 C:/dict project/e-certify/e-certify/vendor/laravel/framework/src/Illuminate/Routing/Router.php(939): Illuminate/Http/Response->__construct()
#11 C:/dict project/e-certify/e-certify/vendor/laravel/framework/src/Illuminate/Routing/Router.php(906): Illuminate/Routing/Router::toResponse()
#12 C:/dict project/e-certify/e-certify/vendor/laravel/framework/src/Illuminate/Routing/Router.php(821): Illuminate/Routing/Router->prepareResponse()
#13 C:/dict project/e-certify/e-certify/vendor/laravel/framework/src/Illuminate/Pipeline/Pipeline.php(180): Illuminate/Routing/Router->{closure:Illuminate/Routing/Router::runRouteWithinStack():821}()
#14 C:/dict project/e-certify/e-certify/vendor/laravel/boost/src/Middleware/InjectBoost.php(22): Illuminate/Pipeline/Pipeline->{closure:Illuminate/Pipeline/Pipeline::prepareDestination():178}()
#15 C:/dict project/e-certify/e-certify/vendor/laravel/framework/src/Illuminate/Pipeline/Pipeline.php(219): Laravel/Boost/Middleware/InjectBoost->handle()
#16 C:/dict project/e-certify/e-certify/vendor/laravel/framework/src/Illuminate/Routing/Middleware/SubstituteBindings.php(50): Illuminate/Pipeline/Pipeline->{closure:{closure:Illuminate/Pipeline/Pipeline::carry():194}:195}()
#17 C:/dict project/e-certify/e-certify/vendor/laravel/framework/src/Illuminate/Pipeline/Pipeline.php(219): Illuminate/Routing/Middleware/SubstituteBindings->handle()
#18 C:/dict project/e-certify/e-certify/vendor/laravel/framework/src/Illuminate/Auth/Middleware/Authenticate.php(63): Illuminate/Pipeline/Pipeline->{closure:{closure:Illuminate/Pipeline/Pipeline::carry():194}:195}()
#19 C:/dict project/e-certify/e-certify/vendor/laravel/framework/src/Illuminate/Pipeline/Pipeline.php(219): Illuminate/Auth/Middleware/Authenticate->handle()
#20 C:/dict project/e-certify/e-certify/vendor/laravel/framework/src/Illuminate/Foundation/Http/Middleware/VerifyCsrfToken.php(87): Illuminate/Pipeline/Pipeline->{closure:{closure:Illuminate/Pipeline/Pipeline::carry():194}:195}()
#21 C:/dict project/e-certify/e-certify/vendor/laravel/framework/src/Illuminate/Pipeline/Pipeline.php(219): Illuminate/Foundation/Http/Middleware/VerifyCsrfToken->handle()
#22 C:/dict project/e-certify/e-certify/vendor/laravel/framework/src/Illuminate/View/Middleware/ShareErrorsFromSession.php(48): Illuminate/Pipeline/Pipeline->{closure:{closure:Illuminate/Pipeline/Pipeline::carry():194}:195}()
#23 C:/dict project/e-certify/e-certify/vendor/laravel/framework/src/Illuminate/Pipeline/Pipeline.php(219): Illuminate/View/Middleware/ShareErrorsFromSession->handle()
#24 C:/dict project/e-certify/e-certify/vendor/laravel/framework/src/Illuminate/Session/Middleware/StartSession.php(120): Illuminate/Pipeline/Pipeline->{closure:{closure:Illuminate/Pipeline/Pipeline::carry():194}:195}()
#25 C:/dict project/e-certify/e-certify/vendor/laravel/framework/src/Illuminate/Session/Middleware/StartSession.php(63): Illuminate/Session/Middleware/StartSession->handleStatefulRequest()
#26 C:/dict project/e-certify/e-certify/vendor/laravel/framework/src/Illuminate/Pipeline/Pipeline.php(219): Illuminate/Session/Middleware/StartSession->handle()
#27 C:/dict project/e-certify/e-certify/vendor/laravel/framework/src/Illuminate/Cookie/Middleware/AddQueuedCookiesToResponse.php(36): Illuminate/Pipeline/Pipeline->{closure:{closure:Illuminate/Pipeline/Pipeline::carry():194}:195}()
#28 C:/dict project/e-certify/e-certify/vendor/laravel/framework/src/Illuminate/Pipeline/Pipeline.php(219): Illuminate/Cookie/Middleware/AddQueuedCookiesToResponse->handle()
#29 C:/dict project/e-certify/e-certify/vendor/laravel/framework/src/Illuminate/Cookie/Middleware/EncryptCookies.php(74): Illuminate/Pipeline/Pipeline->{closure:{closure:Illuminate/Pipeline/Pipeline::carry():194}:195}()
#30 C:/dict project/e-certify/e-certify/vendor/laravel/framework/src/Illuminate/Pipeline/Pipeline.php(219): Illuminate/Cookie/Middleware/EncryptCookies->handle()
#31 C:/dict project/e-certify/e-certify/vendor/laravel/framework/src/Illuminate/Pipeline/Pipeline.php(137): Illuminate/Pipeline/Pipeline->{closure:{closure:Illuminate/Pipeline/Pipeline::carry():194}:195}()
#32 C:/dict project/e-certify/e-certify/vendor/laravel/framework/src/Illuminate/Routing/Router.php(821): Illuminate/Pipeline/Pipeline->then()
#33 C:/dict project/e-certify/e-certify/vendor/laravel/framework/src/Illuminate/Routing/Router.php(800): Illuminate/Routing/Router->runRouteWithinStack()
#34 C:/dict project/e-certify/e-certify/vendor/laravel/framework/src/Illuminate/Routing/Router.php(764): Illuminate/Routing/Router->runRoute()
#35 C:/dict project/e-certify/e-certify/vendor/laravel/framework/src/Illuminate/Routing/Router.php(753): Illuminate/Routing/Router->dispatchToRoute()
#36 C:/dict project/e-certify/e-certify/vendor/laravel/framework/src/Illuminate/Foundation/Http/Kernel.php(200): Illuminate/Routing/Router->dispatch()
#37 C:/dict project/e-certify/e-certify/vendor/laravel/framework/src/Illuminate/Pipeline/Pipeline.php(180): Illuminate/Foundation/Http/Kernel->{closure:Illuminate/Foundation/Http/Kernel::dispatchToRouter():197}()
#38 C:/dict project/e-certify/e-certify/vendor/livewire/livewire/src/Features/SupportDisablingBackButtonCache/DisableBackButtonCacheMiddleware.php(19): Illuminate/Pipeline/Pipeline->{closure:Illuminate/Pipeline/Pipeline::prepareDestination():178}()
#39 C:/dict project/e-certify/e-certify/vendor/laravel/framework/src/Illuminate/Pipeline/Pipeline.php(219): Livewire/Features/SupportDisablingBackButtonCache/DisableBackButtonCacheMiddleware->handle()
#40 C:/dict project/e-certify/e-certify/vendor/laravel/framework/src/Illuminate/Foundation/Http/Middleware/TransformsRequest.php(21): Illuminate/Pipeline/Pipeline->{closure:{closure:Illuminate/Pipeline/Pipeline::carry():194}:195}()
#41 C:/dict project/e-certify/e-certify/vendor/laravel/framework/src/Illuminate/Foundation/Http/Middleware/ConvertEmptyStringsToNull.php(31): Illuminate/Foundation/Http/Middleware/TransformsRequest->handle()
#42 C:/dict project/e-certify/e-certify/vendor/laravel/framework/src/Illuminate/Pipeline/Pipeline.php(219): Illuminate/Foundation/Http/Middleware/ConvertEmptyStringsToNull->handle()
#43 C:/dict project/e-certify/e-certify/vendor/laravel/framework/src/Illuminate/Foundation/Http/Middleware/TransformsRequest.php(21): Illuminate/Pipeline/Pipeline->{closure:{closure:Illuminate/Pipeline/Pipeline::carry():194}:195}()
#44 C:/dict project/e-certify/e-certify/vendor/laravel/framework/src/Illuminate/Foundation/Http/Middleware/TrimStrings.php(51): Illuminate/Foundation/Http/Middleware/TransformsRequest->handle()
#45 C:/dict project/e-certify/e-certify/vendor/laravel/framework/src/Illuminate/Pipeline/Pipeline.php(219): Illuminate/Foundation/Http/Middleware/TrimStrings->handle()
#46 C:/dict project/e-certify/e-certify/vendor/laravel/framework/src/Illuminate/Http/Middleware/ValidatePostSize.php(27): Illuminate/Pipeline/Pipeline->{closure:{closure:Illuminate/Pipeline/Pipeline::carry():194}:195}()
#47 C:/dict project/e-certify/e-certify/vendor/laravel/framework/src/Illuminate/Pipeline/Pipeline.php(219): Illuminate/Http/Middleware/ValidatePostSize->handle()
#48 C:/dict project/e-certify/e-certify/vendor/laravel/framework/src/Illuminate/Foundation/Http/Middleware/PreventRequestsDuringMaintenance.php(109): Illuminate/Pipeline/Pipeline->{closure:{closure:Illuminate/Pipeline/Pipeline::carry():194}:195}()
#49 C:/dict project/e-certify/e-certify/vendor/laravel/framework/src/Illuminate/Pipeline/Pipeline.php(219): Illuminate/Foundation/Http/Middleware/PreventRequestsDuringMaintenance->handle()
#50 C:/dict project/e-certify/e-certify/vendor/laravel/framework/src/Illuminate/Http/Middleware/HandleCors.php(61): Illuminate/Pipeline/Pipeline->{closure:{closure:Illuminate/Pipeline/Pipeline::carry():194}:195}()
#51 C:/dict project/e-certify/e-certify/vendor/laravel/framework/src/Illuminate/Pipeline/Pipeline.php(219): Illuminate/Http/Middleware/HandleCors->handle()
#52 C:/dict project/e-certify/e-certify/vendor/laravel/framework/src/Illuminate/Http/Middleware/TrustProxies.php(58): Illuminate/Pipeline/Pipeline->{closure:{closure:Illuminate/Pipeline/Pipeline::carry():194}:195}()
#53 C:/dict project/e-certify/e-certify/vendor/laravel/framework/src/Illuminate/Pipeline/Pipeline.php(219): Illuminate/Http/Middleware/TrustProxies->handle()
#54 C:/dict project/e-certify/e-certify/vendor/laravel/framework/src/Illuminate/Foundation/Http/Middleware/InvokeDeferredCallbacks.php(22): Illuminate/Pipeline/Pipeline->{closure:{closure:Illuminate/Pipeline/Pipeline::carry():194}:195}()
#55 C:/dict project/e-certify/e-certify/vendor/laravel/framework/src/Illuminate/Pipeline/Pipeline.php(219): Illuminate/Foundation/Http/Middleware/InvokeDeferredCallbacks->handle()
#56 C:/dict project/e-certify/e-certify/vendor/laravel/framework/src/Illuminate/Http/Middleware/ValidatePathEncoding.php(26): Illuminate/Pipeline/Pipeline->{closure:{closure:Illuminate/Pipeline/Pipeline::carry():194}:195}()
#57 C:/dict project/e-certify/e-certify/vendor/laravel/framework/src/Illuminate/Pipeline/Pipeline.php(219): Illuminate/Http/Middleware/ValidatePathEncoding->handle()
#58 C:/dict project/e-certify/e-certify/vendor/laravel/framework/src/Illuminate/Pipeline/Pipeline.php(137): Illuminate/Pipeline/Pipeline->{closure:{closure:Illuminate/Pipeline/Pipeline::carry():194}:195}()
#59 C:/dict project/e-certify/e-certify/vendor/laravel/framework/src/Illuminate/Foundation/Http/Kernel.php(175): Illuminate/Pipeline/Pipeline->then()
#60 C:/dict project/e-certify/e-certify/vendor/laravel/framework/src/Illuminate/Foundation/Http/Kernel.php(144): Illuminate/Foundation/Http/Kernel->sendRequestThroughRouter()
#61 C:/dict project/e-certify/e-certify/vendor/laravel/framework/src/Illuminate/Foundation/Application.php(1220): Illuminate/Foundation/Http/Kernel->handle()
#62 C:/dict project/e-certify/e-certify/public/index.php(20): Illuminate/Foundation/Application->handleRequest()
#63 C:/dict project/e-certify/e-certify/vendor/laravel/framework/src/Illuminate/Foundation/resources/server.php(23): require_once('...')
#64 {main}

[previous exception] [object] (UnhandledMatchError(code: 0): Unhandled match case of type string at C:/dict project/e-certify/e-certify/storage/framework/views/e6809854e0a7e509f996a3b84b7c71bb.php:121)
[stacktrace]
#0 C:/dict project/e-certify/e-certify/storage/framework/views/40c03e51ad64bb1070b46c79fb82f625.php(61): _e6809854e0a7e509f996a3b84b7c71bb()
#1 C:/dict project/e-certify/e-certify/vendor/laravel/framework/src/Illuminate/Filesystem/Filesystem.php(123): require('...')
#2 C:/dict project/e-certify/e-certify/vendor/laravel/framework/src/Illuminate/Filesystem/Filesystem.php(124): Illuminate/Filesystem/Filesystem::{closure:Illuminate/Filesystem/Filesystem::getRequire():120}()
#3 C:/dict project/e-certify/e-certify/vendor/laravel/framework/src/Illuminate/View/Engines/PhpEngine.php(57): Illuminate/Filesystem/Filesystem->getRequire()
#4 C:/dict project/e-certify/e-certify/vendor/livewire/livewire/src/Mechanisms/ExtendBlade/ExtendedCompilerEngine.php(22): Illuminate/View/Engines/PhpEngine->evaluatePath()
#5 C:/dict project/e-certify/e-certify/vendor/laravel/framework/src/Illuminate/View/Engines/CompilerEngine.php(76): Livewire/Mechanisms/ExtendBlade/ExtendedCompilerEngine->evaluatePath()
#6 C:/dict project/e-certify/e-certify/vendor/livewire/livewire/src/Mechanisms/ExtendBlade/ExtendedCompilerEngine.php(10): Illuminate/View/Engines/CompilerEngine->get()
#7 C:/dict project/e-certify/e-certify/vendor/laravel/framework/src/Illuminate/View/View.php(208): Livewire/Mechanisms/ExtendBlade/ExtendedCompilerEngine->get()
#8 C:/dict project/e-certify/e-certify/vendor/laravel/framework/src/Illuminate/View/View.php(191): Illuminate/View/View->getContents()
#9 C:/dict project/e-certify/e-certify/vendor/laravel/framework/src/Illuminate/View/View.php(160): Illuminate/View/View->renderContents()
#10 C:/dict project/e-certify/e-certify/vendor/laravel/framework/src/Illuminate/Http/Response.php(78): Illuminate/View/View->render()
#11 C:/dict project/e-certify/e-certify/vendor/laravel/framework/src/Illuminate/Http/Response.php(34): Illuminate/Http/Response->setContent()
#12 C:/dict project/e-certify/e-certify/vendor/laravel/framework/src/Illuminate/Routing/Router.php(939): Illuminate/Http/Response->__construct()
#13 C:/dict project/e-certify/e-certify/vendor/laravel/framework/src/Illuminate/Routing/Router.php(906): Illuminate/Routing/Router::toResponse()
#14 C:/dict project/e-certify/e-certify/vendor/laravel/framework/src/Illuminate/Routing/Router.php(821): Illuminate/Routing/Router->prepareResponse()
#15 C:/dict project/e-certify/e-certify/vendor/laravel/framework/src/Illuminate/Pipeline/Pipeline.php(180): Illuminate/Routing/Router->{closure:Illuminate/Routing/Router::runRouteWithinStack():821}()
#16 C:/dict project/e-certify/e-certify/vendor/laravel/boost/src/Middleware/InjectBoost.php(22): Illuminate/Pipeline/Pipeline->{closure:Illuminate/Pipeline/Pipeline::prepareDestination():178}()
#17 C:/dict project/e-certify/e-certify/vendor/laravel/framework/src/Illuminate/Pipeline/Pipeline.php(219): Laravel/Boost/Middleware/InjectBoost->handle()
#18 C:/dict project/e-certify/e-certify/vendor/laravel/framework/src/Illuminate/Routing/Middleware/SubstituteBindings.php(50): Illuminate/Pipeline/Pipeline->{closure:{closure:Illuminate/Pipeline/Pipeline::carry():194}:195}()
#19 C:/dict project/e-certify/e-certify/vendor/laravel/framework/src/Illuminate/Pipeline/Pipeline.php(219): Illuminate/Routing/Middleware/SubstituteBindings->handle()
#20 C:/dict project/e-certify/e-certify/vendor/laravel/framework/src/Illuminate/Auth/Middleware/Authenticate.php(63): Illuminate/Pipeline/Pipeline->{closure:{closure:Illuminate/Pipeline/Pipeline::carry():194}:195}()
#21 C:/dict project/e-certify/e-certify/vendor/laravel/framework/src/Illuminate/Pipeline/Pipeline.php(219): Illuminate/Auth/Middleware/Authenticate->handle()
#22 C:/dict project/e-certify/e-certify/vendor/laravel/framework/src/Illuminate/Foundation/Http/Middleware/VerifyCsrfToken.php(87): Illuminate/Pipeline/Pipeline->{closure:{closure:Illuminate/Pipeline/Pipeline::carry():194}:195}()
#23 C:/dict project/e-certify/e-certify/vendor/laravel/framework/src/Illuminate/Pipeline/Pipeline.php(219): Illuminate/Foundation/Http/Middleware/VerifyCsrfToken->handle()
#24 C:/dict project/e-certify/e-certify/vendor/laravel/framework/src/Illuminate/View/Middleware/ShareErrorsFromSession.php(48): Illuminate/Pipeline/Pipeline->{closure:{closure:Illuminate/Pipeline/Pipeline::carry():194}:195}()
#25 C:/dict project/e-certify/e-certify/vendor/laravel/framework/src/Illuminate/Pipeline/Pipeline.php(219): Illuminate/View/Middleware/ShareErrorsFromSession->handle()
#26 C:/dict project/e-certify/e-certify/vendor/laravel/framework/src/Illuminate/Session/Middleware/StartSession.php(120): Illuminate/Pipeline/Pipeline->{closure:{closure:Illuminate/Pipeline/Pipeline::carry():194}:195}()
#27 C:/dict project/e-certify/e-certify/vendor/laravel/framework/src/Illuminate/Session/Middleware/StartSession.php(63): Illuminate/Session/Middleware/StartSession->handleStatefulRequest()
#28 C:/dict project/e-certify/e-certify/vendor/laravel/framework/src/Illuminate/Pipeline/Pipeline.php(219): Illuminate/Session/Middleware/StartSession->handle()
#29 C:/dict project/e-certify/e-certify/vendor/laravel/framework/src/Illuminate/Cookie/Middleware/AddQueuedCookiesToResponse.php(36): Illuminate/Pipeline/Pipeline->{closure:{closure:Illuminate/Pipeline/Pipeline::carry():194}:195}()
#30 C:/dict project/e-certify/e-certify/vendor/laravel/framework/src/Illuminate/Pipeline/Pipeline.php(219): Illuminate/Cookie/Middleware/AddQueuedCookiesToResponse->handle()
#31 C:/dict project/e-certify/e-certify/vendor/laravel/framework/src/Illuminate/Cookie/Middleware/EncryptCookies.php(74): Illuminate/Pipeline/Pipeline->{closure:{closure:Illuminate/Pipeline/Pipeline::carry():194}:195}()
#32 C:/dict project/e-certify/e-certify/vendor/laravel/framework/src/Illuminate/Pipeline/Pipeline.php(219): Illuminate/Cookie/Middleware/EncryptCookies->handle()
#33 C:/dict project/e-certify/e-certify/vendor/laravel/framework/src/Illuminate/Pipeline/Pipeline.php(137): Illuminate/Pipeline/Pipeline->{closure:{closure:Illuminate/Pipeline/Pipeline::carry():194}:195}()
#34 C:/dict project/e-certify/e-certify/vendor/laravel/framework/src/Illuminate/Routing/Router.php(821): Illuminate/Pipeline/Pipeline->then()
#35 C:/dict project/e-certify/e-certify/vendor/laravel/framework/src/Illuminate/Routing/Router.php(800): Illuminate/Routing/Router->runRouteWithinStack()
#36 C:/dict project/e-certify/e-certify/vendor/laravel/framework/src/Illuminate/Routing/Router.php(764): Illuminate/Routing/Router->runRoute()
#37 C:/dict project/e-certify/e-certify/vendor/laravel/framework/src/Illuminate/Routing/Router.php(753): Illuminate/Routing/Router->dispatchToRoute()
#38 C:/dict project/e-certify/e-certify/vendor/laravel/framework/src/Illuminate/Foundation/Http/Kernel.php(200): Illuminate/Routing/Router->dispatch()
#39 C:/dict project/e-certify/e-certify/vendor/laravel/framework/src/Illuminate/Pipeline/Pipeline.php(180): Illuminate/Foundation/Http/Kernel->{closure:Illuminate/Foundation/Http/Kernel::dispatchToRouter():197}()
#40 C:/dict project/e-certify/e-certify/vendor/livewire/livewire/src/Features/SupportDisablingBackButtonCache/DisableBackButtonCacheMiddleware.php(19): Illuminate/Pipeline/Pipeline->{closure:Illuminate/Pipeline/Pipeline::prepareDestination():178}()
#41 C:/dict project/e-certify/e-certify/vendor/laravel/framework/src/Illuminate/Pipeline/Pipeline.php(219): Livewire/Features/SupportDisablingBackButtonCache/DisableBackButtonCacheMiddleware->handle()
#42 C:/dict project/e-certify/e-certify/vendor/laravel/framework/src/Illuminate/Foundation/Http/Middleware/TransformsRequest.php(21): Illuminate/Pipeline/Pipeline->{closure:{closure:Illuminate/Pipeline/Pipeline::carry():194}:195}()
#43 C:/dict project/e-certify/e-certify/vendor/laravel/framework/src/Illuminate/Foundation/Http/Middleware/ConvertEmptyStringsToNull.php(31): Illuminate/Foundation/Http/Middleware/TransformsRequest->handle()
#44 C:/dict project/e-certify/e-certify/vendor/laravel/framework/src/Illuminate/Pipeline/Pipeline.php(219): Illuminate/Foundation/Http/Middleware/ConvertEmptyStringsToNull->handle()
#45 C:/dict project/e-certify/e-certify/vendor/laravel/framework/src/Illuminate/Foundation/Http/Middleware/TransformsRequest.php(21): Illuminate/Pipeline/Pipeline->{closure:{closure:Illuminate/Pipeline/Pipeline::carry():194}:195}()
#46 C:/dict project/e-certify/e-certify/vendor/laravel/framework/src/Illuminate/Foundation/Http/Middleware/TrimStrings.php(51): Illuminate/Foundation/Http/Middleware/TransformsRequest->handle()
#47 C:/dict project/e-certify/e-certify/vendor/laravel/framework/src/Illuminate/Pipeline/Pipeline.php(219): Illuminate/Foundation/Http/Middleware/TrimStrings->handle()
#48 C:/dict project/e-certify/e-certify/vendor/laravel/framework/src/Illuminate/Http/Middleware/ValidatePostSize.php(27): Illuminate/Pipeline/Pipeline->{closure:{closure:Illuminate/Pipeline/Pipeline::carry():194}:195}()
#49 C:/dict project/e-certify/e-certify/vendor/laravel/framework/src/Illuminate/Pipeline/Pipeline.php(219): Illuminate/Http/Middleware/ValidatePostSize->handle()
#50 C:/dict project/e-certify/e-certify/vendor/laravel/framework/src/Illuminate/Foundation/Http/Middleware/PreventRequestsDuringMaintenance.php(109): Illuminate/Pipeline/Pipeline->{closure:{closure:Illuminate/Pipeline/Pipeline::carry():194}:195}()
#51 C:/dict project/e-certify/e-certify/vendor/laravel/framework/src/Illuminate/Pipeline/Pipeline.php(219): Illuminate/Foundation/Http/Middleware/PreventRequestsDuringMaintenance->handle()
#52 C:/dict project/e-certify/e-certify/vendor/laravel/framework/src/Illuminate/Http/Middleware/HandleCors.php(61): Illuminate/Pipeline/Pipeline->{closure:{closure:Illuminate/Pipeline/Pipeline::carry():194}:195}()
#53 C:/dict project/e-certify/e-certify/vendor/laravel/framework/src/Illuminate/Pipeline/Pipeline.php(219): Illuminate/Http/Middleware/HandleCors->handle()
#54 C:/dict project/e-certify/e-certify/vendor/laravel/framework/src/Illuminate/Http/Middleware/TrustProxies.php(58): Illuminate/Pipeline/Pipeline->{closure:{closure:Illuminate/Pipeline/Pipeline::carry():194}:195}()
#55 C:/dict project/e-certify/e-certify/vendor/laravel/framework/src/Illuminate/Pipeline/Pipeline.php(219): Illuminate/Http/Middleware/TrustProxies->handle()
#56 C:/dict project/e-certify/e-certify/vendor/laravel/framework/src/Illuminate/Foundation/Http/Middleware/InvokeDeferredCallbacks.php(22): Illuminate/Pipeline/Pipeline->{closure:{closure:Illuminate/Pipeline/Pipeline::carry():194}:195}()
#57 C:/dict project/e-certify/e-certify/vendor/laravel/framework/src/Illuminate/Pipeline/Pipeline.php(219): Illuminate/Foundation/Http/Middleware/InvokeDeferredCallbacks->handle()
#58 C:/dict project/e-certify/e-certify/vendor/laravel/framework/src/Illuminate/Http/Middleware/ValidatePathEncoding.php(26): Illuminate/Pipeline/Pipeline->{closure:{closure:Illuminate/Pipeline/Pipeline::carry():194}:195}()
#59 C:/dict project/e-certify/e-certify/vendor/laravel/framework/src/Illuminate/Pipeline/Pipeline.php(219): Illuminate/Http/Middleware/ValidatePathEncoding->handle()
#60 C:/dict project/e-certify/e-certify/vendor/laravel/framework/src/Illuminate/Pipeline/Pipeline.php(137): Illuminate/Pipeline/Pipeline->{closure:{closure:Illuminate/Pipeline/Pipeline::carry():194}:195}()
#61 C:/dict project/e-certify/e-certify/vendor/laravel/framework/src/Illuminate/Foundation/Http/Kernel.php(175): Illuminate/Pipeline/Pipeline->then()
#62 C:/dict project/e-certify/e-certify/vendor/laravel/framework/src/Illuminate/Foundation/Http/Kernel.php(144): Illuminate/Foundation/Http/Kernel->sendRequestThroughRouter()
#63 C:/dict project/e-certify/e-certify/vendor/laravel/framework/src/Illuminate/Foundation/Application.php(1220): Illuminate/Foundation/Http/Kernel->handle()
#64 C:/dict project/e-certify/e-certify/public/index.php(20): Illuminate/Foundation/Application->handleRequest()
#65 C:/dict project/e-certify/e-certify/vendor/laravel/framework/src/Illuminate/Foundation/resources/server.php(23): require_once('...')
#66 {main}
"} 
[2026-03-10 07:34:43] local.ERROR: Unhandled match case of type string (View: C:\dict project\e-certify\e-certify\resources\views\livewire\auth\verify-email.blade.php) {"userId":9,"exception":"[object] (Illuminate\\View\\ViewException(code: 0): Unhandled match case of type string (View: C:\\dict project\\e-certify\\e-certify\\resources\\views\\livewire\\auth\\verify-email.blade.php) at C:/dict project/e-certify/e-certify/storage/framework/views/e6809854e0a7e509f996a3b84b7c71bb.php:121)
[stacktrace]
#0 C:/dict project/e-certify/e-certify/vendor/livewire/livewire/src/Mechanisms/ExtendBlade/ExtendedCompilerEngine.php(58): Illuminate/View/Engines/CompilerEngine->handleViewException()
#1 C:/dict project/e-certify/e-certify/vendor/laravel/framework/src/Illuminate/View/Engines/PhpEngine.php(59): Livewire/Mechanisms/ExtendBlade/ExtendedCompilerEngine->handleViewException()
#2 C:/dict project/e-certify/e-certify/vendor/livewire/livewire/src/Mechanisms/ExtendBlade/ExtendedCompilerEngine.php(22): Illuminate/View/Engines/PhpEngine->evaluatePath()
#3 C:/dict project/e-certify/e-certify/vendor/laravel/framework/src/Illuminate/View/Engines/CompilerEngine.php(76): Livewire/Mechanisms/ExtendBlade/ExtendedCompilerEngine->evaluatePath()
#4 C:/dict project/e-certify/e-certify/vendor/livewire/livewire/src/Mechanisms/ExtendBlade/ExtendedCompilerEngine.php(10): Illuminate/View/Engines/CompilerEngine->get()
#5 C:/dict project/e-certify/e-certify/vendor/laravel/framework/src/Illuminate/View/View.php(208): Livewire/Mechanisms/ExtendBlade/ExtendedCompilerEngine->get()
#6 C:/dict project/e-certify/e-certify/vendor/laravel/framework/src/Illuminate/View/View.php(191): Illuminate/View/View->getContents()
#7 C:/dict project/e-certify/e-certify/vendor/laravel/framework/src/Illuminate/View/View.php(160): Illuminate/View/View->renderContents()
#8 C:/dict project/e-certify/e-certify/vendor/laravel/framework/src/Illuminate/Http/Response.php(78): Illuminate/View/View->render()
#9 C:/dict project/e-certify/e-certify/vendor/laravel/framework/src/Illuminate/Http/Response.php(34): Illuminate/Http/Response->setContent()
#10 C:/dict project/e-certify/e-certify/vendor/laravel/framework/src/Illuminate/Routing/Router.php(939): Illuminate/Http/Response->__construct()
#11 C:/dict project/e-certify/e-certify/vendor/laravel/framework/src/Illuminate/Routing/Router.php(906): Illuminate/Routing/Router::toResponse()
#12 C:/dict project/e-certify/e-certify/vendor/laravel/framework/src/Illuminate/Routing/Router.php(821): Illuminate/Routing/Router->prepareResponse()
#13 C:/dict project/e-certify/e-certify/vendor/laravel/framework/src/Illuminate/Pipeline/Pipeline.php(180): Illuminate/Routing/Router->{closure:Illuminate/Routing/Router::runRouteWithinStack():821}()
#14 C:/dict project/e-certify/e-certify/vendor/laravel/boost/src/Middleware/InjectBoost.php(22): Illuminate/Pipeline/Pipeline->{closure:Illuminate/Pipeline/Pipeline::prepareDestination():178}()
#15 C:/dict project/e-certify/e-certify/vendor/laravel/framework/src/Illuminate/Pipeline/Pipeline.php(219): Laravel/Boost/Middleware/InjectBoost->handle()
#16 C:/dict project/e-certify/e-certify/vendor/laravel/framework/src/Illuminate/Routing/Middleware/SubstituteBindings.php(50): Illuminate/Pipeline/Pipeline->{closure:{closure:Illuminate/Pipeline/Pipeline::carry():194}:195}()
#17 C:/dict project/e-certify/e-certify/vendor/laravel/framework/src/Illuminate/Pipeline/Pipeline.php(219): Illuminate/Routing/Middleware/SubstituteBindings->handle()
#18 C:/dict project/e-certify/e-certify/vendor/laravel/framework/src/Illuminate/Auth/Middleware/Authenticate.php(63): Illuminate/Pipeline/Pipeline->{closure:{closure:Illuminate/Pipeline/Pipeline::carry():194}:195}()
#19 C:/dict project/e-certify/e-certify/vendor/laravel/framework/src/Illuminate/Pipeline/Pipeline.php(219): Illuminate/Auth/Middleware/Authenticate->handle()
#20 C:/dict project/e-certify/e-certify/vendor/laravel/framework/src/Illuminate/Foundation/Http/Middleware/VerifyCsrfToken.php(87): Illuminate/Pipeline/Pipeline->{closure:{closure:Illuminate/Pipeline/Pipeline::carry():194}:195}()
#21 C:/dict project/e-certify/e-certify/vendor/laravel/framework/src/Illuminate/Pipeline/Pipeline.php(219): Illuminate/Foundation/Http/Middleware/VerifyCsrfToken->handle()
#22 C:/dict project/e-certify/e-certify/vendor/laravel/framework/src/Illuminate/View/Middleware/ShareErrorsFromSession.php(48): Illuminate/Pipeline/Pipeline->{closure:{closure:Illuminate/Pipeline/Pipeline::carry():194}:195}()
#23 C:/dict project/e-certify/e-certify/vendor/laravel/framework/src/Illuminate/Pipeline/Pipeline.php(219): Illuminate/View/Middleware/ShareErrorsFromSession->handle()
#24 C:/dict project/e-certify/e-certify/vendor/laravel/framework/src/Illuminate/Session/Middleware/StartSession.php(120): Illuminate/Pipeline/Pipeline->{closure:{closure:Illuminate/Pipeline/Pipeline::carry():194}:195}()
#25 C:/dict project/e-certify/e-certify/vendor/laravel/framework/src/Illuminate/Session/Middleware/StartSession.php(63): Illuminate/Session/Middleware/StartSession->handleStatefulRequest()
#26 C:/dict project/e-certify/e-certify/vendor/laravel/framework/src/Illuminate/Pipeline/Pipeline.php(219): Illuminate/Session/Middleware/StartSession->handle()
#27 C:/dict project/e-certify/e-certify/vendor/laravel/framework/src/Illuminate/Cookie/Middleware/AddQueuedCookiesToResponse.php(36): Illuminate/Pipeline/Pipeline->{closure:{closure:Illuminate/Pipeline/Pipeline::carry():194}:195}()
#28 C:/dict project/e-certify/e-certify/vendor/laravel/framework/src/Illuminate/Pipeline/Pipeline.php(219): Illuminate/Cookie/Middleware/AddQueuedCookiesToResponse->handle()
#29 C:/dict project/e-certify/e-certify/vendor/laravel/framework/src/Illuminate/Cookie/Middleware/EncryptCookies.php(74): Illuminate/Pipeline/Pipeline->{closure:{closure:Illuminate/Pipeline/Pipeline::carry():194}:195}()
#30 C:/dict project/e-certify/e-certify/vendor/laravel/framework/src/Illuminate/Pipeline/Pipeline.php(219): Illuminate/Cookie/Middleware/EncryptCookies->handle()
#31 C:/dict project/e-certify/e-certify/vendor/laravel/framework/src/Illuminate/Pipeline/Pipeline.php(137): Illuminate/Pipeline/Pipeline->{closure:{closure:Illuminate/Pipeline/Pipeline::carry():194}:195}()
#32 C:/dict project/e-certify/e-certify/vendor/laravel/framework/src/Illuminate/Routing/Router.php(821): Illuminate/Pipeline/Pipeline->then()
#33 C:/dict project/e-certify/e-certify/vendor/laravel/framework/src/Illuminate/Routing/Router.php(800): Illuminate/Routing/Router->runRouteWithinStack()
#34 C:/dict project/e-certify/e-certify/vendor/laravel/framework/src/Illuminate/Routing/Router.php(764): Illuminate/Routing/Router->runRoute()
#35 C:/dict project/e-certify/e-certify/vendor/laravel/framework/src/Illuminate/Routing/Router.php(753): Illuminate/Routing/Router->dispatchToRoute()
#36 C:/dict project/e-certify/e-certify/vendor/laravel/framework/src/Illuminate/Foundation/Http/Kernel.php(200): Illuminate/Routing/Router->dispatch()
#37 C:/dict project/e-certify/e-certify/vendor/laravel/framework/src/Illuminate/Pipeline/Pipeline.php(180): Illuminate/Foundation/Http/Kernel->{closure:Illuminate/Foundation/Http/Kernel::dispatchToRouter():197}()
#38 C:/dict project/e-certify/e-certify/vendor/livewire/livewire/src/Features/SupportDisablingBackButtonCache/DisableBackButtonCacheMiddleware.php(19): Illuminate/Pipeline/Pipeline->{closure:Illuminate/Pipeline/Pipeline::prepareDestination():178}()
#39 C:/dict project/e-certify/e-certify/vendor/laravel/framework/src/Illuminate/Pipeline/Pipeline.php(219): Livewire/Features/SupportDisablingBackButtonCache/DisableBackButtonCacheMiddleware->handle()
#40 C:/dict project/e-certify/e-certify/vendor/laravel/framework/src/Illuminate/Foundation/Http/Middleware/TransformsRequest.php(21): Illuminate/Pipeline/Pipeline->{closure:{closure:Illuminate/Pipeline/Pipeline::carry():194}:195}()
#41 C:/dict project/e-certify/e-certify/vendor/laravel/framework/src/Illuminate/Foundation/Http/Middleware/ConvertEmptyStringsToNull.php(31): Illuminate/Foundation/Http/Middleware/TransformsRequest->handle()
#42 C:/dict project/e-certify/e-certify/vendor/laravel/framework/src/Illuminate/Pipeline/Pipeline.php(219): Illuminate/Foundation/Http/Middleware/ConvertEmptyStringsToNull->handle()
#43 C:/dict project/e-certify/e-certify/vendor/laravel/framework/src/Illuminate/Foundation/Http/Middleware/TransformsRequest.php(21): Illuminate/Pipeline/Pipeline->{closure:{closure:Illuminate/Pipeline/Pipeline::carry():194}:195}()
#44 C:/dict project/e-certify/e-certify/vendor/laravel/framework/src/Illuminate/Foundation/Http/Middleware/TrimStrings.php(51): Illuminate/Foundation/Http/Middleware/TransformsRequest->handle()
#45 C:/dict project/e-certify/e-certify/vendor/laravel/framework/src/Illuminate/Pipeline/Pipeline.php(219): Illuminate/Foundation/Http/Middleware/TrimStrings->handle()
#46 C:/dict project/e-certify/e-certify/vendor/laravel/framework/src/Illuminate/Http/Middleware/ValidatePostSize.php(27): Illuminate/Pipeline/Pipeline->{closure:{closure:Illuminate/Pipeline/Pipeline::carry():194}:195}()
#47 C:/dict project/e-certify/e-certify/vendor/laravel/framework/src/Illuminate/Pipeline/Pipeline.php(219): Illuminate/Http/Middleware/ValidatePostSize->handle()
#48 C:/dict project/e-certify/e-certify/vendor/laravel/framework/src/Illuminate/Foundation/Http/Middleware/PreventRequestsDuringMaintenance.php(109): Illuminate/Pipeline/Pipeline->{closure:{closure:Illuminate/Pipeline/Pipeline::carry():194}:195}()
#49 C:/dict project/e-certify/e-certify/vendor/laravel/framework/src/Illuminate/Pipeline/Pipeline.php(219): Illuminate/Foundation/Http/Middleware/PreventRequestsDuringMaintenance->handle()
#50 C:/dict project/e-certify/e-certify/vendor/laravel/framework/src/Illuminate/Http/Middleware/HandleCors.php(61): Illuminate/Pipeline/Pipeline->{closure:{closure:Illuminate/Pipeline/Pipeline::carry():194}:195}()
#51 C:/dict project/e-certify/e-certify/vendor/laravel/framework/src/Illuminate/Pipeline/Pipeline.php(219): Illuminate/Http/Middleware/HandleCors->handle()
#52 C:/dict project/e-certify/e-certify/vendor/laravel/framework/src/Illuminate/Http/Middleware/TrustProxies.php(58): Illuminate/Pipeline/Pipeline->{closure:{closure:Illuminate/Pipeline/Pipeline::carry():194}:195}()
#53 C:/dict project/e-certify/e-certify/vendor/laravel/framework/src/Illuminate/Pipeline/Pipeline.php(219): Illuminate/Http/Middleware/TrustProxies->handle()
#54 C:/dict project/e-certify/e-certify/vendor/laravel/framework/src/Illuminate/Foundation/Http/Middleware/InvokeDeferredCallbacks.php(22): Illuminate/Pipeline/Pipeline->{closure:{closure:Illuminate/Pipeline/Pipeline::carry():194}:195}()
#55 C:/dict project/e-certify/e-certify/vendor/laravel/framework/src/Illuminate/Pipeline/Pipeline.php(219): Illuminate/Foundation/Http/Middleware/InvokeDeferredCallbacks->handle()
#56 C:/dict project/e-certify/e-certify/vendor/laravel/framework/src/Illuminate/Http/Middleware/ValidatePathEncoding.php(26): Illuminate/Pipeline/Pipeline->{closure:{closure:Illuminate/Pipeline/Pipeline::carry():194}:195}()
#57 C:/dict project/e-certify/e-certify/vendor/laravel/framework/src/Illuminate/Pipeline/Pipeline.php(219): Illuminate/Http/Middleware/ValidatePathEncoding->handle()
#58 C:/dict project/e-certify/e-certify/vendor/laravel/framework/src/Illuminate/Pipeline/Pipeline.php(137): Illuminate/Pipeline/Pipeline->{closure:{closure:Illuminate/Pipeline/Pipeline::carry():194}:195}()
#59 C:/dict project/e-certify/e-certify/vendor/laravel/framework/src/Illuminate/Foundation/Http/Kernel.php(175): Illuminate/Pipeline/Pipeline->then()
#60 C:/dict project/e-certify/e-certify/vendor/laravel/framework/src/Illuminate/Foundation/Http/Kernel.php(144): Illuminate/Foundation/Http/Kernel->sendRequestThroughRouter()
#61 C:/dict project/e-certify/e-certify/vendor/laravel/framework/src/Illuminate/Foundation/Application.php(1220): Illuminate/Foundation/Http/Kernel->handle()
#62 C:/dict project/e-certify/e-certify/public/index.php(20): Illuminate/Foundation/Application->handleRequest()
#63 C:/dict project/e-certify/e-certify/vendor/laravel/framework/src/Illuminate/Foundation/resources/server.php(23): require_once('...')
#64 {main}

[previous exception] [object] (UnhandledMatchError(code: 0): Unhandled match case of type string at C:/dict project/e-certify/e-certify/storage/framework/views/e6809854e0a7e509f996a3b84b7c71bb.php:121)
[stacktrace]
#0 C:/dict project/e-certify/e-certify/storage/framework/views/40c03e51ad64bb1070b46c79fb82f625.php(61): _e6809854e0a7e509f996a3b84b7c71bb()
#1 C:/dict project/e-certify/e-certify/vendor/laravel/framework/src/Illuminate/Filesystem/Filesystem.php(123): require('...')
#2 C:/dict project/e-certify/e-certify/vendor/laravel/framework/src/Illuminate/Filesystem/Filesystem.php(124): Illuminate/Filesystem/Filesystem::{closure:Illuminate/Filesystem/Filesystem::getRequire():120}()
#3 C:/dict project/e-certify/e-certify/vendor/laravel/framework/src/Illuminate/View/Engines/PhpEngine.php(57): Illuminate/Filesystem/Filesystem->getRequire()
#4 C:/dict project/e-certify/e-certify/vendor/livewire/livewire/src/Mechanisms/ExtendBlade/ExtendedCompilerEngine.php(22): Illuminate/View/Engines/PhpEngine->evaluatePath()
#5 C:/dict project/e-certify/e-certify/vendor/laravel/framework/src/Illuminate/View/Engines/CompilerEngine.php(76): Livewire/Mechanisms/ExtendBlade/ExtendedCompilerEngine->evaluatePath()
#6 C:/dict project/e-certify/e-certify/vendor/livewire/livewire/src/Mechanisms/ExtendBlade/ExtendedCompilerEngine.php(10): Illuminate/View/Engines/CompilerEngine->get()
#7 C:/dict project/e-certify/e-certify/vendor/laravel/framework/src/Illuminate/View/View.php(208): Livewire/Mechanisms/ExtendBlade/ExtendedCompilerEngine->get()
#8 C:/dict project/e-certify/e-certify/vendor/laravel/framework/src/Illuminate/View/View.php(191): Illuminate/View/View->getContents()
#9 C:/dict project/e-certify/e-certify/vendor/laravel/framework/src/Illuminate/View/View.php(160): Illuminate/View/View->renderContents()
#10 C:/dict project/e-certify/e-certify/vendor/laravel/framework/src/Illuminate/Http/Response.php(78): Illuminate/View/View->render()
#11 C:/dict project/e-certify/e-certify/vendor/laravel/framework/src/Illuminate/Http/Response.php(34): Illuminate/Http/Response->setContent()
#12 C:/dict project/e-certify/e-certify/vendor/laravel/framework/src/Illuminate/Routing/Router.php(939): Illuminate/Http/Response->__construct()
#13 C:/dict project/e-certify/e-certify/vendor/laravel/framework/src/Illuminate/Routing/Router.php(906): Illuminate/Routing/Router::toResponse()
#14 C:/dict project/e-certify/e-certify/vendor/laravel/framework/src/Illuminate/Routing/Router.php(821): Illuminate/Routing/Router->prepareResponse()
#15 C:/dict project/e-certify/e-certify/vendor/laravel/framework/src/Illuminate/Pipeline/Pipeline.php(180): Illuminate/Routing/Router->{closure:Illuminate/Routing/Router::runRouteWithinStack():821}()
#16 C:/dict project/e-certify/e-certify/vendor/laravel/boost/src/Middleware/InjectBoost.php(22): Illuminate/Pipeline/Pipeline->{closure:Illuminate/Pipeline/Pipeline::prepareDestination():178}()
#17 C:/dict project/e-certify/e-certify/vendor/laravel/framework/src/Illuminate/Pipeline/Pipeline.php(219): Laravel/Boost/Middleware/InjectBoost->handle()
#18 C:/dict project/e-certify/e-certify/vendor/laravel/framework/src/Illuminate/Routing/Middleware/SubstituteBindings.php(50): Illuminate/Pipeline/Pipeline->{closure:{closure:Illuminate/Pipeline/Pipeline::carry():194}:195}()
#19 C:/dict project/e-certify/e-certify/vendor/laravel/framework/src/Illuminate/Pipeline/Pipeline.php(219): Illuminate/Routing/Middleware/SubstituteBindings->handle()
#20 C:/dict project/e-certify/e-certify/vendor/laravel/framework/src/Illuminate/Auth/Middleware/Authenticate.php(63): Illuminate/Pipeline/Pipeline->{closure:{closure:Illuminate/Pipeline/Pipeline::carry():194}:195}()
#21 C:/dict project/e-certify/e-certify/vendor/laravel/framework/src/Illuminate/Pipeline/Pipeline.php(219): Illuminate/Auth/Middleware/Authenticate->handle()
#22 C:/dict project/e-certify/e-certify/vendor/laravel/framework/src/Illuminate/Foundation/Http/Middleware/VerifyCsrfToken.php(87): Illuminate/Pipeline/Pipeline->{closure:{closure:Illuminate/Pipeline/Pipeline::carry():194}:195}()
#23 C:/dict project/e-certify/e-certify/vendor/laravel/framework/src/Illuminate/Pipeline/Pipeline.php(219): Illuminate/Foundation/Http/Middleware/VerifyCsrfToken->handle()
#24 C:/dict project/e-certify/e-certify/vendor/laravel/framework/src/Illuminate/View/Middleware/ShareErrorsFromSession.php(48): Illuminate/Pipeline/Pipeline->{closure:{closure:Illuminate/Pipeline/Pipeline::carry():194}:195}()
#25 C:/dict project/e-certify/e-certify/vendor/laravel/framework/src/Illuminate/Pipeline/Pipeline.php(219): Illuminate/View/Middleware/ShareErrorsFromSession->handle()
#26 C:/dict project/e-certify/e-certify/vendor/laravel/framework/src/Illuminate/Session/Middleware/StartSession.php(120): Illuminate/Pipeline/Pipeline->{closure:{closure:Illuminate/Pipeline/Pipeline::carry():194}:195}()
#27 C:/dict project/e-certify/e-certify/vendor/laravel/framework/src/Illuminate/Session/Middleware/StartSession.php(63): Illuminate/Session/Middleware/StartSession->handleStatefulRequest()
#28 C:/dict project/e-certify/e-certify/vendor/laravel/framework/src/Illuminate/Pipeline/Pipeline.php(219): Illuminate/Session/Middleware/StartSession->handle()
#29 C:/dict project/e-certify/e-certify/vendor/laravel/framework/src/Illuminate/Cookie/Middleware/AddQueuedCookiesToResponse.php(36): Illuminate/Pipeline/Pipeline->{closure:{closure:Illuminate/Pipeline/Pipeline::carry():194}:195}()
#30 C:/dict project/e-certify/e-certify/vendor/laravel/framework/src/Illuminate/Pipeline/Pipeline.php(219): Illuminate/Cookie/Middleware/AddQueuedCookiesToResponse->handle()
#31 C:/dict project/e-certify/e-certify/vendor/laravel/framework/src/Illuminate/Cookie/Middleware/EncryptCookies.php(74): Illuminate/Pipeline/Pipeline->{closure:{closure:Illuminate/Pipeline/Pipeline::carry():194}:195}()
#32 C:/dict project/e-certify/e-certify/vendor/laravel/framework/src/Illuminate/Pipeline/Pipeline.php(219): Illuminate/Cookie/Middleware/EncryptCookies->handle()
#33 C:/dict project/e-certify/e-certify/vendor/laravel/framework/src/Illuminate/Pipeline/Pipeline.php(137): Illuminate/Pipeline/Pipeline->{closure:{closure:Illuminate/Pipeline/Pipeline::carry():194}:195}()
#34 C:/dict project/e-certify/e-certify/vendor/laravel/framework/src/Illuminate/Routing/Router.php(821): Illuminate/Pipeline/Pipeline->then()
#35 C:/dict project/e-certify/e-certify/vendor/laravel/framework/src/Illuminate/Routing/Router.php(800): Illuminate/Routing/Router->runRouteWithinStack()
#36 C:/dict project/e-certify/e-certify/vendor/laravel/framework/src/Illuminate/Routing/Router.php(764): Illuminate/Routing/Router->runRoute()
#37 C:/dict project/e-certify/e-certify/vendor/laravel/framework/src/Illuminate/Routing/Router.php(753): Illuminate/Routing/Router->dispatchToRoute()
#38 C:/dict project/e-certify/e-certify/vendor/laravel/framework/src/Illuminate/Foundation/Http/Kernel.php(200): Illuminate/Routing/Router->dispatch()
#39 C:/dict project/e-certify/e-certify/vendor/laravel/framework/src/Illuminate/Pipeline/Pipeline.php(180): Illuminate/Foundation/Http/Kernel->{closure:Illuminate/Foundation/Http/Kernel::dispatchToRouter():197}()
#40 C:/dict project/e-certify/e-certify/vendor/livewire/livewire/src/Features/SupportDisablingBackButtonCache/DisableBackButtonCacheMiddleware.php(19): Illuminate/Pipeline/Pipeline->{closure:Illuminate/Pipeline/Pipeline::prepareDestination():178}()
#41 C:/dict project/e-certify/e-certify/vendor/laravel/framework/src/Illuminate/Pipeline/Pipeline.php(219): Livewire/Features/SupportDisablingBackButtonCache/DisableBackButtonCacheMiddleware->handle()
#42 C:/dict project/e-certify/e-certify/vendor/laravel/framework/src/Illuminate/Foundation/Http/Middleware/TransformsRequest.php(21): Illuminate/Pipeline/Pipeline->{closure:{closure:Illuminate/Pipeline/Pipeline::carry():194}:195}()
#43 C:/dict project/e-certify/e-certify/vendor/laravel/framework/src/Illuminate/Foundation/Http/Middleware/ConvertEmptyStringsToNull.php(31): Illuminate/Foundation/Http/Middleware/TransformsRequest->handle()
#44 C:/dict project/e-certify/e-certify/vendor/laravel/framework/src/Illuminate/Pipeline/Pipeline.php(219): Illuminate/Foundation/Http/Middleware/ConvertEmptyStringsToNull->handle()
#45 C:/dict project/e-certify/e-certify/vendor/laravel/framework/src/Illuminate/Foundation/Http/Middleware/TransformsRequest.php(21): Illuminate/Pipeline/Pipeline->{closure:{closure:Illuminate/Pipeline/Pipeline::carry():194}:195}()
#46 C:/dict project/e-certify/e-certify/vendor/laravel/framework/src/Illuminate/Foundation/Http/Middleware/TrimStrings.php(51): Illuminate/Foundation/Http/Middleware/TransformsRequest->handle()
#47 C:/dict project/e-certify/e-certify/vendor/laravel/framework/src/Illuminate/Pipeline/Pipeline.php(219): Illuminate/Foundation/Http/Middleware/TrimStrings->handle()
#48 C:/dict project/e-certify/e-certify/vendor/laravel/framework/src/Illuminate/Http/Middleware/ValidatePostSize.php(27): Illuminate/Pipeline/Pipeline->{closure:{closure:Illuminate/Pipeline/Pipeline::carry():194}:195}()
#49 C:/dict project/e-certify/e-certify/vendor/laravel/framework/src/Illuminate/Pipeline/Pipeline.php(219): Illuminate/Http/Middleware/ValidatePostSize->handle()
#50 C:/dict project/e-certify/e-certify/vendor/laravel/framework/src/Illuminate/Foundation/Http/Middleware/PreventRequestsDuringMaintenance.php(109): Illuminate/Pipeline/Pipeline->{closure:{closure:Illuminate/Pipeline/Pipeline::carry():194}:195}()
#51 C:/dict project/e-certify/e-certify/vendor/laravel/framework/src/Illuminate/Pipeline/Pipeline.php(219): Illuminate/Foundation/Http/Middleware/PreventRequestsDuringMaintenance->handle()
#52 C:/dict project/e-certify/e-certify/vendor/laravel/framework/src/Illuminate/Http/Middleware/HandleCors.php(61): Illuminate/Pipeline/Pipeline->{closure:{closure:Illuminate/Pipeline/Pipeline::carry():194}:195}()
#53 C:/dict project/e-certify/e-certify/vendor/laravel/framework/src/Illuminate/Pipeline/Pipeline.php(219): Illuminate/Http/Middleware/HandleCors->handle()
#54 C:/dict project/e-certify/e-certify/vendor/laravel/framework/src/Illuminate/Http/Middleware/TrustProxies.php(58): Illuminate/Pipeline/Pipeline->{closure:{closure:Illuminate/Pipeline/Pipeline::carry():194}:195}()
#55 C:/dict project/e-certify/e-certify/vendor/laravel/framework/src/Illuminate/Pipeline/Pipeline.php(219): Illuminate/Http/Middleware/TrustProxies->handle()
#56 C:/dict project/e-certify/e-certify/vendor/laravel/framework/src/Illuminate/Foundation/Http/Middleware/InvokeDeferredCallbacks.php(22): Illuminate/Pipeline/Pipeline->{closure:{closure:Illuminate/Pipeline/Pipeline::carry():194}:195}()
#57 C:/dict project/e-certify/e-certify/vendor/laravel/framework/src/Illuminate/Pipeline/Pipeline.php(219): Illuminate/Foundation/Http/Middleware/InvokeDeferredCallbacks->handle()
#58 C:/dict project/e-certify/e-certify/vendor/laravel/framework/src/Illuminate/Http/Middleware/ValidatePathEncoding.php(26): Illuminate/Pipeline/Pipeline->{closure:{closure:Illuminate/Pipeline/Pipeline::carry():194}:195}()
#59 C:/dict project/e-certify/e-certify/vendor/laravel/framework/src/Illuminate/Pipeline/Pipeline.php(219): Illuminate/Http/Middleware/ValidatePathEncoding->handle()
#60 C:/dict project/e-certify/e-certify/vendor/laravel/framework/src/Illuminate/Pipeline/Pipeline.php(137): Illuminate/Pipeline/Pipeline->{closure:{closure:Illuminate/Pipeline/Pipeline::carry():194}:195}()
#61 C:/dict project/e-certify/e-certify/vendor/laravel/framework/src/Illuminate/Foundation/Http/Kernel.php(175): Illuminate/Pipeline/Pipeline->then()
#62 C:/dict project/e-certify/e-certify/vendor/laravel/framework/src/Illuminate/Foundation/Http/Kernel.php(144): Illuminate/Foundation/Http/Kernel->sendRequestThroughRouter()
#63 C:/dict project/e-certify/e-certify/vendor/laravel/framework/src/Illuminate/Foundation/Application.php(1220): Illuminate/Foundation/Http/Kernel->handle()
#64 C:/dict project/e-certify/e-certify/public/index.php(20): Illuminate/Foundation/Application->handleRequest()
#65 C:/dict project/e-certify/e-certify/vendor/laravel/framework/src/Illuminate/Foundation/resources/server.php(23): require_once('...')
#66 {main}
"} 
[2026-03-10 07:34:55] local.ERROR: Unhandled match case of type string (View: C:\dict project\e-certify\e-certify\resources\views\livewire\auth\verify-email.blade.php) {"userId":9,"exception":"[object] (Illuminate\\View\\ViewException(code: 0): Unhandled match case of type string (View: C:\\dict project\\e-certify\\e-certify\\resources\\views\\livewire\\auth\\verify-email.blade.php) at C:/dict project/e-certify/e-certify/storage/framework/views/e6809854e0a7e509f996a3b84b7c71bb.php:121)
[stacktrace]
#0 C:/dict project/e-certify/e-certify/vendor/livewire/livewire/src/Mechanisms/ExtendBlade/ExtendedCompilerEngine.php(58): Illuminate/View/Engines/CompilerEngine->handleViewException()
#1 C:/dict project/e-certify/e-certify/vendor/laravel/framework/src/Illuminate/View/Engines/PhpEngine.php(59): Livewire/Mechanisms/ExtendBlade/ExtendedCompilerEngine->handleViewException()
#2 C:/dict project/e-certify/e-certify/vendor/livewire/livewire/src/Mechanisms/ExtendBlade/ExtendedCompilerEngine.php(22): Illuminate/View/Engines/PhpEngine->evaluatePath()
#3 C:/dict project/e-certify/e-certify/vendor/laravel/framework/src/Illuminate/View/Engines/CompilerEngine.php(76): Livewire/Mechanisms/ExtendBlade/ExtendedCompilerEngine->evaluatePath()
#4 C:/dict project/e-certify/e-certify/vendor/livewire/livewire/src/Mechanisms/ExtendBlade/ExtendedCompilerEngine.php(10): Illuminate/View/Engines/CompilerEngine->get()
#5 C:/dict project/e-certify/e-certify/vendor/laravel/framework/src/Illuminate/View/View.php(208): Livewire/Mechanisms/ExtendBlade/ExtendedCompilerEngine->get()
#6 C:/dict project/e-certify/e-certify/vendor/laravel/framework/src/Illuminate/View/View.php(191): Illuminate/View/View->getContents()
#7 C:/dict project/e-certify/e-certify/vendor/laravel/framework/src/Illuminate/View/View.php(160): Illuminate/View/View->renderContents()
#8 C:/dict project/e-certify/e-certify/vendor/laravel/framework/src/Illuminate/Http/Response.php(78): Illuminate/View/View->render()
#9 C:/dict project/e-certify/e-certify/vendor/laravel/framework/src/Illuminate/Http/Response.php(34): Illuminate/Http/Response->setContent()
#10 C:/dict project/e-certify/e-certify/vendor/laravel/framework/src/Illuminate/Routing/Router.php(939): Illuminate/Http/Response->__construct()
#11 C:/dict project/e-certify/e-certify/vendor/laravel/framework/src/Illuminate/Routing/Router.php(906): Illuminate/Routing/Router::toResponse()
#12 C:/dict project/e-certify/e-certify/vendor/laravel/framework/src/Illuminate/Routing/Router.php(821): Illuminate/Routing/Router->prepareResponse()
#13 C:/dict project/e-certify/e-certify/vendor/laravel/framework/src/Illuminate/Pipeline/Pipeline.php(180): Illuminate/Routing/Router->{closure:Illuminate/Routing/Router::runRouteWithinStack():821}()
#14 C:/dict project/e-certify/e-certify/vendor/laravel/boost/src/Middleware/InjectBoost.php(22): Illuminate/Pipeline/Pipeline->{closure:Illuminate/Pipeline/Pipeline::prepareDestination():178}()
#15 C:/dict project/e-certify/e-certify/vendor/laravel/framework/src/Illuminate/Pipeline/Pipeline.php(219): Laravel/Boost/Middleware/InjectBoost->handle()
#16 C:/dict project/e-certify/e-certify/vendor/laravel/framework/src/Illuminate/Routing/Middleware/SubstituteBindings.php(50): Illuminate/Pipeline/Pipeline->{closure:{closure:Illuminate/Pipeline/Pipeline::carry():194}:195}()
#17 C:/dict project/e-certify/e-certify/vendor/laravel/framework/src/Illuminate/Pipeline/Pipeline.php(219): Illuminate/Routing/Middleware/SubstituteBindings->handle()
#18 C:/dict project/e-certify/e-certify/vendor/laravel/framework/src/Illuminate/Auth/Middleware/Authenticate.php(63): Illuminate/Pipeline/Pipeline->{closure:{closure:Illuminate/Pipeline/Pipeline::carry():194}:195}()
#19 C:/dict project/e-certify/e-certify/vendor/laravel/framework/src/Illuminate/Pipeline/Pipeline.php(219): Illuminate/Auth/Middleware/Authenticate->handle()
#20 C:/dict project/e-certify/e-certify/vendor/laravel/framework/src/Illuminate/Foundation/Http/Middleware/VerifyCsrfToken.php(87): Illuminate/Pipeline/Pipeline->{closure:{closure:Illuminate/Pipeline/Pipeline::carry():194}:195}()
#21 C:/dict project/e-certify/e-certify/vendor/laravel/framework/src/Illuminate/Pipeline/Pipeline.php(219): Illuminate/Foundation/Http/Middleware/VerifyCsrfToken->handle()
#22 C:/dict project/e-certify/e-certify/vendor/laravel/framework/src/Illuminate/View/Middleware/ShareErrorsFromSession.php(48): Illuminate/Pipeline/Pipeline->{closure:{closure:Illuminate/Pipeline/Pipeline::carry():194}:195}()
#23 C:/dict project/e-certify/e-certify/vendor/laravel/framework/src/Illuminate/Pipeline/Pipeline.php(219): Illuminate/View/Middleware/ShareErrorsFromSession->handle()
#24 C:/dict project/e-certify/e-certify/vendor/laravel/framework/src/Illuminate/Session/Middleware/StartSession.php(120): Illuminate/Pipeline/Pipeline->{closure:{closure:Illuminate/Pipeline/Pipeline::carry():194}:195}()
#25 C:/dict project/e-certify/e-certify/vendor/laravel/framework/src/Illuminate/Session/Middleware/StartSession.php(63): Illuminate/Session/Middleware/StartSession->handleStatefulRequest()
#26 C:/dict project/e-certify/e-certify/vendor/laravel/framework/src/Illuminate/Pipeline/Pipeline.php(219): Illuminate/Session/Middleware/StartSession->handle()
#27 C:/dict project/e-certify/e-certify/vendor/laravel/framework/src/Illuminate/Cookie/Middleware/AddQueuedCookiesToResponse.php(36): Illuminate/Pipeline/Pipeline->{closure:{closure:Illuminate/Pipeline/Pipeline::carry():194}:195}()
#28 C:/dict project/e-certify/e-certify/vendor/laravel/framework/src/Illuminate/Pipeline/Pipeline.php(219): Illuminate/Cookie/Middleware/AddQueuedCookiesToResponse->handle()
#29 C:/dict project/e-certify/e-certify/vendor/laravel/framework/src/Illuminate/Cookie/Middleware/EncryptCookies.php(74): Illuminate/Pipeline/Pipeline->{closure:{closure:Illuminate/Pipeline/Pipeline::carry():194}:195}()
#30 C:/dict project/e-certify/e-certify/vendor/laravel/framework/src/Illuminate/Pipeline/Pipeline.php(219): Illuminate/Cookie/Middleware/EncryptCookies->handle()
#31 C:/dict project/e-certify/e-certify/vendor/laravel/framework/src/Illuminate/Pipeline/Pipeline.php(137): Illuminate/Pipeline/Pipeline->{closure:{closure:Illuminate/Pipeline/Pipeline::carry():194}:195}()
#32 C:/dict project/e-certify/e-certify/vendor/laravel/framework/src/Illuminate/Routing/Router.php(821): Illuminate/Pipeline/Pipeline->then()
#33 C:/dict project/e-certify/e-certify/vendor/laravel/framework/src/Illuminate/Routing/Router.php(800): Illuminate/Routing/Router->runRouteWithinStack()
#34 C:/dict project/e-certify/e-certify/vendor/laravel/framework/src/Illuminate/Routing/Router.php(764): Illuminate/Routing/Router->runRoute()
#35 C:/dict project/e-certify/e-certify/vendor/laravel/framework/src/Illuminate/Routing/Router.php(753): Illuminate/Routing/Router->dispatchToRoute()
#36 C:/dict project/e-certify/e-certify/vendor/laravel/framework/src/Illuminate/Foundation/Http/Kernel.php(200): Illuminate/Routing/Router->dispatch()
#37 C:/dict project/e-certify/e-certify/vendor/laravel/framework/src/Illuminate/Pipeline/Pipeline.php(180): Illuminate/Foundation/Http/Kernel->{closure:Illuminate/Foundation/Http/Kernel::dispatchToRouter():197}()
#38 C:/dict project/e-certify/e-certify/vendor/livewire/livewire/src/Features/SupportDisablingBackButtonCache/DisableBackButtonCacheMiddleware.php(19): Illuminate/Pipeline/Pipeline->{closure:Illuminate/Pipeline/Pipeline::prepareDestination():178}()
#39 C:/dict project/e-certify/e-certify/vendor/laravel/framework/src/Illuminate/Pipeline/Pipeline.php(219): Livewire/Features/SupportDisablingBackButtonCache/DisableBackButtonCacheMiddleware->handle()
#40 C:/dict project/e-certify/e-certify/vendor/laravel/framework/src/Illuminate/Foundation/Http/Middleware/TransformsRequest.php(21): Illuminate/Pipeline/Pipeline->{closure:{closure:Illuminate/Pipeline/Pipeline::carry():194}:195}()
#41 C:/dict project/e-certify/e-certify/vendor/laravel/framework/src/Illuminate/Foundation/Http/Middleware/ConvertEmptyStringsToNull.php(31): Illuminate/Foundation/Http/Middleware/TransformsRequest->handle()
#42 C:/dict project/e-certify/e-certify/vendor/laravel/framework/src/Illuminate/Pipeline/Pipeline.php(219): Illuminate/Foundation/Http/Middleware/ConvertEmptyStringsToNull->handle()
#43 C:/dict project/e-certify/e-certify/vendor/laravel/framework/src/Illuminate/Foundation/Http/Middleware/TransformsRequest.php(21): Illuminate/Pipeline/Pipeline->{closure:{closure:Illuminate/Pipeline/Pipeline::carry():194}:195}()
#44 C:/dict project/e-certify/e-certify/vendor/laravel/framework/src/Illuminate/Foundation/Http/Middleware/TrimStrings.php(51): Illuminate/Foundation/Http/Middleware/TransformsRequest->handle()
#45 C:/dict project/e-certify/e-certify/vendor/laravel/framework/src/Illuminate/Pipeline/Pipeline.php(219): Illuminate/Foundation/Http/Middleware/TrimStrings->handle()
#46 C:/dict project/e-certify/e-certify/vendor/laravel/framework/src/Illuminate/Http/Middleware/ValidatePostSize.php(27): Illuminate/Pipeline/Pipeline->{closure:{closure:Illuminate/Pipeline/Pipeline::carry():194}:195}()
#47 C:/dict project/e-certify/e-certify/vendor/laravel/framework/src/Illuminate/Pipeline/Pipeline.php(219): Illuminate/Http/Middleware/ValidatePostSize->handle()
#48 C:/dict project/e-certify/e-certify/vendor/laravel/framework/src/Illuminate/Foundation/Http/Middleware/PreventRequestsDuringMaintenance.php(109): Illuminate/Pipeline/Pipeline->{closure:{closure:Illuminate/Pipeline/Pipeline::carry():194}:195}()
#49 C:/dict project/e-certify/e-certify/vendor/laravel/framework/src/Illuminate/Pipeline/Pipeline.php(219): Illuminate/Foundation/Http/Middleware/PreventRequestsDuringMaintenance->handle()
#50 C:/dict project/e-certify/e-certify/vendor/laravel/framework/src/Illuminate/Http/Middleware/HandleCors.php(61): Illuminate/Pipeline/Pipeline->{closure:{closure:Illuminate/Pipeline/Pipeline::carry():194}:195}()
#51 C:/dict project/e-certify/e-certify/vendor/laravel/framework/src/Illuminate/Pipeline/Pipeline.php(219): Illuminate/Http/Middleware/HandleCors->handle()
#52 C:/dict project/e-certify/e-certify/vendor/laravel/framework/src/Illuminate/Http/Middleware/TrustProxies.php(58): Illuminate/Pipeline/Pipeline->{closure:{closure:Illuminate/Pipeline/Pipeline::carry():194}:195}()
#53 C:/dict project/e-certify/e-certify/vendor/laravel/framework/src/Illuminate/Pipeline/Pipeline.php(219): Illuminate/Http/Middleware/TrustProxies->handle()
#54 C:/dict project/e-certify/e-certify/vendor/laravel/framework/src/Illuminate/Foundation/Http/Middleware/InvokeDeferredCallbacks.php(22): Illuminate/Pipeline/Pipeline->{closure:{closure:Illuminate/Pipeline/Pipeline::carry():194}:195}()
#55 C:/dict project/e-certify/e-certify/vendor/laravel/framework/src/Illuminate/Pipeline/Pipeline.php(219): Illuminate/Foundation/Http/Middleware/InvokeDeferredCallbacks->handle()
#56 C:/dict project/e-certify/e-certify/vendor/laravel/framework/src/Illuminate/Http/Middleware/ValidatePathEncoding.php(26): Illuminate/Pipeline/Pipeline->{closure:{closure:Illuminate/Pipeline/Pipeline::carry():194}:195}()
#57 C:/dict project/e-certify/e-certify/vendor/laravel/framework/src/Illuminate/Pipeline/Pipeline.php(219): Illuminate/Http/Middleware/ValidatePathEncoding->handle()
#58 C:/dict project/e-certify/e-certify/vendor/laravel/framework/src/Illuminate/Pipeline/Pipeline.php(137): Illuminate/Pipeline/Pipeline->{closure:{closure:Illuminate/Pipeline/Pipeline::carry():194}:195}()
#59 C:/dict project/e-certify/e-certify/vendor/laravel/framework/src/Illuminate/Foundation/Http/Kernel.php(175): Illuminate/Pipeline/Pipeline->then()
#60 C:/dict project/e-certify/e-certify/vendor/laravel/framework/src/Illuminate/Foundation/Http/Kernel.php(144): Illuminate/Foundation/Http/Kernel->sendRequestThroughRouter()
#61 C:/dict project/e-certify/e-certify/vendor/laravel/framework/src/Illuminate/Foundation/Application.php(1220): Illuminate/Foundation/Http/Kernel->handle()
#62 C:/dict project/e-certify/e-certify/public/index.php(20): Illuminate/Foundation/Application->handleRequest()
#63 C:/dict project/e-certify/e-certify/vendor/laravel/framework/src/Illuminate/Foundation/resources/server.php(23): require_once('...')
#64 {main}

[previous exception] [object] (UnhandledMatchError(code: 0): Unhandled match case of type string at C:/dict project/e-certify/e-certify/storage/framework/views/e6809854e0a7e509f996a3b84b7c71bb.php:121)
[stacktrace]
#0 C:/dict project/e-certify/e-certify/storage/framework/views/40c03e51ad64bb1070b46c79fb82f625.php(61): _e6809854e0a7e509f996a3b84b7c71bb()
#1 C:/dict project/e-certify/e-certify/vendor/laravel/framework/src/Illuminate/Filesystem/Filesystem.php(123): require('...')
#2 C:/dict project/e-certify/e-certify/vendor/laravel/framework/src/Illuminate/Filesystem/Filesystem.php(124): Illuminate/Filesystem/Filesystem::{closure:Illuminate/Filesystem/Filesystem::getRequire():120}()
#3 C:/dict project/e-certify/e-certify/vendor/laravel/framework/src/Illuminate/View/Engines/PhpEngine.php(57): Illuminate/Filesystem/Filesystem->getRequire()
#4 C:/dict project/e-certify/e-certify/vendor/livewire/livewire/src/Mechanisms/ExtendBlade/ExtendedCompilerEngine.php(22): Illuminate/View/Engines/PhpEngine->evaluatePath()
#5 C:/dict project/e-certify/e-certify/vendor/laravel/framework/src/Illuminate/View/Engines/CompilerEngine.php(76): Livewire/Mechanisms/ExtendBlade/ExtendedCompilerEngine->evaluatePath()
#6 C:/dict project/e-certify/e-certify/vendor/livewire/livewire/src/Mechanisms/ExtendBlade/ExtendedCompilerEngine.php(10): Illuminate/View/Engines/CompilerEngine->get()
#7 C:/dict project/e-certify/e-certify/vendor/laravel/framework/src/Illuminate/View/View.php(208): Livewire/Mechanisms/ExtendBlade/ExtendedCompilerEngine->get()
#8 C:/dict project/e-certify/e-certify/vendor/laravel/framework/src/Illuminate/View/View.php(191): Illuminate/View/View->getContents()
#9 C:/dict project/e-certify/e-certify/vendor/laravel/framework/src/Illuminate/View/View.php(160): Illuminate/View/View->renderContents()
#10 C:/dict project/e-certify/e-certify/vendor/laravel/framework/src/Illuminate/Http/Response.php(78): Illuminate/View/View->render()
#11 C:/dict project/e-certify/e-certify/vendor/laravel/framework/src/Illuminate/Http/Response.php(34): Illuminate/Http/Response->setContent()
#12 C:/dict project/e-certify/e-certify/vendor/laravel/framework/src/Illuminate/Routing/Router.php(939): Illuminate/Http/Response->__construct()
#13 C:/dict project/e-certify/e-certify/vendor/laravel/framework/src/Illuminate/Routing/Router.php(906): Illuminate/Routing/Router::toResponse()
#14 C:/dict project/e-certify/e-certify/vendor/laravel/framework/src/Illuminate/Routing/Router.php(821): Illuminate/Routing/Router->prepareResponse()
#15 C:/dict project/e-certify/e-certify/vendor/laravel/framework/src/Illuminate/Pipeline/Pipeline.php(180): Illuminate/Routing/Router->{closure:Illuminate/Routing/Router::runRouteWithinStack():821}()
#16 C:/dict project/e-certify/e-certify/vendor/laravel/boost/src/Middleware/InjectBoost.php(22): Illuminate/Pipeline/Pipeline->{closure:Illuminate/Pipeline/Pipeline::prepareDestination():178}()
#17 C:/dict project/e-certify/e-certify/vendor/laravel/framework/src/Illuminate/Pipeline/Pipeline.php(219): Laravel/Boost/Middleware/InjectBoost->handle()
#18 C:/dict project/e-certify/e-certify/vendor/laravel/framework/src/Illuminate/Routing/Middleware/SubstituteBindings.php(50): Illuminate/Pipeline/Pipeline->{closure:{closure:Illuminate/Pipeline/Pipeline::carry():194}:195}()
#19 C:/dict project/e-certify/e-certify/vendor/laravel/framework/src/Illuminate/Pipeline/Pipeline.php(219): Illuminate/Routing/Middleware/SubstituteBindings->handle()
#20 C:/dict project/e-certify/e-certify/vendor/laravel/framework/src/Illuminate/Auth/Middleware/Authenticate.php(63): Illuminate/Pipeline/Pipeline->{closure:{closure:Illuminate/Pipeline/Pipeline::carry():194}:195}()
#21 C:/dict project/e-certify/e-certify/vendor/laravel/framework/src/Illuminate/Pipeline/Pipeline.php(219): Illuminate/Auth/Middleware/Authenticate->handle()
#22 C:/dict project/e-certify/e-certify/vendor/laravel/framework/src/Illuminate/Foundation/Http/Middleware/VerifyCsrfToken.php(87): Illuminate/Pipeline/Pipeline->{closure:{closure:Illuminate/Pipeline/Pipeline::carry():194}:195}()
#23 C:/dict project/e-certify/e-certify/vendor/laravel/framework/src/Illuminate/Pipeline/Pipeline.php(219): Illuminate/Foundation/Http/Middleware/VerifyCsrfToken->handle()
#24 C:/dict project/e-certify/e-certify/vendor/laravel/framework/src/Illuminate/View/Middleware/ShareErrorsFromSession.php(48): Illuminate/Pipeline/Pipeline->{closure:{closure:Illuminate/Pipeline/Pipeline::carry():194}:195}()
#25 C:/dict project/e-certify/e-certify/vendor/laravel/framework/src/Illuminate/Pipeline/Pipeline.php(219): Illuminate/View/Middleware/ShareErrorsFromSession->handle()
#26 C:/dict project/e-certify/e-certify/vendor/laravel/framework/src/Illuminate/Session/Middleware/StartSession.php(120): Illuminate/Pipeline/Pipeline->{closure:{closure:Illuminate/Pipeline/Pipeline::carry():194}:195}()
#27 C:/dict project/e-certify/e-certify/vendor/laravel/framework/src/Illuminate/Session/Middleware/StartSession.php(63): Illuminate/Session/Middleware/StartSession->handleStatefulRequest()
#28 C:/dict project/e-certify/e-certify/vendor/laravel/framework/src/Illuminate/Pipeline/Pipeline.php(219): Illuminate/Session/Middleware/StartSession->handle()
#29 C:/dict project/e-certify/e-certify/vendor/laravel/framework/src/Illuminate/Cookie/Middleware/AddQueuedCookiesToResponse.php(36): Illuminate/Pipeline/Pipeline->{closure:{closure:Illuminate/Pipeline/Pipeline::carry():194}:195}()
#30 C:/dict project/e-certify/e-certify/vendor/laravel/framework/src/Illuminate/Pipeline/Pipeline.php(219): Illuminate/Cookie/Middleware/AddQueuedCookiesToResponse->handle()
#31 C:/dict project/e-certify/e-certify/vendor/laravel/framework/src/Illuminate/Cookie/Middleware/EncryptCookies.php(74): Illuminate/Pipeline/Pipeline->{closure:{closure:Illuminate/Pipeline/Pipeline::carry():194}:195}()
#32 C:/dict project/e-certify/e-certify/vendor/laravel/framework/src/Illuminate/Pipeline/Pipeline.php(219): Illuminate/Cookie/Middleware/EncryptCookies->handle()
#33 C:/dict project/e-certify/e-certify/vendor/laravel/framework/src/Illuminate/Pipeline/Pipeline.php(137): Illuminate/Pipeline/Pipeline->{closure:{closure:Illuminate/Pipeline/Pipeline::carry():194}:195}()
#34 C:/dict project/e-certify/e-certify/vendor/laravel/framework/src/Illuminate/Routing/Router.php(821): Illuminate/Pipeline/Pipeline->then()
#35 C:/dict project/e-certify/e-certify/vendor/laravel/framework/src/Illuminate/Routing/Router.php(800): Illuminate/Routing/Router->runRouteWithinStack()
#36 C:/dict project/e-certify/e-certify/vendor/laravel/framework/src/Illuminate/Routing/Router.php(764): Illuminate/Routing/Router->runRoute()
#37 C:/dict project/e-certify/e-certify/vendor/laravel/framework/src/Illuminate/Routing/Router.php(753): Illuminate/Routing/Router->dispatchToRoute()
#38 C:/dict project/e-certify/e-certify/vendor/laravel/framework/src/Illuminate/Foundation/Http/Kernel.php(200): Illuminate/Routing/Router->dispatch()
#39 C:/dict project/e-certify/e-certify/vendor/laravel/framework/src/Illuminate/Pipeline/Pipeline.php(180): Illuminate/Foundation/Http/Kernel->{closure:Illuminate/Foundation/Http/Kernel::dispatchToRouter():197}()
#40 C:/dict project/e-certify/e-certify/vendor/livewire/livewire/src/Features/SupportDisablingBackButtonCache/DisableBackButtonCacheMiddleware.php(19): Illuminate/Pipeline/Pipeline->{closure:Illuminate/Pipeline/Pipeline::prepareDestination():178}()
#41 C:/dict project/e-certify/e-certify/vendor/laravel/framework/src/Illuminate/Pipeline/Pipeline.php(219): Livewire/Features/SupportDisablingBackButtonCache/DisableBackButtonCacheMiddleware->handle()
#42 C:/dict project/e-certify/e-certify/vendor/laravel/framework/src/Illuminate/Foundation/Http/Middleware/TransformsRequest.php(21): Illuminate/Pipeline/Pipeline->{closure:{closure:Illuminate/Pipeline/Pipeline::carry():194}:195}()
#43 C:/dict project/e-certify/e-certify/vendor/laravel/framework/src/Illuminate/Foundation/Http/Middleware/ConvertEmptyStringsToNull.php(31): Illuminate/Foundation/Http/Middleware/TransformsRequest->handle()
#44 C:/dict project/e-certify/e-certify/vendor/laravel/framework/src/Illuminate/Pipeline/Pipeline.php(219): Illuminate/Foundation/Http/Middleware/ConvertEmptyStringsToNull->handle()
#45 C:/dict project/e-certify/e-certify/vendor/laravel/framework/src/Illuminate/Foundation/Http/Middleware/TransformsRequest.php(21): Illuminate/Pipeline/Pipeline->{closure:{closure:Illuminate/Pipeline/Pipeline::carry():194}:195}()
#46 C:/dict project/e-certify/e-certify/vendor/laravel/framework/src/Illuminate/Foundation/Http/Middleware/TrimStrings.php(51): Illuminate/Foundation/Http/Middleware/TransformsRequest->handle()
#47 C:/dict project/e-certify/e-certify/vendor/laravel/framework/src/Illuminate/Pipeline/Pipeline.php(219): Illuminate/Foundation/Http/Middleware/TrimStrings->handle()
#48 C:/dict project/e-certify/e-certify/vendor/laravel/framework/src/Illuminate/Http/Middleware/ValidatePostSize.php(27): Illuminate/Pipeline/Pipeline->{closure:{closure:Illuminate/Pipeline/Pipeline::carry():194}:195}()
#49 C:/dict project/e-certify/e-certify/vendor/laravel/framework/src/Illuminate/Pipeline/Pipeline.php(219): Illuminate/Http/Middleware/ValidatePostSize->handle()
#50 C:/dict project/e-certify/e-certify/vendor/laravel/framework/src/Illuminate/Foundation/Http/Middleware/PreventRequestsDuringMaintenance.php(109): Illuminate/Pipeline/Pipeline->{closure:{closure:Illuminate/Pipeline/Pipeline::carry():194}:195}()
#51 C:/dict project/e-certify/e-certify/vendor/laravel/framework/src/Illuminate/Pipeline/Pipeline.php(219): Illuminate/Foundation/Http/Middleware/PreventRequestsDuringMaintenance->handle()
#52 C:/dict project/e-certify/e-certify/vendor/laravel/framework/src/Illuminate/Http/Middleware/HandleCors.php(61): Illuminate/Pipeline/Pipeline->{closure:{closure:Illuminate/Pipeline/Pipeline::carry():194}:195}()
#53 C:/dict project/e-certify/e-certify/vendor/laravel/framework/src/Illuminate/Pipeline/Pipeline.php(219): Illuminate/Http/Middleware/HandleCors->handle()
#54 C:/dict project/e-certify/e-certify/vendor/laravel/framework/src/Illuminate/Http/Middleware/TrustProxies.php(58): Illuminate/Pipeline/Pipeline->{closure:{closure:Illuminate/Pipeline/Pipeline::carry():194}:195}()
#55 C:/dict project/e-certify/e-certify/vendor/laravel/framework/src/Illuminate/Pipeline/Pipeline.php(219): Illuminate/Http/Middleware/TrustProxies->handle()
#56 C:/dict project/e-certify/e-certify/vendor/laravel/framework/src/Illuminate/Foundation/Http/Middleware/InvokeDeferredCallbacks.php(22): Illuminate/Pipeline/Pipeline->{closure:{closure:Illuminate/Pipeline/Pipeline::carry():194}:195}()
#57 C:/dict project/e-certify/e-certify/vendor/laravel/framework/src/Illuminate/Pipeline/Pipeline.php(219): Illuminate/Foundation/Http/Middleware/InvokeDeferredCallbacks->handle()
#58 C:/dict project/e-certify/e-certify/vendor/laravel/framework/src/Illuminate/Http/Middleware/ValidatePathEncoding.php(26): Illuminate/Pipeline/Pipeline->{closure:{closure:Illuminate/Pipeline/Pipeline::carry():194}:195}()
#59 C:/dict project/e-certify/e-certify/vendor/laravel/framework/src/Illuminate/Pipeline/Pipeline.php(219): Illuminate/Http/Middleware/ValidatePathEncoding->handle()
#60 C:/dict project/e-certify/e-certify/vendor/laravel/framework/src/Illuminate/Pipeline/Pipeline.php(137): Illuminate/Pipeline/Pipeline->{closure:{closure:Illuminate/Pipeline/Pipeline::carry():194}:195}()
#61 C:/dict project/e-certify/e-certify/vendor/laravel/framework/src/Illuminate/Foundation/Http/Kernel.php(175): Illuminate/Pipeline/Pipeline->then()
#62 C:/dict project/e-certify/e-certify/vendor/laravel/framework/src/Illuminate/Foundation/Http/Kernel.php(144): Illuminate/Foundation/Http/Kernel->sendRequestThroughRouter()
#63 C:/dict project/e-certify/e-certify/vendor/laravel/framework/src/Illuminate/Foundation/Application.php(1220): Illuminate/Foundation/Http/Kernel->handle()
#64 C:/dict project/e-certify/e-certify/public/index.php(20): Illuminate/Foundation/Application->handleRequest()
#65 C:/dict project/e-certify/e-certify/vendor/laravel/framework/src/Illuminate/Foundation/resources/server.php(23): require_once('...')
#66 {main}
"} 
[2026-03-10 07:35:09] local.ERROR: Unhandled match case of type string (View: C:\dict project\e-certify\e-certify\resources\views\livewire\auth\verify-email.blade.php) {"userId":9,"exception":"[object] (Illuminate\\View\\ViewException(code: 0): Unhandled match case of type string (View: C:\\dict project\\e-certify\\e-certify\\resources\\views\\livewire\\auth\\verify-email.blade.php) at C:/dict project/e-certify/e-certify/storage/framework/views/e6809854e0a7e509f996a3b84b7c71bb.php:121)
[stacktrace]
#0 C:/dict project/e-certify/e-certify/vendor/livewire/livewire/src/Mechanisms/ExtendBlade/ExtendedCompilerEngine.php(58): Illuminate/View/Engines/CompilerEngine->handleViewException()
#1 C:/dict project/e-certify/e-certify/vendor/laravel/framework/src/Illuminate/View/Engines/PhpEngine.php(59): Livewire/Mechanisms/ExtendBlade/ExtendedCompilerEngine->handleViewException()
#2 C:/dict project/e-certify/e-certify/vendor/livewire/livewire/src/Mechanisms/ExtendBlade/ExtendedCompilerEngine.php(22): Illuminate/View/Engines/PhpEngine->evaluatePath()
#3 C:/dict project/e-certify/e-certify/vendor/laravel/framework/src/Illuminate/View/Engines/CompilerEngine.php(76): Livewire/Mechanisms/ExtendBlade/ExtendedCompilerEngine->evaluatePath()
#4 C:/dict project/e-certify/e-certify/vendor/livewire/livewire/src/Mechanisms/ExtendBlade/ExtendedCompilerEngine.php(10): Illuminate/View/Engines/CompilerEngine->get()
#5 C:/dict project/e-certify/e-certify/vendor/laravel/framework/src/Illuminate/View/View.php(208): Livewire/Mechanisms/ExtendBlade/ExtendedCompilerEngine->get()
#6 C:/dict project/e-certify/e-certify/vendor/laravel/framework/src/Illuminate/View/View.php(191): Illuminate/View/View->getContents()
#7 C:/dict project/e-certify/e-certify/vendor/laravel/framework/src/Illuminate/View/View.php(160): Illuminate/View/View->renderContents()
#8 C:/dict project/e-certify/e-certify/vendor/laravel/framework/src/Illuminate/Http/Response.php(78): Illuminate/View/View->render()
#9 C:/dict project/e-certify/e-certify/vendor/laravel/framework/src/Illuminate/Http/Response.php(34): Illuminate/Http/Response->setContent()
#10 C:/dict project/e-certify/e-certify/vendor/laravel/framework/src/Illuminate/Routing/Router.php(939): Illuminate/Http/Response->__construct()
#11 C:/dict project/e-certify/e-certify/vendor/laravel/framework/src/Illuminate/Routing/Router.php(906): Illuminate/Routing/Router::toResponse()
#12 C:/dict project/e-certify/e-certify/vendor/laravel/framework/src/Illuminate/Routing/Router.php(821): Illuminate/Routing/Router->prepareResponse()
#13 C:/dict project/e-certify/e-certify/vendor/laravel/framework/src/Illuminate/Pipeline/Pipeline.php(180): Illuminate/Routing/Router->{closure:Illuminate/Routing/Router::runRouteWithinStack():821}()
#14 C:/dict project/e-certify/e-certify/vendor/laravel/boost/src/Middleware/InjectBoost.php(22): Illuminate/Pipeline/Pipeline->{closure:Illuminate/Pipeline/Pipeline::prepareDestination():178}()
#15 C:/dict project/e-certify/e-certify/vendor/laravel/framework/src/Illuminate/Pipeline/Pipeline.php(219): Laravel/Boost/Middleware/InjectBoost->handle()
#16 C:/dict project/e-certify/e-certify/vendor/laravel/framework/src/Illuminate/Routing/Middleware/SubstituteBindings.php(50): Illuminate/Pipeline/Pipeline->{closure:{closure:Illuminate/Pipeline/Pipeline::carry():194}:195}()
#17 C:/dict project/e-certify/e-certify/vendor/laravel/framework/src/Illuminate/Pipeline/Pipeline.php(219): Illuminate/Routing/Middleware/SubstituteBindings->handle()
#18 C:/dict project/e-certify/e-certify/vendor/laravel/framework/src/Illuminate/Auth/Middleware/Authenticate.php(63): Illuminate/Pipeline/Pipeline->{closure:{closure:Illuminate/Pipeline/Pipeline::carry():194}:195}()
#19 C:/dict project/e-certify/e-certify/vendor/laravel/framework/src/Illuminate/Pipeline/Pipeline.php(219): Illuminate/Auth/Middleware/Authenticate->handle()
#20 C:/dict project/e-certify/e-certify/vendor/laravel/framework/src/Illuminate/Foundation/Http/Middleware/VerifyCsrfToken.php(87): Illuminate/Pipeline/Pipeline->{closure:{closure:Illuminate/Pipeline/Pipeline::carry():194}:195}()
#21 C:/dict project/e-certify/e-certify/vendor/laravel/framework/src/Illuminate/Pipeline/Pipeline.php(219): Illuminate/Foundation/Http/Middleware/VerifyCsrfToken->handle()
#22 C:/dict project/e-certify/e-certify/vendor/laravel/framework/src/Illuminate/View/Middleware/ShareErrorsFromSession.php(48): Illuminate/Pipeline/Pipeline->{closure:{closure:Illuminate/Pipeline/Pipeline::carry():194}:195}()
#23 C:/dict project/e-certify/e-certify/vendor/laravel/framework/src/Illuminate/Pipeline/Pipeline.php(219): Illuminate/View/Middleware/ShareErrorsFromSession->handle()
#24 C:/dict project/e-certify/e-certify/vendor/laravel/framework/src/Illuminate/Session/Middleware/StartSession.php(120): Illuminate/Pipeline/Pipeline->{closure:{closure:Illuminate/Pipeline/Pipeline::carry():194}:195}()
#25 C:/dict project/e-certify/e-certify/vendor/laravel/framework/src/Illuminate/Session/Middleware/StartSession.php(63): Illuminate/Session/Middleware/StartSession->handleStatefulRequest()
#26 C:/dict project/e-certify/e-certify/vendor/laravel/framework/src/Illuminate/Pipeline/Pipeline.php(219): Illuminate/Session/Middleware/StartSession->handle()
#27 C:/dict project/e-certify/e-certify/vendor/laravel/framework/src/Illuminate/Cookie/Middleware/AddQueuedCookiesToResponse.php(36): Illuminate/Pipeline/Pipeline->{closure:{closure:Illuminate/Pipeline/Pipeline::carry():194}:195}()
#28 C:/dict project/e-certify/e-certify/vendor/laravel/framework/src/Illuminate/Pipeline/Pipeline.php(219): Illuminate/Cookie/Middleware/AddQueuedCookiesToResponse->handle()
#29 C:/dict project/e-certify/e-certify/vendor/laravel/framework/src/Illuminate/Cookie/Middleware/EncryptCookies.php(74): Illuminate/Pipeline/Pipeline->{closure:{closure:Illuminate/Pipeline/Pipeline::carry():194}:195}()
#30 C:/dict project/e-certify/e-certify/vendor/laravel/framework/src/Illuminate/Pipeline/Pipeline.php(219): Illuminate/Cookie/Middleware/EncryptCookies->handle()
#31 C:/dict project/e-certify/e-certify/vendor/laravel/framework/src/Illuminate/Pipeline/Pipeline.php(137): Illuminate/Pipeline/Pipeline->{closure:{closure:Illuminate/Pipeline/Pipeline::carry():194}:195}()
#32 C:/dict project/e-certify/e-certify/vendor/laravel/framework/src/Illuminate/Routing/Router.php(821): Illuminate/Pipeline/Pipeline->then()
#33 C:/dict project/e-certify/e-certify/vendor/laravel/framework/src/Illuminate/Routing/Router.php(800): Illuminate/Routing/Router->runRouteWithinStack()
#34 C:/dict project/e-certify/e-certify/vendor/laravel/framework/src/Illuminate/Routing/Router.php(764): Illuminate/Routing/Router->runRoute()
#35 C:/dict project/e-certify/e-certify/vendor/laravel/framework/src/Illuminate/Routing/Router.php(753): Illuminate/Routing/Router->dispatchToRoute()
#36 C:/dict project/e-certify/e-certify/vendor/laravel/framework/src/Illuminate/Foundation/Http/Kernel.php(200): Illuminate/Routing/Router->dispatch()
#37 C:/dict project/e-certify/e-certify/vendor/laravel/framework/src/Illuminate/Pipeline/Pipeline.php(180): Illuminate/Foundation/Http/Kernel->{closure:Illuminate/Foundation/Http/Kernel::dispatchToRouter():197}()
#38 C:/dict project/e-certify/e-certify/vendor/livewire/livewire/src/Features/SupportDisablingBackButtonCache/DisableBackButtonCacheMiddleware.php(19): Illuminate/Pipeline/Pipeline->{closure:Illuminate/Pipeline/Pipeline::prepareDestination():178}()
#39 C:/dict project/e-certify/e-certify/vendor/laravel/framework/src/Illuminate/Pipeline/Pipeline.php(219): Livewire/Features/SupportDisablingBackButtonCache/DisableBackButtonCacheMiddleware->handle()
#40 C:/dict project/e-certify/e-certify/vendor/laravel/framework/src/Illuminate/Foundation/Http/Middleware/TransformsRequest.php(21): Illuminate/Pipeline/Pipeline->{closure:{closure:Illuminate/Pipeline/Pipeline::carry():194}:195}()
#41 C:/dict project/e-certify/e-certify/vendor/laravel/framework/src/Illuminate/Foundation/Http/Middleware/ConvertEmptyStringsToNull.php(31): Illuminate/Foundation/Http/Middleware/TransformsRequest->handle()
#42 C:/dict project/e-certify/e-certify/vendor/laravel/framework/src/Illuminate/Pipeline/Pipeline.php(219): Illuminate/Foundation/Http/Middleware/ConvertEmptyStringsToNull->handle()
#43 C:/dict project/e-certify/e-certify/vendor/laravel/framework/src/Illuminate/Foundation/Http/Middleware/TransformsRequest.php(21): Illuminate/Pipeline/Pipeline->{closure:{closure:Illuminate/Pipeline/Pipeline::carry():194}:195}()
#44 C:/dict project/e-certify/e-certify/vendor/laravel/framework/src/Illuminate/Foundation/Http/Middleware/TrimStrings.php(51): Illuminate/Foundation/Http/Middleware/TransformsRequest->handle()
#45 C:/dict project/e-certify/e-certify/vendor/laravel/framework/src/Illuminate/Pipeline/Pipeline.php(219): Illuminate/Foundation/Http/Middleware/TrimStrings->handle()
#46 C:/dict project/e-certify/e-certify/vendor/laravel/framework/src/Illuminate/Http/Middleware/ValidatePostSize.php(27): Illuminate/Pipeline/Pipeline->{closure:{closure:Illuminate/Pipeline/Pipeline::carry():194}:195}()
#47 C:/dict project/e-certify/e-certify/vendor/laravel/framework/src/Illuminate/Pipeline/Pipeline.php(219): Illuminate/Http/Middleware/ValidatePostSize->handle()
#48 C:/dict project/e-certify/e-certify/vendor/laravel/framework/src/Illuminate/Foundation/Http/Middleware/PreventRequestsDuringMaintenance.php(109): Illuminate/Pipeline/Pipeline->{closure:{closure:Illuminate/Pipeline/Pipeline::carry():194}:195}()
#49 C:/dict project/e-certify/e-certify/vendor/laravel/framework/src/Illuminate/Pipeline/Pipeline.php(219): Illuminate/Foundation/Http/Middleware/PreventRequestsDuringMaintenance->handle()
#50 C:/dict project/e-certify/e-certify/vendor/laravel/framework/src/Illuminate/Http/Middleware/HandleCors.php(61): Illuminate/Pipeline/Pipeline->{closure:{closure:Illuminate/Pipeline/Pipeline::carry():194}:195}()
#51 C:/dict project/e-certify/e-certify/vendor/laravel/framework/src/Illuminate/Pipeline/Pipeline.php(219): Illuminate/Http/Middleware/HandleCors->handle()
#52 C:/dict project/e-certify/e-certify/vendor/laravel/framework/src/Illuminate/Http/Middleware/TrustProxies.php(58): Illuminate/Pipeline/Pipeline->{closure:{closure:Illuminate/Pipeline/Pipeline::carry():194}:195}()
#53 C:/dict project/e-certify/e-certify/vendor/laravel/framework/src/Illuminate/Pipeline/Pipeline.php(219): Illuminate/Http/Middleware/TrustProxies->handle()
#54 C:/dict project/e-certify/e-certify/vendor/laravel/framework/src/Illuminate/Foundation/Http/Middleware/InvokeDeferredCallbacks.php(22): Illuminate/Pipeline/Pipeline->{closure:{closure:Illuminate/Pipeline/Pipeline::carry():194}:195}()
#55 C:/dict project/e-certify/e-certify/vendor/laravel/framework/src/Illuminate/Pipeline/Pipeline.php(219): Illuminate/Foundation/Http/Middleware/InvokeDeferredCallbacks->handle()
#56 C:/dict project/e-certify/e-certify/vendor/laravel/framework/src/Illuminate/Http/Middleware/ValidatePathEncoding.php(26): Illuminate/Pipeline/Pipeline->{closure:{closure:Illuminate/Pipeline/Pipeline::carry():194}:195}()
#57 C:/dict project/e-certify/e-certify/vendor/laravel/framework/src/Illuminate/Pipeline/Pipeline.php(219): Illuminate/Http/Middleware/ValidatePathEncoding->handle()
#58 C:/dict project/e-certify/e-certify/vendor/laravel/framework/src/Illuminate/Pipeline/Pipeline.php(137): Illuminate/Pipeline/Pipeline->{closure:{closure:Illuminate/Pipeline/Pipeline::carry():194}:195}()
#59 C:/dict project/e-certify/e-certify/vendor/laravel/framework/src/Illuminate/Foundation/Http/Kernel.php(175): Illuminate/Pipeline/Pipeline->then()
#60 C:/dict project/e-certify/e-certify/vendor/laravel/framework/src/Illuminate/Foundation/Http/Kernel.php(144): Illuminate/Foundation/Http/Kernel->sendRequestThroughRouter()
#61 C:/dict project/e-certify/e-certify/vendor/laravel/framework/src/Illuminate/Foundation/Application.php(1220): Illuminate/Foundation/Http/Kernel->handle()
#62 C:/dict project/e-certify/e-certify/public/index.php(20): Illuminate/Foundation/Application->handleRequest()
#63 C:/dict project/e-certify/e-certify/vendor/laravel/framework/src/Illuminate/Foundation/resources/server.php(23): require_once('...')
#64 {main}

[previous exception] [object] (UnhandledMatchError(code: 0): Unhandled match case of type string at C:/dict project/e-certify/e-certify/storage/framework/views/e6809854e0a7e509f996a3b84b7c71bb.php:121)
[stacktrace]
#0 C:/dict project/e-certify/e-certify/storage/framework/views/40c03e51ad64bb1070b46c79fb82f625.php(61): _e6809854e0a7e509f996a3b84b7c71bb()
#1 C:/dict project/e-certify/e-certify/vendor/laravel/framework/src/Illuminate/Filesystem/Filesystem.php(123): require('...')
#2 C:/dict project/e-certify/e-certify/vendor/laravel/framework/src/Illuminate/Filesystem/Filesystem.php(124): Illuminate/Filesystem/Filesystem::{closure:Illuminate/Filesystem/Filesystem::getRequire():120}()
#3 C:/dict project/e-certify/e-certify/vendor/laravel/framework/src/Illuminate/View/Engines/PhpEngine.php(57): Illuminate/Filesystem/Filesystem->getRequire()
#4 C:/dict project/e-certify/e-certify/vendor/livewire/livewire/src/Mechanisms/ExtendBlade/ExtendedCompilerEngine.php(22): Illuminate/View/Engines/PhpEngine->evaluatePath()
#5 C:/dict project/e-certify/e-certify/vendor/laravel/framework/src/Illuminate/View/Engines/CompilerEngine.php(76): Livewire/Mechanisms/ExtendBlade/ExtendedCompilerEngine->evaluatePath()
#6 C:/dict project/e-certify/e-certify/vendor/livewire/livewire/src/Mechanisms/ExtendBlade/ExtendedCompilerEngine.php(10): Illuminate/View/Engines/CompilerEngine->get()
#7 C:/dict project/e-certify/e-certify/vendor/laravel/framework/src/Illuminate/View/View.php(208): Livewire/Mechanisms/ExtendBlade/ExtendedCompilerEngine->get()
#8 C:/dict project/e-certify/e-certify/vendor/laravel/framework/src/Illuminate/View/View.php(191): Illuminate/View/View->getContents()
#9 C:/dict project/e-certify/e-certify/vendor/laravel/framework/src/Illuminate/View/View.php(160): Illuminate/View/View->renderContents()
#10 C:/dict project/e-certify/e-certify/vendor/laravel/framework/src/Illuminate/Http/Response.php(78): Illuminate/View/View->render()
#11 C:/dict project/e-certify/e-certify/vendor/laravel/framework/src/Illuminate/Http/Response.php(34): Illuminate/Http/Response->setContent()
#12 C:/dict project/e-certify/e-certify/vendor/laravel/framework/src/Illuminate/Routing/Router.php(939): Illuminate/Http/Response->__construct()
#13 C:/dict project/e-certify/e-certify/vendor/laravel/framework/src/Illuminate/Routing/Router.php(906): Illuminate/Routing/Router::toResponse()
#14 C:/dict project/e-certify/e-certify/vendor/laravel/framework/src/Illuminate/Routing/Router.php(821): Illuminate/Routing/Router->prepareResponse()
#15 C:/dict project/e-certify/e-certify/vendor/laravel/framework/src/Illuminate/Pipeline/Pipeline.php(180): Illuminate/Routing/Router->{closure:Illuminate/Routing/Router::runRouteWithinStack():821}()
#16 C:/dict project/e-certify/e-certify/vendor/laravel/boost/src/Middleware/InjectBoost.php(22): Illuminate/Pipeline/Pipeline->{closure:Illuminate/Pipeline/Pipeline::prepareDestination():178}()
#17 C:/dict project/e-certify/e-certify/vendor/laravel/framework/src/Illuminate/Pipeline/Pipeline.php(219): Laravel/Boost/Middleware/InjectBoost->handle()
#18 C:/dict project/e-certify/e-certify/vendor/laravel/framework/src/Illuminate/Routing/Middleware/SubstituteBindings.php(50): Illuminate/Pipeline/Pipeline->{closure:{closure:Illuminate/Pipeline/Pipeline::carry():194}:195}()
#19 C:/dict project/e-certify/e-certify/vendor/laravel/framework/src/Illuminate/Pipeline/Pipeline.php(219): Illuminate/Routing/Middleware/SubstituteBindings->handle()
#20 C:/dict project/e-certify/e-certify/vendor/laravel/framework/src/Illuminate/Auth/Middleware/Authenticate.php(63): Illuminate/Pipeline/Pipeline->{closure:{closure:Illuminate/Pipeline/Pipeline::carry():194}:195}()
#21 C:/dict project/e-certify/e-certify/vendor/laravel/framework/src/Illuminate/Pipeline/Pipeline.php(219): Illuminate/Auth/Middleware/Authenticate->handle()
#22 C:/dict project/e-certify/e-certify/vendor/laravel/framework/src/Illuminate/Foundation/Http/Middleware/VerifyCsrfToken.php(87): Illuminate/Pipeline/Pipeline->{closure:{closure:Illuminate/Pipeline/Pipeline::carry():194}:195}()
#23 C:/dict project/e-certify/e-certify/vendor/laravel/framework/src/Illuminate/Pipeline/Pipeline.php(219): Illuminate/Foundation/Http/Middleware/VerifyCsrfToken->handle()
#24 C:/dict project/e-certify/e-certify/vendor/laravel/framework/src/Illuminate/View/Middleware/ShareErrorsFromSession.php(48): Illuminate/Pipeline/Pipeline->{closure:{closure:Illuminate/Pipeline/Pipeline::carry():194}:195}()
#25 C:/dict project/e-certify/e-certify/vendor/laravel/framework/src/Illuminate/Pipeline/Pipeline.php(219): Illuminate/View/Middleware/ShareErrorsFromSession->handle()
#26 C:/dict project/e-certify/e-certify/vendor/laravel/framework/src/Illuminate/Session/Middleware/StartSession.php(120): Illuminate/Pipeline/Pipeline->{closure:{closure:Illuminate/Pipeline/Pipeline::carry():194}:195}()
#27 C:/dict project/e-certify/e-certify/vendor/laravel/framework/src/Illuminate/Session/Middleware/StartSession.php(63): Illuminate/Session/Middleware/StartSession->handleStatefulRequest()
#28 C:/dict project/e-certify/e-certify/vendor/laravel/framework/src/Illuminate/Pipeline/Pipeline.php(219): Illuminate/Session/Middleware/StartSession->handle()
#29 C:/dict project/e-certify/e-certify/vendor/laravel/framework/src/Illuminate/Cookie/Middleware/AddQueuedCookiesToResponse.php(36): Illuminate/Pipeline/Pipeline->{closure:{closure:Illuminate/Pipeline/Pipeline::carry():194}:195}()
#30 C:/dict project/e-certify/e-certify/vendor/laravel/framework/src/Illuminate/Pipeline/Pipeline.php(219): Illuminate/Cookie/Middleware/AddQueuedCookiesToResponse->handle()
#31 C:/dict project/e-certify/e-certify/vendor/laravel/framework/src/Illuminate/Cookie/Middleware/EncryptCookies.php(74): Illuminate/Pipeline/Pipeline->{closure:{closure:Illuminate/Pipeline/Pipeline::carry():194}:195}()
#32 C:/dict project/e-certify/e-certify/vendor/laravel/framework/src/Illuminate/Pipeline/Pipeline.php(219): Illuminate/Cookie/Middleware/EncryptCookies->handle()
#33 C:/dict project/e-certify/e-certify/vendor/laravel/framework/src/Illuminate/Pipeline/Pipeline.php(137): Illuminate/Pipeline/Pipeline->{closure:{closure:Illuminate/Pipeline/Pipeline::carry():194}:195}()
#34 C:/dict project/e-certify/e-certify/vendor/laravel/framework/src/Illuminate/Routing/Router.php(821): Illuminate/Pipeline/Pipeline->then()
#35 C:/dict project/e-certify/e-certify/vendor/laravel/framework/src/Illuminate/Routing/Router.php(800): Illuminate/Routing/Router->runRouteWithinStack()
#36 C:/dict project/e-certify/e-certify/vendor/laravel/framework/src/Illuminate/Routing/Router.php(764): Illuminate/Routing/Router->runRoute()
#37 C:/dict project/e-certify/e-certify/vendor/laravel/framework/src/Illuminate/Routing/Router.php(753): Illuminate/Routing/Router->dispatchToRoute()
#38 C:/dict project/e-certify/e-certify/vendor/laravel/framework/src/Illuminate/Foundation/Http/Kernel.php(200): Illuminate/Routing/Router->dispatch()
#39 C:/dict project/e-certify/e-certify/vendor/laravel/framework/src/Illuminate/Pipeline/Pipeline.php(180): Illuminate/Foundation/Http/Kernel->{closure:Illuminate/Foundation/Http/Kernel::dispatchToRouter():197}()
#40 C:/dict project/e-certify/e-certify/vendor/livewire/livewire/src/Features/SupportDisablingBackButtonCache/DisableBackButtonCacheMiddleware.php(19): Illuminate/Pipeline/Pipeline->{closure:Illuminate/Pipeline/Pipeline::prepareDestination():178}()
#41 C:/dict project/e-certify/e-certify/vendor/laravel/framework/src/Illuminate/Pipeline/Pipeline.php(219): Livewire/Features/SupportDisablingBackButtonCache/DisableBackButtonCacheMiddleware->handle()
#42 C:/dict project/e-certify/e-certify/vendor/laravel/framework/src/Illuminate/Foundation/Http/Middleware/TransformsRequest.php(21): Illuminate/Pipeline/Pipeline->{closure:{closure:Illuminate/Pipeline/Pipeline::carry():194}:195}()
#43 C:/dict project/e-certify/e-certify/vendor/laravel/framework/src/Illuminate/Foundation/Http/Middleware/ConvertEmptyStringsToNull.php(31): Illuminate/Foundation/Http/Middleware/TransformsRequest->handle()
#44 C:/dict project/e-certify/e-certify/vendor/laravel/framework/src/Illuminate/Pipeline/Pipeline.php(219): Illuminate/Foundation/Http/Middleware/ConvertEmptyStringsToNull->handle()
#45 C:/dict project/e-certify/e-certify/vendor/laravel/framework/src/Illuminate/Foundation/Http/Middleware/TransformsRequest.php(21): Illuminate/Pipeline/Pipeline->{closure:{closure:Illuminate/Pipeline/Pipeline::carry():194}:195}()
#46 C:/dict project/e-certify/e-certify/vendor/laravel/framework/src/Illuminate/Foundation/Http/Middleware/TrimStrings.php(51): Illuminate/Foundation/Http/Middleware/TransformsRequest->handle()
#47 C:/dict project/e-certify/e-certify/vendor/laravel/framework/src/Illuminate/Pipeline/Pipeline.php(219): Illuminate/Foundation/Http/Middleware/TrimStrings->handle()
#48 C:/dict project/e-certify/e-certify/vendor/laravel/framework/src/Illuminate/Http/Middleware/ValidatePostSize.php(27): Illuminate/Pipeline/Pipeline->{closure:{closure:Illuminate/Pipeline/Pipeline::carry():194}:195}()
#49 C:/dict project/e-certify/e-certify/vendor/laravel/framework/src/Illuminate/Pipeline/Pipeline.php(219): Illuminate/Http/Middleware/ValidatePostSize->handle()
#50 C:/dict project/e-certify/e-certify/vendor/laravel/framework/src/Illuminate/Foundation/Http/Middleware/PreventRequestsDuringMaintenance.php(109): Illuminate/Pipeline/Pipeline->{closure:{closure:Illuminate/Pipeline/Pipeline::carry():194}:195}()
#51 C:/dict project/e-certify/e-certify/vendor/laravel/framework/src/Illuminate/Pipeline/Pipeline.php(219): Illuminate/Foundation/Http/Middleware/PreventRequestsDuringMaintenance->handle()
#52 C:/dict project/e-certify/e-certify/vendor/laravel/framework/src/Illuminate/Http/Middleware/HandleCors.php(61): Illuminate/Pipeline/Pipeline->{closure:{closure:Illuminate/Pipeline/Pipeline::carry():194}:195}()
#53 C:/dict project/e-certify/e-certify/vendor/laravel/framework/src/Illuminate/Pipeline/Pipeline.php(219): Illuminate/Http/Middleware/HandleCors->handle()
#54 C:/dict project/e-certify/e-certify/vendor/laravel/framework/src/Illuminate/Http/Middleware/TrustProxies.php(58): Illuminate/Pipeline/Pipeline->{closure:{closure:Illuminate/Pipeline/Pipeline::carry():194}:195}()
#55 C:/dict project/e-certify/e-certify/vendor/laravel/framework/src/Illuminate/Pipeline/Pipeline.php(219): Illuminate/Http/Middleware/TrustProxies->handle()
#56 C:/dict project/e-certify/e-certify/vendor/laravel/framework/src/Illuminate/Foundation/Http/Middleware/InvokeDeferredCallbacks.php(22): Illuminate/Pipeline/Pipeline->{closure:{closure:Illuminate/Pipeline/Pipeline::carry():194}:195}()
#57 C:/dict project/e-certify/e-certify/vendor/laravel/framework/src/Illuminate/Pipeline/Pipeline.php(219): Illuminate/Foundation/Http/Middleware/InvokeDeferredCallbacks->handle()
#58 C:/dict project/e-certify/e-certify/vendor/laravel/framework/src/Illuminate/Http/Middleware/ValidatePathEncoding.php(26): Illuminate/Pipeline/Pipeline->{closure:{closure:Illuminate/Pipeline/Pipeline::carry():194}:195}()
#59 C:/dict project/e-certify/e-certify/vendor/laravel/framework/src/Illuminate/Pipeline/Pipeline.php(219): Illuminate/Http/Middleware/ValidatePathEncoding->handle()
#60 C:/dict project/e-certify/e-certify/vendor/laravel/framework/src/Illuminate/Pipeline/Pipeline.php(137): Illuminate/Pipeline/Pipeline->{closure:{closure:Illuminate/Pipeline/Pipeline::carry():194}:195}()
#61 C:/dict project/e-certify/e-certify/vendor/laravel/framework/src/Illuminate/Foundation/Http/Kernel.php(175): Illuminate/Pipeline/Pipeline->then()
#62 C:/dict project/e-certify/e-certify/vendor/laravel/framework/src/Illuminate/Foundation/Http/Kernel.php(144): Illuminate/Foundation/Http/Kernel->sendRequestThroughRouter()
#63 C:/dict project/e-certify/e-certify/vendor/laravel/framework/src/Illuminate/Foundation/Application.php(1220): Illuminate/Foundation/Http/Kernel->handle()
#64 C:/dict project/e-certify/e-certify/public/index.php(20): Illuminate/Foundation/Application->handleRequest()
#65 C:/dict project/e-certify/e-certify/vendor/laravel/framework/src/Illuminate/Foundation/resources/server.php(23): require_once('...')
#66 {main}
"} 
[2026-03-10 07:36:46] local.ERROR: Unhandled match case of type string (View: C:\dict project\e-certify\e-certify\resources\views\livewire\auth\verify-email.blade.php) {"userId":9,"exception":"[object] (Illuminate\\View\\ViewException(code: 0): Unhandled match case of type string (View: C:\\dict project\\e-certify\\e-certify\\resources\\views\\livewire\\auth\\verify-email.blade.php) at C:/dict project/e-certify/e-certify/storage/framework/views/e6809854e0a7e509f996a3b84b7c71bb.php:121)
[stacktrace]
#0 C:/dict project/e-certify/e-certify/vendor/livewire/livewire/src/Mechanisms/ExtendBlade/ExtendedCompilerEngine.php(58): Illuminate/View/Engines/CompilerEngine->handleViewException()
#1 C:/dict project/e-certify/e-certify/vendor/laravel/framework/src/Illuminate/View/Engines/PhpEngine.php(59): Livewire/Mechanisms/ExtendBlade/ExtendedCompilerEngine->handleViewException()
#2 C:/dict project/e-certify/e-certify/vendor/livewire/livewire/src/Mechanisms/ExtendBlade/ExtendedCompilerEngine.php(22): Illuminate/View/Engines/PhpEngine->evaluatePath()
#3 C:/dict project/e-certify/e-certify/vendor/laravel/framework/src/Illuminate/View/Engines/CompilerEngine.php(76): Livewire/Mechanisms/ExtendBlade/ExtendedCompilerEngine->evaluatePath()
#4 C:/dict project/e-certify/e-certify/vendor/livewire/livewire/src/Mechanisms/ExtendBlade/ExtendedCompilerEngine.php(10): Illuminate/View/Engines/CompilerEngine->get()
#5 C:/dict project/e-certify/e-certify/vendor/laravel/framework/src/Illuminate/View/View.php(208): Livewire/Mechanisms/ExtendBlade/ExtendedCompilerEngine->get()
#6 C:/dict project/e-certify/e-certify/vendor/laravel/framework/src/Illuminate/View/View.php(191): Illuminate/View/View->getContents()
#7 C:/dict project/e-certify/e-certify/vendor/laravel/framework/src/Illuminate/View/View.php(160): Illuminate/View/View->renderContents()
#8 C:/dict project/e-certify/e-certify/vendor/laravel/framework/src/Illuminate/Http/Response.php(78): Illuminate/View/View->render()
#9 C:/dict project/e-certify/e-certify/vendor/laravel/framework/src/Illuminate/Http/Response.php(34): Illuminate/Http/Response->setContent()
#10 C:/dict project/e-certify/e-certify/vendor/laravel/framework/src/Illuminate/Routing/Router.php(939): Illuminate/Http/Response->__construct()
#11 C:/dict project/e-certify/e-certify/vendor/laravel/framework/src/Illuminate/Routing/Router.php(906): Illuminate/Routing/Router::toResponse()
#12 C:/dict project/e-certify/e-certify/vendor/laravel/framework/src/Illuminate/Routing/Router.php(821): Illuminate/Routing/Router->prepareResponse()
#13 C:/dict project/e-certify/e-certify/vendor/laravel/framework/src/Illuminate/Pipeline/Pipeline.php(180): Illuminate/Routing/Router->{closure:Illuminate/Routing/Router::runRouteWithinStack():821}()
#14 C:/dict project/e-certify/e-certify/vendor/laravel/boost/src/Middleware/InjectBoost.php(22): Illuminate/Pipeline/Pipeline->{closure:Illuminate/Pipeline/Pipeline::prepareDestination():178}()
#15 C:/dict project/e-certify/e-certify/vendor/laravel/framework/src/Illuminate/Pipeline/Pipeline.php(219): Laravel/Boost/Middleware/InjectBoost->handle()
#16 C:/dict project/e-certify/e-certify/vendor/laravel/framework/src/Illuminate/Routing/Middleware/SubstituteBindings.php(50): Illuminate/Pipeline/Pipeline->{closure:{closure:Illuminate/Pipeline/Pipeline::carry():194}:195}()
#17 C:/dict project/e-certify/e-certify/vendor/laravel/framework/src/Illuminate/Pipeline/Pipeline.php(219): Illuminate/Routing/Middleware/SubstituteBindings->handle()
#18 C:/dict project/e-certify/e-certify/vendor/laravel/framework/src/Illuminate/Auth/Middleware/Authenticate.php(63): Illuminate/Pipeline/Pipeline->{closure:{closure:Illuminate/Pipeline/Pipeline::carry():194}:195}()
#19 C:/dict project/e-certify/e-certify/vendor/laravel/framework/src/Illuminate/Pipeline/Pipeline.php(219): Illuminate/Auth/Middleware/Authenticate->handle()
#20 C:/dict project/e-certify/e-certify/vendor/laravel/framework/src/Illuminate/Foundation/Http/Middleware/VerifyCsrfToken.php(87): Illuminate/Pipeline/Pipeline->{closure:{closure:Illuminate/Pipeline/Pipeline::carry():194}:195}()
#21 C:/dict project/e-certify/e-certify/vendor/laravel/framework/src/Illuminate/Pipeline/Pipeline.php(219): Illuminate/Foundation/Http/Middleware/VerifyCsrfToken->handle()
#22 C:/dict project/e-certify/e-certify/vendor/laravel/framework/src/Illuminate/View/Middleware/ShareErrorsFromSession.php(48): Illuminate/Pipeline/Pipeline->{closure:{closure:Illuminate/Pipeline/Pipeline::carry():194}:195}()
#23 C:/dict project/e-certify/e-certify/vendor/laravel/framework/src/Illuminate/Pipeline/Pipeline.php(219): Illuminate/View/Middleware/ShareErrorsFromSession->handle()
#24 C:/dict project/e-certify/e-certify/vendor/laravel/framework/src/Illuminate/Session/Middleware/StartSession.php(120): Illuminate/Pipeline/Pipeline->{closure:{closure:Illuminate/Pipeline/Pipeline::carry():194}:195}()
#25 C:/dict project/e-certify/e-certify/vendor/laravel/framework/src/Illuminate/Session/Middleware/StartSession.php(63): Illuminate/Session/Middleware/StartSession->handleStatefulRequest()
#26 C:/dict project/e-certify/e-certify/vendor/laravel/framework/src/Illuminate/Pipeline/Pipeline.php(219): Illuminate/Session/Middleware/StartSession->handle()
#27 C:/dict project/e-certify/e-certify/vendor/laravel/framework/src/Illuminate/Cookie/Middleware/AddQueuedCookiesToResponse.php(36): Illuminate/Pipeline/Pipeline->{closure:{closure:Illuminate/Pipeline/Pipeline::carry():194}:195}()
#28 C:/dict project/e-certify/e-certify/vendor/laravel/framework/src/Illuminate/Pipeline/Pipeline.php(219): Illuminate/Cookie/Middleware/AddQueuedCookiesToResponse->handle()
#29 C:/dict project/e-certify/e-certify/vendor/laravel/framework/src/Illuminate/Cookie/Middleware/EncryptCookies.php(74): Illuminate/Pipeline/Pipeline->{closure:{closure:Illuminate/Pipeline/Pipeline::carry():194}:195}()
#30 C:/dict project/e-certify/e-certify/vendor/laravel/framework/src/Illuminate/Pipeline/Pipeline.php(219): Illuminate/Cookie/Middleware/EncryptCookies->handle()
#31 C:/dict project/e-certify/e-certify/vendor/laravel/framework/src/Illuminate/Pipeline/Pipeline.php(137): Illuminate/Pipeline/Pipeline->{closure:{closure:Illuminate/Pipeline/Pipeline::carry():194}:195}()
#32 C:/dict project/e-certify/e-certify/vendor/laravel/framework/src/Illuminate/Routing/Router.php(821): Illuminate/Pipeline/Pipeline->then()
#33 C:/dict project/e-certify/e-certify/vendor/laravel/framework/src/Illuminate/Routing/Router.php(800): Illuminate/Routing/Router->runRouteWithinStack()
#34 C:/dict project/e-certify/e-certify/vendor/laravel/framework/src/Illuminate/Routing/Router.php(764): Illuminate/Routing/Router->runRoute()
#35 C:/dict project/e-certify/e-certify/vendor/laravel/framework/src/Illuminate/Routing/Router.php(753): Illuminate/Routing/Router->dispatchToRoute()
#36 C:/dict project/e-certify/e-certify/vendor/laravel/framework/src/Illuminate/Foundation/Http/Kernel.php(200): Illuminate/Routing/Router->dispatch()
#37 C:/dict project/e-certify/e-certify/vendor/laravel/framework/src/Illuminate/Pipeline/Pipeline.php(180): Illuminate/Foundation/Http/Kernel->{closure:Illuminate/Foundation/Http/Kernel::dispatchToRouter():197}()
#38 C:/dict project/e-certify/e-certify/vendor/livewire/livewire/src/Features/SupportDisablingBackButtonCache/DisableBackButtonCacheMiddleware.php(19): Illuminate/Pipeline/Pipeline->{closure:Illuminate/Pipeline/Pipeline::prepareDestination():178}()
#39 C:/dict project/e-certify/e-certify/vendor/laravel/framework/src/Illuminate/Pipeline/Pipeline.php(219): Livewire/Features/SupportDisablingBackButtonCache/DisableBackButtonCacheMiddleware->handle()
#40 C:/dict project/e-certify/e-certify/vendor/laravel/framework/src/Illuminate/Foundation/Http/Middleware/TransformsRequest.php(21): Illuminate/Pipeline/Pipeline->{closure:{closure:Illuminate/Pipeline/Pipeline::carry():194}:195}()
#41 C:/dict project/e-certify/e-certify/vendor/laravel/framework/src/Illuminate/Foundation/Http/Middleware/ConvertEmptyStringsToNull.php(31): Illuminate/Foundation/Http/Middleware/TransformsRequest->handle()
#42 C:/dict project/e-certify/e-certify/vendor/laravel/framework/src/Illuminate/Pipeline/Pipeline.php(219): Illuminate/Foundation/Http/Middleware/ConvertEmptyStringsToNull->handle()
#43 C:/dict project/e-certify/e-certify/vendor/laravel/framework/src/Illuminate/Foundation/Http/Middleware/TransformsRequest.php(21): Illuminate/Pipeline/Pipeline->{closure:{closure:Illuminate/Pipeline/Pipeline::carry():194}:195}()
#44 C:/dict project/e-certify/e-certify/vendor/laravel/framework/src/Illuminate/Foundation/Http/Middleware/TrimStrings.php(51): Illuminate/Foundation/Http/Middleware/TransformsRequest->handle()
#45 C:/dict project/e-certify/e-certify/vendor/laravel/framework/src/Illuminate/Pipeline/Pipeline.php(219): Illuminate/Foundation/Http/Middleware/TrimStrings->handle()
#46 C:/dict project/e-certify/e-certify/vendor/laravel/framework/src/Illuminate/Http/Middleware/ValidatePostSize.php(27): Illuminate/Pipeline/Pipeline->{closure:{closure:Illuminate/Pipeline/Pipeline::carry():194}:195}()
#47 C:/dict project/e-certify/e-certify/vendor/laravel/framework/src/Illuminate/Pipeline/Pipeline.php(219): Illuminate/Http/Middleware/ValidatePostSize->handle()
#48 C:/dict project/e-certify/e-certify/vendor/laravel/framework/src/Illuminate/Foundation/Http/Middleware/PreventRequestsDuringMaintenance.php(109): Illuminate/Pipeline/Pipeline->{closure:{closure:Illuminate/Pipeline/Pipeline::carry():194}:195}()
#49 C:/dict project/e-certify/e-certify/vendor/laravel/framework/src/Illuminate/Pipeline/Pipeline.php(219): Illuminate/Foundation/Http/Middleware/PreventRequestsDuringMaintenance->handle()
#50 C:/dict project/e-certify/e-certify/vendor/laravel/framework/src/Illuminate/Http/Middleware/HandleCors.php(61): Illuminate/Pipeline/Pipeline->{closure:{closure:Illuminate/Pipeline/Pipeline::carry():194}:195}()
#51 C:/dict project/e-certify/e-certify/vendor/laravel/framework/src/Illuminate/Pipeline/Pipeline.php(219): Illuminate/Http/Middleware/HandleCors->handle()
#52 C:/dict project/e-certify/e-certify/vendor/laravel/framework/src/Illuminate/Http/Middleware/TrustProxies.php(58): Illuminate/Pipeline/Pipeline->{closure:{closure:Illuminate/Pipeline/Pipeline::carry():194}:195}()
#53 C:/dict project/e-certify/e-certify/vendor/laravel/framework/src/Illuminate/Pipeline/Pipeline.php(219): Illuminate/Http/Middleware/TrustProxies->handle()
#54 C:/dict project/e-certify/e-certify/vendor/laravel/framework/src/Illuminate/Foundation/Http/Middleware/InvokeDeferredCallbacks.php(22): Illuminate/Pipeline/Pipeline->{closure:{closure:Illuminate/Pipeline/Pipeline::carry():194}:195}()
#55 C:/dict project/e-certify/e-certify/vendor/laravel/framework/src/Illuminate/Pipeline/Pipeline.php(219): Illuminate/Foundation/Http/Middleware/InvokeDeferredCallbacks->handle()
#56 C:/dict project/e-certify/e-certify/vendor/laravel/framework/src/Illuminate/Http/Middleware/ValidatePathEncoding.php(26): Illuminate/Pipeline/Pipeline->{closure:{closure:Illuminate/Pipeline/Pipeline::carry():194}:195}()
#57 C:/dict project/e-certify/e-certify/vendor/laravel/framework/src/Illuminate/Pipeline/Pipeline.php(219): Illuminate/Http/Middleware/ValidatePathEncoding->handle()
#58 C:/dict project/e-certify/e-certify/vendor/laravel/framework/src/Illuminate/Pipeline/Pipeline.php(137): Illuminate/Pipeline/Pipeline->{closure:{closure:Illuminate/Pipeline/Pipeline::carry():194}:195}()
#59 C:/dict project/e-certify/e-certify/vendor/laravel/framework/src/Illuminate/Foundation/Http/Kernel.php(175): Illuminate/Pipeline/Pipeline->then()
#60 C:/dict project/e-certify/e-certify/vendor/laravel/framework/src/Illuminate/Foundation/Http/Kernel.php(144): Illuminate/Foundation/Http/Kernel->sendRequestThroughRouter()
#61 C:/dict project/e-certify/e-certify/vendor/laravel/framework/src/Illuminate/Foundation/Application.php(1220): Illuminate/Foundation/Http/Kernel->handle()
#62 C:/dict project/e-certify/e-certify/public/index.php(20): Illuminate/Foundation/Application->handleRequest()
#63 C:/dict project/e-certify/e-certify/vendor/laravel/framework/src/Illuminate/Foundation/resources/server.php(23): require_once('...')
#64 {main}

[previous exception] [object] (UnhandledMatchError(code: 0): Unhandled match case of type string at C:/dict project/e-certify/e-certify/storage/framework/views/e6809854e0a7e509f996a3b84b7c71bb.php:121)
[stacktrace]
#0 C:/dict project/e-certify/e-certify/storage/framework/views/40c03e51ad64bb1070b46c79fb82f625.php(61): _e6809854e0a7e509f996a3b84b7c71bb()
#1 C:/dict project/e-certify/e-certify/vendor/laravel/framework/src/Illuminate/Filesystem/Filesystem.php(123): require('...')
#2 C:/dict project/e-certify/e-certify/vendor/laravel/framework/src/Illuminate/Filesystem/Filesystem.php(124): Illuminate/Filesystem/Filesystem::{closure:Illuminate/Filesystem/Filesystem::getRequire():120}()
#3 C:/dict project/e-certify/e-certify/vendor/laravel/framework/src/Illuminate/View/Engines/PhpEngine.php(57): Illuminate/Filesystem/Filesystem->getRequire()
#4 C:/dict project/e-certify/e-certify/vendor/livewire/livewire/src/Mechanisms/ExtendBlade/ExtendedCompilerEngine.php(22): Illuminate/View/Engines/PhpEngine->evaluatePath()
#5 C:/dict project/e-certify/e-certify/vendor/laravel/framework/src/Illuminate/View/Engines/CompilerEngine.php(76): Livewire/Mechanisms/ExtendBlade/ExtendedCompilerEngine->evaluatePath()
#6 C:/dict project/e-certify/e-certify/vendor/livewire/livewire/src/Mechanisms/ExtendBlade/ExtendedCompilerEngine.php(10): Illuminate/View/Engines/CompilerEngine->get()
#7 C:/dict project/e-certify/e-certify/vendor/laravel/framework/src/Illuminate/View/View.php(208): Livewire/Mechanisms/ExtendBlade/ExtendedCompilerEngine->get()
#8 C:/dict project/e-certify/e-certify/vendor/laravel/framework/src/Illuminate/View/View.php(191): Illuminate/View/View->getContents()
#9 C:/dict project/e-certify/e-certify/vendor/laravel/framework/src/Illuminate/View/View.php(160): Illuminate/View/View->renderContents()
#10 C:/dict project/e-certify/e-certify/vendor/laravel/framework/src/Illuminate/Http/Response.php(78): Illuminate/View/View->render()
#11 C:/dict project/e-certify/e-certify/vendor/laravel/framework/src/Illuminate/Http/Response.php(34): Illuminate/Http/Response->setContent()
#12 C:/dict project/e-certify/e-certify/vendor/laravel/framework/src/Illuminate/Routing/Router.php(939): Illuminate/Http/Response->__construct()
#13 C:/dict project/e-certify/e-certify/vendor/laravel/framework/src/Illuminate/Routing/Router.php(906): Illuminate/Routing/Router::toResponse()
#14 C:/dict project/e-certify/e-certify/vendor/laravel/framework/src/Illuminate/Routing/Router.php(821): Illuminate/Routing/Router->prepareResponse()
#15 C:/dict project/e-certify/e-certify/vendor/laravel/framework/src/Illuminate/Pipeline/Pipeline.php(180): Illuminate/Routing/Router->{closure:Illuminate/Routing/Router::runRouteWithinStack():821}()
#16 C:/dict project/e-certify/e-certify/vendor/laravel/boost/src/Middleware/InjectBoost.php(22): Illuminate/Pipeline/Pipeline->{closure:Illuminate/Pipeline/Pipeline::prepareDestination():178}()
#17 C:/dict project/e-certify/e-certify/vendor/laravel/framework/src/Illuminate/Pipeline/Pipeline.php(219): Laravel/Boost/Middleware/InjectBoost->handle()
#18 C:/dict project/e-certify/e-certify/vendor/laravel/framework/src/Illuminate/Routing/Middleware/SubstituteBindings.php(50): Illuminate/Pipeline/Pipeline->{closure:{closure:Illuminate/Pipeline/Pipeline::carry():194}:195}()
#19 C:/dict project/e-certify/e-certify/vendor/laravel/framework/src/Illuminate/Pipeline/Pipeline.php(219): Illuminate/Routing/Middleware/SubstituteBindings->handle()
#20 C:/dict project/e-certify/e-certify/vendor/laravel/framework/src/Illuminate/Auth/Middleware/Authenticate.php(63): Illuminate/Pipeline/Pipeline->{closure:{closure:Illuminate/Pipeline/Pipeline::carry():194}:195}()
#21 C:/dict project/e-certify/e-certify/vendor/laravel/framework/src/Illuminate/Pipeline/Pipeline.php(219): Illuminate/Auth/Middleware/Authenticate->handle()
#22 C:/dict project/e-certify/e-certify/vendor/laravel/framework/src/Illuminate/Foundation/Http/Middleware/VerifyCsrfToken.php(87): Illuminate/Pipeline/Pipeline->{closure:{closure:Illuminate/Pipeline/Pipeline::carry():194}:195}()
#23 C:/dict project/e-certify/e-certify/vendor/laravel/framework/src/Illuminate/Pipeline/Pipeline.php(219): Illuminate/Foundation/Http/Middleware/VerifyCsrfToken->handle()
#24 C:/dict project/e-certify/e-certify/vendor/laravel/framework/src/Illuminate/View/Middleware/ShareErrorsFromSession.php(48): Illuminate/Pipeline/Pipeline->{closure:{closure:Illuminate/Pipeline/Pipeline::carry():194}:195}()
#25 C:/dict project/e-certify/e-certify/vendor/laravel/framework/src/Illuminate/Pipeline/Pipeline.php(219): Illuminate/View/Middleware/ShareErrorsFromSession->handle()
#26 C:/dict project/e-certify/e-certify/vendor/laravel/framework/src/Illuminate/Session/Middleware/StartSession.php(120): Illuminate/Pipeline/Pipeline->{closure:{closure:Illuminate/Pipeline/Pipeline::carry():194}:195}()
#27 C:/dict project/e-certify/e-certify/vendor/laravel/framework/src/Illuminate/Session/Middleware/StartSession.php(63): Illuminate/Session/Middleware/StartSession->handleStatefulRequest()
#28 C:/dict project/e-certify/e-certify/vendor/laravel/framework/src/Illuminate/Pipeline/Pipeline.php(219): Illuminate/Session/Middleware/StartSession->handle()
#29 C:/dict project/e-certify/e-certify/vendor/laravel/framework/src/Illuminate/Cookie/Middleware/AddQueuedCookiesToResponse.php(36): Illuminate/Pipeline/Pipeline->{closure:{closure:Illuminate/Pipeline/Pipeline::carry():194}:195}()
#30 C:/dict project/e-certify/e-certify/vendor/laravel/framework/src/Illuminate/Pipeline/Pipeline.php(219): Illuminate/Cookie/Middleware/AddQueuedCookiesToResponse->handle()
#31 C:/dict project/e-certify/e-certify/vendor/laravel/framework/src/Illuminate/Cookie/Middleware/EncryptCookies.php(74): Illuminate/Pipeline/Pipeline->{closure:{closure:Illuminate/Pipeline/Pipeline::carry():194}:195}()
#32 C:/dict project/e-certify/e-certify/vendor/laravel/framework/src/Illuminate/Pipeline/Pipeline.php(219): Illuminate/Cookie/Middleware/EncryptCookies->handle()
#33 C:/dict project/e-certify/e-certify/vendor/laravel/framework/src/Illuminate/Pipeline/Pipeline.php(137): Illuminate/Pipeline/Pipeline->{closure:{closure:Illuminate/Pipeline/Pipeline::carry():194}:195}()
#34 C:/dict project/e-certify/e-certify/vendor/laravel/framework/src/Illuminate/Routing/Router.php(821): Illuminate/Pipeline/Pipeline->then()
#35 C:/dict project/e-certify/e-certify/vendor/laravel/framework/src/Illuminate/Routing/Router.php(800): Illuminate/Routing/Router->runRouteWithinStack()
#36 C:/dict project/e-certify/e-certify/vendor/laravel/framework/src/Illuminate/Routing/Router.php(764): Illuminate/Routing/Router->runRoute()
#37 C:/dict project/e-certify/e-certify/vendor/laravel/framework/src/Illuminate/Routing/Router.php(753): Illuminate/Routing/Router->dispatchToRoute()
#38 C:/dict project/e-certify/e-certify/vendor/laravel/framework/src/Illuminate/Foundation/Http/Kernel.php(200): Illuminate/Routing/Router->dispatch()
#39 C:/dict project/e-certify/e-certify/vendor/laravel/framework/src/Illuminate/Pipeline/Pipeline.php(180): Illuminate/Foundation/Http/Kernel->{closure:Illuminate/Foundation/Http/Kernel::dispatchToRouter():197}()
#40 C:/dict project/e-certify/e-certify/vendor/livewire/livewire/src/Features/SupportDisablingBackButtonCache/DisableBackButtonCacheMiddleware.php(19): Illuminate/Pipeline/Pipeline->{closure:Illuminate/Pipeline/Pipeline::prepareDestination():178}()
#41 C:/dict project/e-certify/e-certify/vendor/laravel/framework/src/Illuminate/Pipeline/Pipeline.php(219): Livewire/Features/SupportDisablingBackButtonCache/DisableBackButtonCacheMiddleware->handle()
#42 C:/dict project/e-certify/e-certify/vendor/laravel/framework/src/Illuminate/Foundation/Http/Middleware/TransformsRequest.php(21): Illuminate/Pipeline/Pipeline->{closure:{closure:Illuminate/Pipeline/Pipeline::carry():194}:195}()
#43 C:/dict project/e-certify/e-certify/vendor/laravel/framework/src/Illuminate/Foundation/Http/Middleware/ConvertEmptyStringsToNull.php(31): Illuminate/Foundation/Http/Middleware/TransformsRequest->handle()
#44 C:/dict project/e-certify/e-certify/vendor/laravel/framework/src/Illuminate/Pipeline/Pipeline.php(219): Illuminate/Foundation/Http/Middleware/ConvertEmptyStringsToNull->handle()
#45 C:/dict project/e-certify/e-certify/vendor/laravel/framework/src/Illuminate/Foundation/Http/Middleware/TransformsRequest.php(21): Illuminate/Pipeline/Pipeline->{closure:{closure:Illuminate/Pipeline/Pipeline::carry():194}:195}()
#46 C:/dict project/e-certify/e-certify/vendor/laravel/framework/src/Illuminate/Foundation/Http/Middleware/TrimStrings.php(51): Illuminate/Foundation/Http/Middleware/TransformsRequest->handle()
#47 C:/dict project/e-certify/e-certify/vendor/laravel/framework/src/Illuminate/Pipeline/Pipeline.php(219): Illuminate/Foundation/Http/Middleware/TrimStrings->handle()
#48 C:/dict project/e-certify/e-certify/vendor/laravel/framework/src/Illuminate/Http/Middleware/ValidatePostSize.php(27): Illuminate/Pipeline/Pipeline->{closure:{closure:Illuminate/Pipeline/Pipeline::carry():194}:195}()
#49 C:/dict project/e-certify/e-certify/vendor/laravel/framework/src/Illuminate/Pipeline/Pipeline.php(219): Illuminate/Http/Middleware/ValidatePostSize->handle()
#50 C:/dict project/e-certify/e-certify/vendor/laravel/framework/src/Illuminate/Foundation/Http/Middleware/PreventRequestsDuringMaintenance.php(109): Illuminate/Pipeline/Pipeline->{closure:{closure:Illuminate/Pipeline/Pipeline::carry():194}:195}()
#51 C:/dict project/e-certify/e-certify/vendor/laravel/framework/src/Illuminate/Pipeline/Pipeline.php(219): Illuminate/Foundation/Http/Middleware/PreventRequestsDuringMaintenance->handle()
#52 C:/dict project/e-certify/e-certify/vendor/laravel/framework/src/Illuminate/Http/Middleware/HandleCors.php(61): Illuminate/Pipeline/Pipeline->{closure:{closure:Illuminate/Pipeline/Pipeline::carry():194}:195}()
#53 C:/dict project/e-certify/e-certify/vendor/laravel/framework/src/Illuminate/Pipeline/Pipeline.php(219): Illuminate/Http/Middleware/HandleCors->handle()
#54 C:/dict project/e-certify/e-certify/vendor/laravel/framework/src/Illuminate/Http/Middleware/TrustProxies.php(58): Illuminate/Pipeline/Pipeline->{closure:{closure:Illuminate/Pipeline/Pipeline::carry():194}:195}()
#55 C:/dict project/e-certify/e-certify/vendor/laravel/framework/src/Illuminate/Pipeline/Pipeline.php(219): Illuminate/Http/Middleware/TrustProxies->handle()
#56 C:/dict project/e-certify/e-certify/vendor/laravel/framework/src/Illuminate/Foundation/Http/Middleware/InvokeDeferredCallbacks.php(22): Illuminate/Pipeline/Pipeline->{closure:{closure:Illuminate/Pipeline/Pipeline::carry():194}:195}()
#57 C:/dict project/e-certify/e-certify/vendor/laravel/framework/src/Illuminate/Pipeline/Pipeline.php(219): Illuminate/Foundation/Http/Middleware/InvokeDeferredCallbacks->handle()
#58 C:/dict project/e-certify/e-certify/vendor/laravel/framework/src/Illuminate/Http/Middleware/ValidatePathEncoding.php(26): Illuminate/Pipeline/Pipeline->{closure:{closure:Illuminate/Pipeline/Pipeline::carry():194}:195}()
#59 C:/dict project/e-certify/e-certify/vendor/laravel/framework/src/Illuminate/Pipeline/Pipeline.php(219): Illuminate/Http/Middleware/ValidatePathEncoding->handle()
#60 C:/dict project/e-certify/e-certify/vendor/laravel/framework/src/Illuminate/Pipeline/Pipeline.php(137): Illuminate/Pipeline/Pipeline->{closure:{closure:Illuminate/Pipeline/Pipeline::carry():194}:195}()
#61 C:/dict project/e-certify/e-certify/vendor/laravel/framework/src/Illuminate/Foundation/Http/Kernel.php(175): Illuminate/Pipeline/Pipeline->then()
#62 C:/dict project/e-certify/e-certify/vendor/laravel/framework/src/Illuminate/Foundation/Http/Kernel.php(144): Illuminate/Foundation/Http/Kernel->sendRequestThroughRouter()
#63 C:/dict project/e-certify/e-certify/vendor/laravel/framework/src/Illuminate/Foundation/Application.php(1220): Illuminate/Foundation/Http/Kernel->handle()
#64 C:/dict project/e-certify/e-certify/public/index.php(20): Illuminate/Foundation/Application->handleRequest()
#65 C:/dict project/e-certify/e-certify/vendor/laravel/framework/src/Illuminate/Foundation/resources/server.php(23): require_once('...')
#66 {main}
"} 
[2026-03-10 07:37:50] local.ERROR: Unhandled match case of type string (View: C:\dict project\e-certify\e-certify\resources\views\livewire\auth\verify-email.blade.php) {"userId":9,"exception":"[object] (Illuminate\\View\\ViewException(code: 0): Unhandled match case of type string (View: C:\\dict project\\e-certify\\e-certify\\resources\\views\\livewire\\auth\\verify-email.blade.php) at C:/dict project/e-certify/e-certify/storage/framework/views/e6809854e0a7e509f996a3b84b7c71bb.php:121)
[stacktrace]
#0 C:/dict project/e-certify/e-certify/vendor/livewire/livewire/src/Mechanisms/ExtendBlade/ExtendedCompilerEngine.php(58): Illuminate/View/Engines/CompilerEngine->handleViewException()
#1 C:/dict project/e-certify/e-certify/vendor/laravel/framework/src/Illuminate/View/Engines/PhpEngine.php(59): Livewire/Mechanisms/ExtendBlade/ExtendedCompilerEngine->handleViewException()
#2 C:/dict project/e-certify/e-certify/vendor/livewire/livewire/src/Mechanisms/ExtendBlade/ExtendedCompilerEngine.php(22): Illuminate/View/Engines/PhpEngine->evaluatePath()
#3 C:/dict project/e-certify/e-certify/vendor/laravel/framework/src/Illuminate/View/Engines/CompilerEngine.php(76): Livewire/Mechanisms/ExtendBlade/ExtendedCompilerEngine->evaluatePath()
#4 C:/dict project/e-certify/e-certify/vendor/livewire/livewire/src/Mechanisms/ExtendBlade/ExtendedCompilerEngine.php(10): Illuminate/View/Engines/CompilerEngine->get()
#5 C:/dict project/e-certify/e-certify/vendor/laravel/framework/src/Illuminate/View/View.php(208): Livewire/Mechanisms/ExtendBlade/ExtendedCompilerEngine->get()
#6 C:/dict project/e-certify/e-certify/vendor/laravel/framework/src/Illuminate/View/View.php(191): Illuminate/View/View->getContents()
#7 C:/dict project/e-certify/e-certify/vendor/laravel/framework/src/Illuminate/View/View.php(160): Illuminate/View/View->renderContents()
#8 C:/dict project/e-certify/e-certify/vendor/laravel/framework/src/Illuminate/Http/Response.php(78): Illuminate/View/View->render()
#9 C:/dict project/e-certify/e-certify/vendor/laravel/framework/src/Illuminate/Http/Response.php(34): Illuminate/Http/Response->setContent()
#10 C:/dict project/e-certify/e-certify/vendor/laravel/framework/src/Illuminate/Routing/Router.php(939): Illuminate/Http/Response->__construct()
#11 C:/dict project/e-certify/e-certify/vendor/laravel/framework/src/Illuminate/Routing/Router.php(906): Illuminate/Routing/Router::toResponse()
#12 C:/dict project/e-certify/e-certify/vendor/laravel/framework/src/Illuminate/Routing/Router.php(821): Illuminate/Routing/Router->prepareResponse()
#13 C:/dict project/e-certify/e-certify/vendor/laravel/framework/src/Illuminate/Pipeline/Pipeline.php(180): Illuminate/Routing/Router->{closure:Illuminate/Routing/Router::runRouteWithinStack():821}()
#14 C:/dict project/e-certify/e-certify/vendor/laravel/boost/src/Middleware/InjectBoost.php(22): Illuminate/Pipeline/Pipeline->{closure:Illuminate/Pipeline/Pipeline::prepareDestination():178}()
#15 C:/dict project/e-certify/e-certify/vendor/laravel/framework/src/Illuminate/Pipeline/Pipeline.php(219): Laravel/Boost/Middleware/InjectBoost->handle()
#16 C:/dict project/e-certify/e-certify/vendor/laravel/framework/src/Illuminate/Routing/Middleware/SubstituteBindings.php(50): Illuminate/Pipeline/Pipeline->{closure:{closure:Illuminate/Pipeline/Pipeline::carry():194}:195}()
#17 C:/dict project/e-certify/e-certify/vendor/laravel/framework/src/Illuminate/Pipeline/Pipeline.php(219): Illuminate/Routing/Middleware/SubstituteBindings->handle()
#18 C:/dict project/e-certify/e-certify/vendor/laravel/framework/src/Illuminate/Auth/Middleware/Authenticate.php(63): Illuminate/Pipeline/Pipeline->{closure:{closure:Illuminate/Pipeline/Pipeline::carry():194}:195}()
#19 C:/dict project/e-certify/e-certify/vendor/laravel/framework/src/Illuminate/Pipeline/Pipeline.php(219): Illuminate/Auth/Middleware/Authenticate->handle()
#20 C:/dict project/e-certify/e-certify/vendor/laravel/framework/src/Illuminate/Foundation/Http/Middleware/VerifyCsrfToken.php(87): Illuminate/Pipeline/Pipeline->{closure:{closure:Illuminate/Pipeline/Pipeline::carry():194}:195}()
#21 C:/dict project/e-certify/e-certify/vendor/laravel/framework/src/Illuminate/Pipeline/Pipeline.php(219): Illuminate/Foundation/Http/Middleware/VerifyCsrfToken->handle()
#22 C:/dict project/e-certify/e-certify/vendor/laravel/framework/src/Illuminate/View/Middleware/ShareErrorsFromSession.php(48): Illuminate/Pipeline/Pipeline->{closure:{closure:Illuminate/Pipeline/Pipeline::carry():194}:195}()
#23 C:/dict project/e-certify/e-certify/vendor/laravel/framework/src/Illuminate/Pipeline/Pipeline.php(219): Illuminate/View/Middleware/ShareErrorsFromSession->handle()
#24 C:/dict project/e-certify/e-certify/vendor/laravel/framework/src/Illuminate/Session/Middleware/StartSession.php(120): Illuminate/Pipeline/Pipeline->{closure:{closure:Illuminate/Pipeline/Pipeline::carry():194}:195}()
#25 C:/dict project/e-certify/e-certify/vendor/laravel/framework/src/Illuminate/Session/Middleware/StartSession.php(63): Illuminate/Session/Middleware/StartSession->handleStatefulRequest()
#26 C:/dict project/e-certify/e-certify/vendor/laravel/framework/src/Illuminate/Pipeline/Pipeline.php(219): Illuminate/Session/Middleware/StartSession->handle()
#27 C:/dict project/e-certify/e-certify/vendor/laravel/framework/src/Illuminate/Cookie/Middleware/AddQueuedCookiesToResponse.php(36): Illuminate/Pipeline/Pipeline->{closure:{closure:Illuminate/Pipeline/Pipeline::carry():194}:195}()
#28 C:/dict project/e-certify/e-certify/vendor/laravel/framework/src/Illuminate/Pipeline/Pipeline.php(219): Illuminate/Cookie/Middleware/AddQueuedCookiesToResponse->handle()
#29 C:/dict project/e-certify/e-certify/vendor/laravel/framework/src/Illuminate/Cookie/Middleware/EncryptCookies.php(74): Illuminate/Pipeline/Pipeline->{closure:{closure:Illuminate/Pipeline/Pipeline::carry():194}:195}()
#30 C:/dict project/e-certify/e-certify/vendor/laravel/framework/src/Illuminate/Pipeline/Pipeline.php(219): Illuminate/Cookie/Middleware/EncryptCookies->handle()
#31 C:/dict project/e-certify/e-certify/vendor/laravel/framework/src/Illuminate/Pipeline/Pipeline.php(137): Illuminate/Pipeline/Pipeline->{closure:{closure:Illuminate/Pipeline/Pipeline::carry():194}:195}()
#32 C:/dict project/e-certify/e-certify/vendor/laravel/framework/src/Illuminate/Routing/Router.php(821): Illuminate/Pipeline/Pipeline->then()
#33 C:/dict project/e-certify/e-certify/vendor/laravel/framework/src/Illuminate/Routing/Router.php(800): Illuminate/Routing/Router->runRouteWithinStack()
#34 C:/dict project/e-certify/e-certify/vendor/laravel/framework/src/Illuminate/Routing/Router.php(764): Illuminate/Routing/Router->runRoute()
#35 C:/dict project/e-certify/e-certify/vendor/laravel/framework/src/Illuminate/Routing/Router.php(753): Illuminate/Routing/Router->dispatchToRoute()
#36 C:/dict project/e-certify/e-certify/vendor/laravel/framework/src/Illuminate/Foundation/Http/Kernel.php(200): Illuminate/Routing/Router->dispatch()
#37 C:/dict project/e-certify/e-certify/vendor/laravel/framework/src/Illuminate/Pipeline/Pipeline.php(180): Illuminate/Foundation/Http/Kernel->{closure:Illuminate/Foundation/Http/Kernel::dispatchToRouter():197}()
#38 C:/dict project/e-certify/e-certify/vendor/livewire/livewire/src/Features/SupportDisablingBackButtonCache/DisableBackButtonCacheMiddleware.php(19): Illuminate/Pipeline/Pipeline->{closure:Illuminate/Pipeline/Pipeline::prepareDestination():178}()
#39 C:/dict project/e-certify/e-certify/vendor/laravel/framework/src/Illuminate/Pipeline/Pipeline.php(219): Livewire/Features/SupportDisablingBackButtonCache/DisableBackButtonCacheMiddleware->handle()
#40 C:/dict project/e-certify/e-certify/vendor/laravel/framework/src/Illuminate/Foundation/Http/Middleware/TransformsRequest.php(21): Illuminate/Pipeline/Pipeline->{closure:{closure:Illuminate/Pipeline/Pipeline::carry():194}:195}()
#41 C:/dict project/e-certify/e-certify/vendor/laravel/framework/src/Illuminate/Foundation/Http/Middleware/ConvertEmptyStringsToNull.php(31): Illuminate/Foundation/Http/Middleware/TransformsRequest->handle()
#42 C:/dict project/e-certify/e-certify/vendor/laravel/framework/src/Illuminate/Pipeline/Pipeline.php(219): Illuminate/Foundation/Http/Middleware/ConvertEmptyStringsToNull->handle()
#43 C:/dict project/e-certify/e-certify/vendor/laravel/framework/src/Illuminate/Foundation/Http/Middleware/TransformsRequest.php(21): Illuminate/Pipeline/Pipeline->{closure:{closure:Illuminate/Pipeline/Pipeline::carry():194}:195}()
#44 C:/dict project/e-certify/e-certify/vendor/laravel/framework/src/Illuminate/Foundation/Http/Middleware/TrimStrings.php(51): Illuminate/Foundation/Http/Middleware/TransformsRequest->handle()
#45 C:/dict project/e-certify/e-certify/vendor/laravel/framework/src/Illuminate/Pipeline/Pipeline.php(219): Illuminate/Foundation/Http/Middleware/TrimStrings->handle()
#46 C:/dict project/e-certify/e-certify/vendor/laravel/framework/src/Illuminate/Http/Middleware/ValidatePostSize.php(27): Illuminate/Pipeline/Pipeline->{closure:{closure:Illuminate/Pipeline/Pipeline::carry():194}:195}()
#47 C:/dict project/e-certify/e-certify/vendor/laravel/framework/src/Illuminate/Pipeline/Pipeline.php(219): Illuminate/Http/Middleware/ValidatePostSize->handle()
#48 C:/dict project/e-certify/e-certify/vendor/laravel/framework/src/Illuminate/Foundation/Http/Middleware/PreventRequestsDuringMaintenance.php(109): Illuminate/Pipeline/Pipeline->{closure:{closure:Illuminate/Pipeline/Pipeline::carry():194}:195}()
#49 C:/dict project/e-certify/e-certify/vendor/laravel/framework/src/Illuminate/Pipeline/Pipeline.php(219): Illuminate/Foundation/Http/Middleware/PreventRequestsDuringMaintenance->handle()
#50 C:/dict project/e-certify/e-certify/vendor/laravel/framework/src/Illuminate/Http/Middleware/HandleCors.php(61): Illuminate/Pipeline/Pipeline->{closure:{closure:Illuminate/Pipeline/Pipeline::carry():194}:195}()
#51 C:/dict project/e-certify/e-certify/vendor/laravel/framework/src/Illuminate/Pipeline/Pipeline.php(219): Illuminate/Http/Middleware/HandleCors->handle()
#52 C:/dict project/e-certify/e-certify/vendor/laravel/framework/src/Illuminate/Http/Middleware/TrustProxies.php(58): Illuminate/Pipeline/Pipeline->{closure:{closure:Illuminate/Pipeline/Pipeline::carry():194}:195}()
#53 C:/dict project/e-certify/e-certify/vendor/laravel/framework/src/Illuminate/Pipeline/Pipeline.php(219): Illuminate/Http/Middleware/TrustProxies->handle()
#54 C:/dict project/e-certify/e-certify/vendor/laravel/framework/src/Illuminate/Foundation/Http/Middleware/InvokeDeferredCallbacks.php(22): Illuminate/Pipeline/Pipeline->{closure:{closure:Illuminate/Pipeline/Pipeline::carry():194}:195}()
#55 C:/dict project/e-certify/e-certify/vendor/laravel/framework/src/Illuminate/Pipeline/Pipeline.php(219): Illuminate/Foundation/Http/Middleware/InvokeDeferredCallbacks->handle()
#56 C:/dict project/e-certify/e-certify/vendor/laravel/framework/src/Illuminate/Http/Middleware/ValidatePathEncoding.php(26): Illuminate/Pipeline/Pipeline->{closure:{closure:Illuminate/Pipeline/Pipeline::carry():194}:195}()
#57 C:/dict project/e-certify/e-certify/vendor/laravel/framework/src/Illuminate/Pipeline/Pipeline.php(219): Illuminate/Http/Middleware/ValidatePathEncoding->handle()
#58 C:/dict project/e-certify/e-certify/vendor/laravel/framework/src/Illuminate/Pipeline/Pipeline.php(137): Illuminate/Pipeline/Pipeline->{closure:{closure:Illuminate/Pipeline/Pipeline::carry():194}:195}()
#59 C:/dict project/e-certify/e-certify/vendor/laravel/framework/src/Illuminate/Foundation/Http/Kernel.php(175): Illuminate/Pipeline/Pipeline->then()
#60 C:/dict project/e-certify/e-certify/vendor/laravel/framework/src/Illuminate/Foundation/Http/Kernel.php(144): Illuminate/Foundation/Http/Kernel->sendRequestThroughRouter()
#61 C:/dict project/e-certify/e-certify/vendor/laravel/framework/src/Illuminate/Foundation/Application.php(1220): Illuminate/Foundation/Http/Kernel->handle()
#62 C:/dict project/e-certify/e-certify/public/index.php(20): Illuminate/Foundation/Application->handleRequest()
#63 C:/dict project/e-certify/e-certify/vendor/laravel/framework/src/Illuminate/Foundation/resources/server.php(23): require_once('...')
#64 {main}

[previous exception] [object] (UnhandledMatchError(code: 0): Unhandled match case of type string at C:/dict project/e-certify/e-certify/storage/framework/views/e6809854e0a7e509f996a3b84b7c71bb.php:121)
[stacktrace]
#0 C:/dict project/e-certify/e-certify/storage/framework/views/40c03e51ad64bb1070b46c79fb82f625.php(61): _e6809854e0a7e509f996a3b84b7c71bb()
#1 C:/dict project/e-certify/e-certify/vendor/laravel/framework/src/Illuminate/Filesystem/Filesystem.php(123): require('...')
#2 C:/dict project/e-certify/e-certify/vendor/laravel/framework/src/Illuminate/Filesystem/Filesystem.php(124): Illuminate/Filesystem/Filesystem::{closure:Illuminate/Filesystem/Filesystem::getRequire():120}()
#3 C:/dict project/e-certify/e-certify/vendor/laravel/framework/src/Illuminate/View/Engines/PhpEngine.php(57): Illuminate/Filesystem/Filesystem->getRequire()
#4 C:/dict project/e-certify/e-certify/vendor/livewire/livewire/src/Mechanisms/ExtendBlade/ExtendedCompilerEngine.php(22): Illuminate/View/Engines/PhpEngine->evaluatePath()
#5 C:/dict project/e-certify/e-certify/vendor/laravel/framework/src/Illuminate/View/Engines/CompilerEngine.php(76): Livewire/Mechanisms/ExtendBlade/ExtendedCompilerEngine->evaluatePath()
#6 C:/dict project/e-certify/e-certify/vendor/livewire/livewire/src/Mechanisms/ExtendBlade/ExtendedCompilerEngine.php(10): Illuminate/View/Engines/CompilerEngine->get()
#7 C:/dict project/e-certify/e-certify/vendor/laravel/framework/src/Illuminate/View/View.php(208): Livewire/Mechanisms/ExtendBlade/ExtendedCompilerEngine->get()
#8 C:/dict project/e-certify/e-certify/vendor/laravel/framework/src/Illuminate/View/View.php(191): Illuminate/View/View->getContents()
#9 C:/dict project/e-certify/e-certify/vendor/laravel/framework/src/Illuminate/View/View.php(160): Illuminate/View/View->renderContents()
#10 C:/dict project/e-certify/e-certify/vendor/laravel/framework/src/Illuminate/Http/Response.php(78): Illuminate/View/View->render()
#11 C:/dict project/e-certify/e-certify/vendor/laravel/framework/src/Illuminate/Http/Response.php(34): Illuminate/Http/Response->setContent()
#12 C:/dict project/e-certify/e-certify/vendor/laravel/framework/src/Illuminate/Routing/Router.php(939): Illuminate/Http/Response->__construct()
#13 C:/dict project/e-certify/e-certify/vendor/laravel/framework/src/Illuminate/Routing/Router.php(906): Illuminate/Routing/Router::toResponse()
#14 C:/dict project/e-certify/e-certify/vendor/laravel/framework/src/Illuminate/Routing/Router.php(821): Illuminate/Routing/Router->prepareResponse()
#15 C:/dict project/e-certify/e-certify/vendor/laravel/framework/src/Illuminate/Pipeline/Pipeline.php(180): Illuminate/Routing/Router->{closure:Illuminate/Routing/Router::runRouteWithinStack():821}()
#16 C:/dict project/e-certify/e-certify/vendor/laravel/boost/src/Middleware/InjectBoost.php(22): Illuminate/Pipeline/Pipeline->{closure:Illuminate/Pipeline/Pipeline::prepareDestination():178}()
#17 C:/dict project/e-certify/e-certify/vendor/laravel/framework/src/Illuminate/Pipeline/Pipeline.php(219): Laravel/Boost/Middleware/InjectBoost->handle()
#18 C:/dict project/e-certify/e-certify/vendor/laravel/framework/src/Illuminate/Routing/Middleware/SubstituteBindings.php(50): Illuminate/Pipeline/Pipeline->{closure:{closure:Illuminate/Pipeline/Pipeline::carry():194}:195}()
#19 C:/dict project/e-certify/e-certify/vendor/laravel/framework/src/Illuminate/Pipeline/Pipeline.php(219): Illuminate/Routing/Middleware/SubstituteBindings->handle()
#20 C:/dict project/e-certify/e-certify/vendor/laravel/framework/src/Illuminate/Auth/Middleware/Authenticate.php(63): Illuminate/Pipeline/Pipeline->{closure:{closure:Illuminate/Pipeline/Pipeline::carry():194}:195}()
#21 C:/dict project/e-certify/e-certify/vendor/laravel/framework/src/Illuminate/Pipeline/Pipeline.php(219): Illuminate/Auth/Middleware/Authenticate->handle()
#22 C:/dict project/e-certify/e-certify/vendor/laravel/framework/src/Illuminate/Foundation/Http/Middleware/VerifyCsrfToken.php(87): Illuminate/Pipeline/Pipeline->{closure:{closure:Illuminate/Pipeline/Pipeline::carry():194}:195}()
#23 C:/dict project/e-certify/e-certify/vendor/laravel/framework/src/Illuminate/Pipeline/Pipeline.php(219): Illuminate/Foundation/Http/Middleware/VerifyCsrfToken->handle()
#24 C:/dict project/e-certify/e-certify/vendor/laravel/framework/src/Illuminate/View/Middleware/ShareErrorsFromSession.php(48): Illuminate/Pipeline/Pipeline->{closure:{closure:Illuminate/Pipeline/Pipeline::carry():194}:195}()
#25 C:/dict project/e-certify/e-certify/vendor/laravel/framework/src/Illuminate/Pipeline/Pipeline.php(219): Illuminate/View/Middleware/ShareErrorsFromSession->handle()
#26 C:/dict project/e-certify/e-certify/vendor/laravel/framework/src/Illuminate/Session/Middleware/StartSession.php(120): Illuminate/Pipeline/Pipeline->{closure:{closure:Illuminate/Pipeline/Pipeline::carry():194}:195}()
#27 C:/dict project/e-certify/e-certify/vendor/laravel/framework/src/Illuminate/Session/Middleware/StartSession.php(63): Illuminate/Session/Middleware/StartSession->handleStatefulRequest()
#28 C:/dict project/e-certify/e-certify/vendor/laravel/framework/src/Illuminate/Pipeline/Pipeline.php(219): Illuminate/Session/Middleware/StartSession->handle()
#29 C:/dict project/e-certify/e-certify/vendor/laravel/framework/src/Illuminate/Cookie/Middleware/AddQueuedCookiesToResponse.php(36): Illuminate/Pipeline/Pipeline->{closure:{closure:Illuminate/Pipeline/Pipeline::carry():194}:195}()
#30 C:/dict project/e-certify/e-certify/vendor/laravel/framework/src/Illuminate/Pipeline/Pipeline.php(219): Illuminate/Cookie/Middleware/AddQueuedCookiesToResponse->handle()
#31 C:/dict project/e-certify/e-certify/vendor/laravel/framework/src/Illuminate/Cookie/Middleware/EncryptCookies.php(74): Illuminate/Pipeline/Pipeline->{closure:{closure:Illuminate/Pipeline/Pipeline::carry():194}:195}()
#32 C:/dict project/e-certify/e-certify/vendor/laravel/framework/src/Illuminate/Pipeline/Pipeline.php(219): Illuminate/Cookie/Middleware/EncryptCookies->handle()
#33 C:/dict project/e-certify/e-certify/vendor/laravel/framework/src/Illuminate/Pipeline/Pipeline.php(137): Illuminate/Pipeline/Pipeline->{closure:{closure:Illuminate/Pipeline/Pipeline::carry():194}:195}()
#34 C:/dict project/e-certify/e-certify/vendor/laravel/framework/src/Illuminate/Routing/Router.php(821): Illuminate/Pipeline/Pipeline->then()
#35 C:/dict project/e-certify/e-certify/vendor/laravel/framework/src/Illuminate/Routing/Router.php(800): Illuminate/Routing/Router->runRouteWithinStack()
#36 C:/dict project/e-certify/e-certify/vendor/laravel/framework/src/Illuminate/Routing/Router.php(764): Illuminate/Routing/Router->runRoute()
#37 C:/dict project/e-certify/e-certify/vendor/laravel/framework/src/Illuminate/Routing/Router.php(753): Illuminate/Routing/Router->dispatchToRoute()
#38 C:/dict project/e-certify/e-certify/vendor/laravel/framework/src/Illuminate/Foundation/Http/Kernel.php(200): Illuminate/Routing/Router->dispatch()
#39 C:/dict project/e-certify/e-certify/vendor/laravel/framework/src/Illuminate/Pipeline/Pipeline.php(180): Illuminate/Foundation/Http/Kernel->{closure:Illuminate/Foundation/Http/Kernel::dispatchToRouter():197}()
#40 C:/dict project/e-certify/e-certify/vendor/livewire/livewire/src/Features/SupportDisablingBackButtonCache/DisableBackButtonCacheMiddleware.php(19): Illuminate/Pipeline/Pipeline->{closure:Illuminate/Pipeline/Pipeline::prepareDestination():178}()
#41 C:/dict project/e-certify/e-certify/vendor/laravel/framework/src/Illuminate/Pipeline/Pipeline.php(219): Livewire/Features/SupportDisablingBackButtonCache/DisableBackButtonCacheMiddleware->handle()
#42 C:/dict project/e-certify/e-certify/vendor/laravel/framework/src/Illuminate/Foundation/Http/Middleware/TransformsRequest.php(21): Illuminate/Pipeline/Pipeline->{closure:{closure:Illuminate/Pipeline/Pipeline::carry():194}:195}()
#43 C:/dict project/e-certify/e-certify/vendor/laravel/framework/src/Illuminate/Foundation/Http/Middleware/ConvertEmptyStringsToNull.php(31): Illuminate/Foundation/Http/Middleware/TransformsRequest->handle()
#44 C:/dict project/e-certify/e-certify/vendor/laravel/framework/src/Illuminate/Pipeline/Pipeline.php(219): Illuminate/Foundation/Http/Middleware/ConvertEmptyStringsToNull->handle()
#45 C:/dict project/e-certify/e-certify/vendor/laravel/framework/src/Illuminate/Foundation/Http/Middleware/TransformsRequest.php(21): Illuminate/Pipeline/Pipeline->{closure:{closure:Illuminate/Pipeline/Pipeline::carry():194}:195}()
#46 C:/dict project/e-certify/e-certify/vendor/laravel/framework/src/Illuminate/Foundation/Http/Middleware/TrimStrings.php(51): Illuminate/Foundation/Http/Middleware/TransformsRequest->handle()
#47 C:/dict project/e-certify/e-certify/vendor/laravel/framework/src/Illuminate/Pipeline/Pipeline.php(219): Illuminate/Foundation/Http/Middleware/TrimStrings->handle()
#48 C:/dict project/e-certify/e-certify/vendor/laravel/framework/src/Illuminate/Http/Middleware/ValidatePostSize.php(27): Illuminate/Pipeline/Pipeline->{closure:{closure:Illuminate/Pipeline/Pipeline::carry():194}:195}()
#49 C:/dict project/e-certify/e-certify/vendor/laravel/framework/src/Illuminate/Pipeline/Pipeline.php(219): Illuminate/Http/Middleware/ValidatePostSize->handle()
#50 C:/dict project/e-certify/e-certify/vendor/laravel/framework/src/Illuminate/Foundation/Http/Middleware/PreventRequestsDuringMaintenance.php(109): Illuminate/Pipeline/Pipeline->{closure:{closure:Illuminate/Pipeline/Pipeline::carry():194}:195}()
#51 C:/dict project/e-certify/e-certify/vendor/laravel/framework/src/Illuminate/Pipeline/Pipeline.php(219): Illuminate/Foundation/Http/Middleware/PreventRequestsDuringMaintenance->handle()
#52 C:/dict project/e-certify/e-certify/vendor/laravel/framework/src/Illuminate/Http/Middleware/HandleCors.php(61): Illuminate/Pipeline/Pipeline->{closure:{closure:Illuminate/Pipeline/Pipeline::carry():194}:195}()
#53 C:/dict project/e-certify/e-certify/vendor/laravel/framework/src/Illuminate/Pipeline/Pipeline.php(219): Illuminate/Http/Middleware/HandleCors->handle()
#54 C:/dict project/e-certify/e-certify/vendor/laravel/framework/src/Illuminate/Http/Middleware/TrustProxies.php(58): Illuminate/Pipeline/Pipeline->{closure:{closure:Illuminate/Pipeline/Pipeline::carry():194}:195}()
#55 C:/dict project/e-certify/e-certify/vendor/laravel/framework/src/Illuminate/Pipeline/Pipeline.php(219): Illuminate/Http/Middleware/TrustProxies->handle()
#56 C:/dict project/e-certify/e-certify/vendor/laravel/framework/src/Illuminate/Foundation/Http/Middleware/InvokeDeferredCallbacks.php(22): Illuminate/Pipeline/Pipeline->{closure:{closure:Illuminate/Pipeline/Pipeline::carry():194}:195}()
#57 C:/dict project/e-certify/e-certify/vendor/laravel/framework/src/Illuminate/Pipeline/Pipeline.php(219): Illuminate/Foundation/Http/Middleware/InvokeDeferredCallbacks->handle()
#58 C:/dict project/e-certify/e-certify/vendor/laravel/framework/src/Illuminate/Http/Middleware/ValidatePathEncoding.php(26): Illuminate/Pipeline/Pipeline->{closure:{closure:Illuminate/Pipeline/Pipeline::carry():194}:195}()
#59 C:/dict project/e-certify/e-certify/vendor/laravel/framework/src/Illuminate/Pipeline/Pipeline.php(219): Illuminate/Http/Middleware/ValidatePathEncoding->handle()
#60 C:/dict project/e-certify/e-certify/vendor/laravel/framework/src/Illuminate/Pipeline/Pipeline.php(137): Illuminate/Pipeline/Pipeline->{closure:{closure:Illuminate/Pipeline/Pipeline::carry():194}:195}()
#61 C:/dict project/e-certify/e-certify/vendor/laravel/framework/src/Illuminate/Foundation/Http/Kernel.php(175): Illuminate/Pipeline/Pipeline->then()
#62 C:/dict project/e-certify/e-certify/vendor/laravel/framework/src/Illuminate/Foundation/Http/Kernel.php(144): Illuminate/Foundation/Http/Kernel->sendRequestThroughRouter()
#63 C:/dict project/e-certify/e-certify/vendor/laravel/framework/src/Illuminate/Foundation/Application.php(1220): Illuminate/Foundation/Http/Kernel->handle()
#64 C:/dict project/e-certify/e-certify/public/index.php(20): Illuminate/Foundation/Application->handleRequest()
#65 C:/dict project/e-certify/e-certify/vendor/laravel/framework/src/Illuminate/Foundation/resources/server.php(23): require_once('...')
#66 {main}
"} 
[2026-03-10 07:38:59] local.ERROR: Unhandled match case of type string (View: C:\dict project\e-certify\e-certify\resources\views\livewire\auth\verify-email.blade.php) {"userId":9,"exception":"[object] (Illuminate\\View\\ViewException(code: 0): Unhandled match case of type string (View: C:\\dict project\\e-certify\\e-certify\\resources\\views\\livewire\\auth\\verify-email.blade.php) at C:/dict project/e-certify/e-certify/storage/framework/views/e6809854e0a7e509f996a3b84b7c71bb.php:121)
[stacktrace]
#0 C:/dict project/e-certify/e-certify/vendor/livewire/livewire/src/Mechanisms/ExtendBlade/ExtendedCompilerEngine.php(58): Illuminate/View/Engines/CompilerEngine->handleViewException()
#1 C:/dict project/e-certify/e-certify/vendor/laravel/framework/src/Illuminate/View/Engines/PhpEngine.php(59): Livewire/Mechanisms/ExtendBlade/ExtendedCompilerEngine->handleViewException()
#2 C:/dict project/e-certify/e-certify/vendor/livewire/livewire/src/Mechanisms/ExtendBlade/ExtendedCompilerEngine.php(22): Illuminate/View/Engines/PhpEngine->evaluatePath()
#3 C:/dict project/e-certify/e-certify/vendor/laravel/framework/src/Illuminate/View/Engines/CompilerEngine.php(76): Livewire/Mechanisms/ExtendBlade/ExtendedCompilerEngine->evaluatePath()
#4 C:/dict project/e-certify/e-certify/vendor/livewire/livewire/src/Mechanisms/ExtendBlade/ExtendedCompilerEngine.php(10): Illuminate/View/Engines/CompilerEngine->get()
#5 C:/dict project/e-certify/e-certify/vendor/laravel/framework/src/Illuminate/View/View.php(208): Livewire/Mechanisms/ExtendBlade/ExtendedCompilerEngine->get()
#6 C:/dict project/e-certify/e-certify/vendor/laravel/framework/src/Illuminate/View/View.php(191): Illuminate/View/View->getContents()
#7 C:/dict project/e-certify/e-certify/vendor/laravel/framework/src/Illuminate/View/View.php(160): Illuminate/View/View->renderContents()
#8 C:/dict project/e-certify/e-certify/vendor/laravel/framework/src/Illuminate/Http/Response.php(78): Illuminate/View/View->render()
#9 C:/dict project/e-certify/e-certify/vendor/laravel/framework/src/Illuminate/Http/Response.php(34): Illuminate/Http/Response->setContent()
#10 C:/dict project/e-certify/e-certify/vendor/laravel/framework/src/Illuminate/Routing/Router.php(939): Illuminate/Http/Response->__construct()
#11 C:/dict project/e-certify/e-certify/vendor/laravel/framework/src/Illuminate/Routing/Router.php(906): Illuminate/Routing/Router::toResponse()
#12 C:/dict project/e-certify/e-certify/vendor/laravel/framework/src/Illuminate/Routing/Router.php(821): Illuminate/Routing/Router->prepareResponse()
#13 C:/dict project/e-certify/e-certify/vendor/laravel/framework/src/Illuminate/Pipeline/Pipeline.php(180): Illuminate/Routing/Router->{closure:Illuminate/Routing/Router::runRouteWithinStack():821}()
#14 C:/dict project/e-certify/e-certify/vendor/laravel/boost/src/Middleware/InjectBoost.php(22): Illuminate/Pipeline/Pipeline->{closure:Illuminate/Pipeline/Pipeline::prepareDestination():178}()
#15 C:/dict project/e-certify/e-certify/vendor/laravel/framework/src/Illuminate/Pipeline/Pipeline.php(219): Laravel/Boost/Middleware/InjectBoost->handle()
#16 C:/dict project/e-certify/e-certify/vendor/laravel/framework/src/Illuminate/Routing/Middleware/SubstituteBindings.php(50): Illuminate/Pipeline/Pipeline->{closure:{closure:Illuminate/Pipeline/Pipeline::carry():194}:195}()
#17 C:/dict project/e-certify/e-certify/vendor/laravel/framework/src/Illuminate/Pipeline/Pipeline.php(219): Illuminate/Routing/Middleware/SubstituteBindings->handle()
#18 C:/dict project/e-certify/e-certify/vendor/laravel/framework/src/Illuminate/Auth/Middleware/Authenticate.php(63): Illuminate/Pipeline/Pipeline->{closure:{closure:Illuminate/Pipeline/Pipeline::carry():194}:195}()
#19 C:/dict project/e-certify/e-certify/vendor/laravel/framework/src/Illuminate/Pipeline/Pipeline.php(219): Illuminate/Auth/Middleware/Authenticate->handle()
#20 C:/dict project/e-certify/e-certify/vendor/laravel/framework/src/Illuminate/Foundation/Http/Middleware/VerifyCsrfToken.php(87): Illuminate/Pipeline/Pipeline->{closure:{closure:Illuminate/Pipeline/Pipeline::carry():194}:195}()
#21 C:/dict project/e-certify/e-certify/vendor/laravel/framework/src/Illuminate/Pipeline/Pipeline.php(219): Illuminate/Foundation/Http/Middleware/VerifyCsrfToken->handle()
#22 C:/dict project/e-certify/e-certify/vendor/laravel/framework/src/Illuminate/View/Middleware/ShareErrorsFromSession.php(48): Illuminate/Pipeline/Pipeline->{closure:{closure:Illuminate/Pipeline/Pipeline::carry():194}:195}()
#23 C:/dict project/e-certify/e-certify/vendor/laravel/framework/src/Illuminate/Pipeline/Pipeline.php(219): Illuminate/View/Middleware/ShareErrorsFromSession->handle()
#24 C:/dict project/e-certify/e-certify/vendor/laravel/framework/src/Illuminate/Session/Middleware/StartSession.php(120): Illuminate/Pipeline/Pipeline->{closure:{closure:Illuminate/Pipeline/Pipeline::carry():194}:195}()
#25 C:/dict project/e-certify/e-certify/vendor/laravel/framework/src/Illuminate/Session/Middleware/StartSession.php(63): Illuminate/Session/Middleware/StartSession->handleStatefulRequest()
#26 C:/dict project/e-certify/e-certify/vendor/laravel/framework/src/Illuminate/Pipeline/Pipeline.php(219): Illuminate/Session/Middleware/StartSession->handle()
#27 C:/dict project/e-certify/e-certify/vendor/laravel/framework/src/Illuminate/Cookie/Middleware/AddQueuedCookiesToResponse.php(36): Illuminate/Pipeline/Pipeline->{closure:{closure:Illuminate/Pipeline/Pipeline::carry():194}:195}()
#28 C:/dict project/e-certify/e-certify/vendor/laravel/framework/src/Illuminate/Pipeline/Pipeline.php(219): Illuminate/Cookie/Middleware/AddQueuedCookiesToResponse->handle()
#29 C:/dict project/e-certify/e-certify/vendor/laravel/framework/src/Illuminate/Cookie/Middleware/EncryptCookies.php(74): Illuminate/Pipeline/Pipeline->{closure:{closure:Illuminate/Pipeline/Pipeline::carry():194}:195}()
#30 C:/dict project/e-certify/e-certify/vendor/laravel/framework/src/Illuminate/Pipeline/Pipeline.php(219): Illuminate/Cookie/Middleware/EncryptCookies->handle()
#31 C:/dict project/e-certify/e-certify/vendor/laravel/framework/src/Illuminate/Pipeline/Pipeline.php(137): Illuminate/Pipeline/Pipeline->{closure:{closure:Illuminate/Pipeline/Pipeline::carry():194}:195}()
#32 C:/dict project/e-certify/e-certify/vendor/laravel/framework/src/Illuminate/Routing/Router.php(821): Illuminate/Pipeline/Pipeline->then()
#33 C:/dict project/e-certify/e-certify/vendor/laravel/framework/src/Illuminate/Routing/Router.php(800): Illuminate/Routing/Router->runRouteWithinStack()
#34 C:/dict project/e-certify/e-certify/vendor/laravel/framework/src/Illuminate/Routing/Router.php(764): Illuminate/Routing/Router->runRoute()
#35 C:/dict project/e-certify/e-certify/vendor/laravel/framework/src/Illuminate/Routing/Router.php(753): Illuminate/Routing/Router->dispatchToRoute()
#36 C:/dict project/e-certify/e-certify/vendor/laravel/framework/src/Illuminate/Foundation/Http/Kernel.php(200): Illuminate/Routing/Router->dispatch()
#37 C:/dict project/e-certify/e-certify/vendor/laravel/framework/src/Illuminate/Pipeline/Pipeline.php(180): Illuminate/Foundation/Http/Kernel->{closure:Illuminate/Foundation/Http/Kernel::dispatchToRouter():197}()
#38 C:/dict project/e-certify/e-certify/vendor/livewire/livewire/src/Features/SupportDisablingBackButtonCache/DisableBackButtonCacheMiddleware.php(19): Illuminate/Pipeline/Pipeline->{closure:Illuminate/Pipeline/Pipeline::prepareDestination():178}()
#39 C:/dict project/e-certify/e-certify/vendor/laravel/framework/src/Illuminate/Pipeline/Pipeline.php(219): Livewire/Features/SupportDisablingBackButtonCache/DisableBackButtonCacheMiddleware->handle()
#40 C:/dict project/e-certify/e-certify/vendor/laravel/framework/src/Illuminate/Foundation/Http/Middleware/TransformsRequest.php(21): Illuminate/Pipeline/Pipeline->{closure:{closure:Illuminate/Pipeline/Pipeline::carry():194}:195}()
#41 C:/dict project/e-certify/e-certify/vendor/laravel/framework/src/Illuminate/Foundation/Http/Middleware/ConvertEmptyStringsToNull.php(31): Illuminate/Foundation/Http/Middleware/TransformsRequest->handle()
#42 C:/dict project/e-certify/e-certify/vendor/laravel/framework/src/Illuminate/Pipeline/Pipeline.php(219): Illuminate/Foundation/Http/Middleware/ConvertEmptyStringsToNull->handle()
#43 C:/dict project/e-certify/e-certify/vendor/laravel/framework/src/Illuminate/Foundation/Http/Middleware/TransformsRequest.php(21): Illuminate/Pipeline/Pipeline->{closure:{closure:Illuminate/Pipeline/Pipeline::carry():194}:195}()
#44 C:/dict project/e-certify/e-certify/vendor/laravel/framework/src/Illuminate/Foundation/Http/Middleware/TrimStrings.php(51): Illuminate/Foundation/Http/Middleware/TransformsRequest->handle()
#45 C:/dict project/e-certify/e-certify/vendor/laravel/framework/src/Illuminate/Pipeline/Pipeline.php(219): Illuminate/Foundation/Http/Middleware/TrimStrings->handle()
#46 C:/dict project/e-certify/e-certify/vendor/laravel/framework/src/Illuminate/Http/Middleware/ValidatePostSize.php(27): Illuminate/Pipeline/Pipeline->{closure:{closure:Illuminate/Pipeline/Pipeline::carry():194}:195}()
#47 C:/dict project/e-certify/e-certify/vendor/laravel/framework/src/Illuminate/Pipeline/Pipeline.php(219): Illuminate/Http/Middleware/ValidatePostSize->handle()
#48 C:/dict project/e-certify/e-certify/vendor/laravel/framework/src/Illuminate/Foundation/Http/Middleware/PreventRequestsDuringMaintenance.php(109): Illuminate/Pipeline/Pipeline->{closure:{closure:Illuminate/Pipeline/Pipeline::carry():194}:195}()
#49 C:/dict project/e-certify/e-certify/vendor/laravel/framework/src/Illuminate/Pipeline/Pipeline.php(219): Illuminate/Foundation/Http/Middleware/PreventRequestsDuringMaintenance->handle()
#50 C:/dict project/e-certify/e-certify/vendor/laravel/framework/src/Illuminate/Http/Middleware/HandleCors.php(61): Illuminate/Pipeline/Pipeline->{closure:{closure:Illuminate/Pipeline/Pipeline::carry():194}:195}()
#51 C:/dict project/e-certify/e-certify/vendor/laravel/framework/src/Illuminate/Pipeline/Pipeline.php(219): Illuminate/Http/Middleware/HandleCors->handle()
#52 C:/dict project/e-certify/e-certify/vendor/laravel/framework/src/Illuminate/Http/Middleware/TrustProxies.php(58): Illuminate/Pipeline/Pipeline->{closure:{closure:Illuminate/Pipeline/Pipeline::carry():194}:195}()
#53 C:/dict project/e-certify/e-certify/vendor/laravel/framework/src/Illuminate/Pipeline/Pipeline.php(219): Illuminate/Http/Middleware/TrustProxies->handle()
#54 C:/dict project/e-certify/e-certify/vendor/laravel/framework/src/Illuminate/Foundation/Http/Middleware/InvokeDeferredCallbacks.php(22): Illuminate/Pipeline/Pipeline->{closure:{closure:Illuminate/Pipeline/Pipeline::carry():194}:195}()
#55 C:/dict project/e-certify/e-certify/vendor/laravel/framework/src/Illuminate/Pipeline/Pipeline.php(219): Illuminate/Foundation/Http/Middleware/InvokeDeferredCallbacks->handle()
#56 C:/dict project/e-certify/e-certify/vendor/laravel/framework/src/Illuminate/Http/Middleware/ValidatePathEncoding.php(26): Illuminate/Pipeline/Pipeline->{closure:{closure:Illuminate/Pipeline/Pipeline::carry():194}:195}()
#57 C:/dict project/e-certify/e-certify/vendor/laravel/framework/src/Illuminate/Pipeline/Pipeline.php(219): Illuminate/Http/Middleware/ValidatePathEncoding->handle()
#58 C:/dict project/e-certify/e-certify/vendor/laravel/framework/src/Illuminate/Pipeline/Pipeline.php(137): Illuminate/Pipeline/Pipeline->{closure:{closure:Illuminate/Pipeline/Pipeline::carry():194}:195}()
#59 C:/dict project/e-certify/e-certify/vendor/laravel/framework/src/Illuminate/Foundation/Http/Kernel.php(175): Illuminate/Pipeline/Pipeline->then()
#60 C:/dict project/e-certify/e-certify/vendor/laravel/framework/src/Illuminate/Foundation/Http/Kernel.php(144): Illuminate/Foundation/Http/Kernel->sendRequestThroughRouter()
#61 C:/dict project/e-certify/e-certify/vendor/laravel/framework/src/Illuminate/Foundation/Application.php(1220): Illuminate/Foundation/Http/Kernel->handle()
#62 C:/dict project/e-certify/e-certify/public/index.php(20): Illuminate/Foundation/Application->handleRequest()
#63 C:/dict project/e-certify/e-certify/vendor/laravel/framework/src/Illuminate/Foundation/resources/server.php(23): require_once('...')
#64 {main}

[previous exception] [object] (UnhandledMatchError(code: 0): Unhandled match case of type string at C:/dict project/e-certify/e-certify/storage/framework/views/e6809854e0a7e509f996a3b84b7c71bb.php:121)
[stacktrace]
#0 C:/dict project/e-certify/e-certify/storage/framework/views/40c03e51ad64bb1070b46c79fb82f625.php(61): _e6809854e0a7e509f996a3b84b7c71bb()
#1 C:/dict project/e-certify/e-certify/vendor/laravel/framework/src/Illuminate/Filesystem/Filesystem.php(123): require('...')
#2 C:/dict project/e-certify/e-certify/vendor/laravel/framework/src/Illuminate/Filesystem/Filesystem.php(124): Illuminate/Filesystem/Filesystem::{closure:Illuminate/Filesystem/Filesystem::getRequire():120}()
#3 C:/dict project/e-certify/e-certify/vendor/laravel/framework/src/Illuminate/View/Engines/PhpEngine.php(57): Illuminate/Filesystem/Filesystem->getRequire()
#4 C:/dict project/e-certify/e-certify/vendor/livewire/livewire/src/Mechanisms/ExtendBlade/ExtendedCompilerEngine.php(22): Illuminate/View/Engines/PhpEngine->evaluatePath()
#5 C:/dict project/e-certify/e-certify/vendor/laravel/framework/src/Illuminate/View/Engines/CompilerEngine.php(76): Livewire/Mechanisms/ExtendBlade/ExtendedCompilerEngine->evaluatePath()
#6 C:/dict project/e-certify/e-certify/vendor/livewire/livewire/src/Mechanisms/ExtendBlade/ExtendedCompilerEngine.php(10): Illuminate/View/Engines/CompilerEngine->get()
#7 C:/dict project/e-certify/e-certify/vendor/laravel/framework/src/Illuminate/View/View.php(208): Livewire/Mechanisms/ExtendBlade/ExtendedCompilerEngine->get()
#8 C:/dict project/e-certify/e-certify/vendor/laravel/framework/src/Illuminate/View/View.php(191): Illuminate/View/View->getContents()
#9 C:/dict project/e-certify/e-certify/vendor/laravel/framework/src/Illuminate/View/View.php(160): Illuminate/View/View->renderContents()
#10 C:/dict project/e-certify/e-certify/vendor/laravel/framework/src/Illuminate/Http/Response.php(78): Illuminate/View/View->render()
#11 C:/dict project/e-certify/e-certify/vendor/laravel/framework/src/Illuminate/Http/Response.php(34): Illuminate/Http/Response->setContent()
#12 C:/dict project/e-certify/e-certify/vendor/laravel/framework/src/Illuminate/Routing/Router.php(939): Illuminate/Http/Response->__construct()
#13 C:/dict project/e-certify/e-certify/vendor/laravel/framework/src/Illuminate/Routing/Router.php(906): Illuminate/Routing/Router::toResponse()
#14 C:/dict project/e-certify/e-certify/vendor/laravel/framework/src/Illuminate/Routing/Router.php(821): Illuminate/Routing/Router->prepareResponse()
#15 C:/dict project/e-certify/e-certify/vendor/laravel/framework/src/Illuminate/Pipeline/Pipeline.php(180): Illuminate/Routing/Router->{closure:Illuminate/Routing/Router::runRouteWithinStack():821}()
#16 C:/dict project/e-certify/e-certify/vendor/laravel/boost/src/Middleware/InjectBoost.php(22): Illuminate/Pipeline/Pipeline->{closure:Illuminate/Pipeline/Pipeline::prepareDestination():178}()
#17 C:/dict project/e-certify/e-certify/vendor/laravel/framework/src/Illuminate/Pipeline/Pipeline.php(219): Laravel/Boost/Middleware/InjectBoost->handle()
#18 C:/dict project/e-certify/e-certify/vendor/laravel/framework/src/Illuminate/Routing/Middleware/SubstituteBindings.php(50): Illuminate/Pipeline/Pipeline->{closure:{closure:Illuminate/Pipeline/Pipeline::carry():194}:195}()
#19 C:/dict project/e-certify/e-certify/vendor/laravel/framework/src/Illuminate/Pipeline/Pipeline.php(219): Illuminate/Routing/Middleware/SubstituteBindings->handle()
#20 C:/dict project/e-certify/e-certify/vendor/laravel/framework/src/Illuminate/Auth/Middleware/Authenticate.php(63): Illuminate/Pipeline/Pipeline->{closure:{closure:Illuminate/Pipeline/Pipeline::carry():194}:195}()
#21 C:/dict project/e-certify/e-certify/vendor/laravel/framework/src/Illuminate/Pipeline/Pipeline.php(219): Illuminate/Auth/Middleware/Authenticate->handle()
#22 C:/dict project/e-certify/e-certify/vendor/laravel/framework/src/Illuminate/Foundation/Http/Middleware/VerifyCsrfToken.php(87): Illuminate/Pipeline/Pipeline->{closure:{closure:Illuminate/Pipeline/Pipeline::carry():194}:195}()
#23 C:/dict project/e-certify/e-certify/vendor/laravel/framework/src/Illuminate/Pipeline/Pipeline.php(219): Illuminate/Foundation/Http/Middleware/VerifyCsrfToken->handle()
#24 C:/dict project/e-certify/e-certify/vendor/laravel/framework/src/Illuminate/View/Middleware/ShareErrorsFromSession.php(48): Illuminate/Pipeline/Pipeline->{closure:{closure:Illuminate/Pipeline/Pipeline::carry():194}:195}()
#25 C:/dict project/e-certify/e-certify/vendor/laravel/framework/src/Illuminate/Pipeline/Pipeline.php(219): Illuminate/View/Middleware/ShareErrorsFromSession->handle()
#26 C:/dict project/e-certify/e-certify/vendor/laravel/framework/src/Illuminate/Session/Middleware/StartSession.php(120): Illuminate/Pipeline/Pipeline->{closure:{closure:Illuminate/Pipeline/Pipeline::carry():194}:195}()
#27 C:/dict project/e-certify/e-certify/vendor/laravel/framework/src/Illuminate/Session/Middleware/StartSession.php(63): Illuminate/Session/Middleware/StartSession->handleStatefulRequest()
#28 C:/dict project/e-certify/e-certify/vendor/laravel/framework/src/Illuminate/Pipeline/Pipeline.php(219): Illuminate/Session/Middleware/StartSession->handle()
#29 C:/dict project/e-certify/e-certify/vendor/laravel/framework/src/Illuminate/Cookie/Middleware/AddQueuedCookiesToResponse.php(36): Illuminate/Pipeline/Pipeline->{closure:{closure:Illuminate/Pipeline/Pipeline::carry():194}:195}()
#30 C:/dict project/e-certify/e-certify/vendor/laravel/framework/src/Illuminate/Pipeline/Pipeline.php(219): Illuminate/Cookie/Middleware/AddQueuedCookiesToResponse->handle()
#31 C:/dict project/e-certify/e-certify/vendor/laravel/framework/src/Illuminate/Cookie/Middleware/EncryptCookies.php(74): Illuminate/Pipeline/Pipeline->{closure:{closure:Illuminate/Pipeline/Pipeline::carry():194}:195}()
#32 C:/dict project/e-certify/e-certify/vendor/laravel/framework/src/Illuminate/Pipeline/Pipeline.php(219): Illuminate/Cookie/Middleware/EncryptCookies->handle()
#33 C:/dict project/e-certify/e-certify/vendor/laravel/framework/src/Illuminate/Pipeline/Pipeline.php(137): Illuminate/Pipeline/Pipeline->{closure:{closure:Illuminate/Pipeline/Pipeline::carry():194}:195}()
#34 C:/dict project/e-certify/e-certify/vendor/laravel/framework/src/Illuminate/Routing/Router.php(821): Illuminate/Pipeline/Pipeline->then()
#35 C:/dict project/e-certify/e-certify/vendor/laravel/framework/src/Illuminate/Routing/Router.php(800): Illuminate/Routing/Router->runRouteWithinStack()
#36 C:/dict project/e-certify/e-certify/vendor/laravel/framework/src/Illuminate/Routing/Router.php(764): Illuminate/Routing/Router->runRoute()
#37 C:/dict project/e-certify/e-certify/vendor/laravel/framework/src/Illuminate/Routing/Router.php(753): Illuminate/Routing/Router->dispatchToRoute()
#38 C:/dict project/e-certify/e-certify/vendor/laravel/framework/src/Illuminate/Foundation/Http/Kernel.php(200): Illuminate/Routing/Router->dispatch()
#39 C:/dict project/e-certify/e-certify/vendor/laravel/framework/src/Illuminate/Pipeline/Pipeline.php(180): Illuminate/Foundation/Http/Kernel->{closure:Illuminate/Foundation/Http/Kernel::dispatchToRouter():197}()
#40 C:/dict project/e-certify/e-certify/vendor/livewire/livewire/src/Features/SupportDisablingBackButtonCache/DisableBackButtonCacheMiddleware.php(19): Illuminate/Pipeline/Pipeline->{closure:Illuminate/Pipeline/Pipeline::prepareDestination():178}()
#41 C:/dict project/e-certify/e-certify/vendor/laravel/framework/src/Illuminate/Pipeline/Pipeline.php(219): Livewire/Features/SupportDisablingBackButtonCache/DisableBackButtonCacheMiddleware->handle()
#42 C:/dict project/e-certify/e-certify/vendor/laravel/framework/src/Illuminate/Foundation/Http/Middleware/TransformsRequest.php(21): Illuminate/Pipeline/Pipeline->{closure:{closure:Illuminate/Pipeline/Pipeline::carry():194}:195}()
#43 C:/dict project/e-certify/e-certify/vendor/laravel/framework/src/Illuminate/Foundation/Http/Middleware/ConvertEmptyStringsToNull.php(31): Illuminate/Foundation/Http/Middleware/TransformsRequest->handle()
#44 C:/dict project/e-certify/e-certify/vendor/laravel/framework/src/Illuminate/Pipeline/Pipeline.php(219): Illuminate/Foundation/Http/Middleware/ConvertEmptyStringsToNull->handle()
#45 C:/dict project/e-certify/e-certify/vendor/laravel/framework/src/Illuminate/Foundation/Http/Middleware/TransformsRequest.php(21): Illuminate/Pipeline/Pipeline->{closure:{closure:Illuminate/Pipeline/Pipeline::carry():194}:195}()
#46 C:/dict project/e-certify/e-certify/vendor/laravel/framework/src/Illuminate/Foundation/Http/Middleware/TrimStrings.php(51): Illuminate/Foundation/Http/Middleware/TransformsRequest->handle()
#47 C:/dict project/e-certify/e-certify/vendor/laravel/framework/src/Illuminate/Pipeline/Pipeline.php(219): Illuminate/Foundation/Http/Middleware/TrimStrings->handle()
#48 C:/dict project/e-certify/e-certify/vendor/laravel/framework/src/Illuminate/Http/Middleware/ValidatePostSize.php(27): Illuminate/Pipeline/Pipeline->{closure:{closure:Illuminate/Pipeline/Pipeline::carry():194}:195}()
#49 C:/dict project/e-certify/e-certify/vendor/laravel/framework/src/Illuminate/Pipeline/Pipeline.php(219): Illuminate/Http/Middleware/ValidatePostSize->handle()
#50 C:/dict project/e-certify/e-certify/vendor/laravel/framework/src/Illuminate/Foundation/Http/Middleware/PreventRequestsDuringMaintenance.php(109): Illuminate/Pipeline/Pipeline->{closure:{closure:Illuminate/Pipeline/Pipeline::carry():194}:195}()
#51 C:/dict project/e-certify/e-certify/vendor/laravel/framework/src/Illuminate/Pipeline/Pipeline.php(219): Illuminate/Foundation/Http/Middleware/PreventRequestsDuringMaintenance->handle()
#52 C:/dict project/e-certify/e-certify/vendor/laravel/framework/src/Illuminate/Http/Middleware/HandleCors.php(61): Illuminate/Pipeline/Pipeline->{closure:{closure:Illuminate/Pipeline/Pipeline::carry():194}:195}()
#53 C:/dict project/e-certify/e-certify/vendor/laravel/framework/src/Illuminate/Pipeline/Pipeline.php(219): Illuminate/Http/Middleware/HandleCors->handle()
#54 C:/dict project/e-certify/e-certify/vendor/laravel/framework/src/Illuminate/Http/Middleware/TrustProxies.php(58): Illuminate/Pipeline/Pipeline->{closure:{closure:Illuminate/Pipeline/Pipeline::carry():194}:195}()
#55 C:/dict project/e-certify/e-certify/vendor/laravel/framework/src/Illuminate/Pipeline/Pipeline.php(219): Illuminate/Http/Middleware/TrustProxies->handle()
#56 C:/dict project/e-certify/e-certify/vendor/laravel/framework/src/Illuminate/Foundation/Http/Middleware/InvokeDeferredCallbacks.php(22): Illuminate/Pipeline/Pipeline->{closure:{closure:Illuminate/Pipeline/Pipeline::carry():194}:195}()
#57 C:/dict project/e-certify/e-certify/vendor/laravel/framework/src/Illuminate/Pipeline/Pipeline.php(219): Illuminate/Foundation/Http/Middleware/InvokeDeferredCallbacks->handle()
#58 C:/dict project/e-certify/e-certify/vendor/laravel/framework/src/Illuminate/Http/Middleware/ValidatePathEncoding.php(26): Illuminate/Pipeline/Pipeline->{closure:{closure:Illuminate/Pipeline/Pipeline::carry():194}:195}()
#59 C:/dict project/e-certify/e-certify/vendor/laravel/framework/src/Illuminate/Pipeline/Pipeline.php(219): Illuminate/Http/Middleware/ValidatePathEncoding->handle()
#60 C:/dict project/e-certify/e-certify/vendor/laravel/framework/src/Illuminate/Pipeline/Pipeline.php(137): Illuminate/Pipeline/Pipeline->{closure:{closure:Illuminate/Pipeline/Pipeline::carry():194}:195}()
#61 C:/dict project/e-certify/e-certify/vendor/laravel/framework/src/Illuminate/Foundation/Http/Kernel.php(175): Illuminate/Pipeline/Pipeline->then()
#62 C:/dict project/e-certify/e-certify/vendor/laravel/framework/src/Illuminate/Foundation/Http/Kernel.php(144): Illuminate/Foundation/Http/Kernel->sendRequestThroughRouter()
#63 C:/dict project/e-certify/e-certify/vendor/laravel/framework/src/Illuminate/Foundation/Application.php(1220): Illuminate/Foundation/Http/Kernel->handle()
#64 C:/dict project/e-certify/e-certify/public/index.php(20): Illuminate/Foundation/Application->handleRequest()
#65 C:/dict project/e-certify/e-certify/vendor/laravel/framework/src/Illuminate/Foundation/resources/server.php(23): require_once('...')
#66 {main}
"} 
[2026-03-10 07:39:19] local.ERROR: Unhandled match case of type string (View: C:\dict project\e-certify\e-certify\resources\views\livewire\auth\verify-email.blade.php) {"userId":9,"exception":"[object] (Illuminate\\View\\ViewException(code: 0): Unhandled match case of type string (View: C:\\dict project\\e-certify\\e-certify\\resources\\views\\livewire\\auth\\verify-email.blade.php) at C:/dict project/e-certify/e-certify/storage/framework/views/e6809854e0a7e509f996a3b84b7c71bb.php:121)
[stacktrace]
#0 C:/dict project/e-certify/e-certify/vendor/livewire/livewire/src/Mechanisms/ExtendBlade/ExtendedCompilerEngine.php(58): Illuminate/View/Engines/CompilerEngine->handleViewException()
#1 C:/dict project/e-certify/e-certify/vendor/laravel/framework/src/Illuminate/View/Engines/PhpEngine.php(59): Livewire/Mechanisms/ExtendBlade/ExtendedCompilerEngine->handleViewException()
#2 C:/dict project/e-certify/e-certify/vendor/livewire/livewire/src/Mechanisms/ExtendBlade/ExtendedCompilerEngine.php(22): Illuminate/View/Engines/PhpEngine->evaluatePath()
#3 C:/dict project/e-certify/e-certify/vendor/laravel/framework/src/Illuminate/View/Engines/CompilerEngine.php(76): Livewire/Mechanisms/ExtendBlade/ExtendedCompilerEngine->evaluatePath()
#4 C:/dict project/e-certify/e-certify/vendor/livewire/livewire/src/Mechanisms/ExtendBlade/ExtendedCompilerEngine.php(10): Illuminate/View/Engines/CompilerEngine->get()
#5 C:/dict project/e-certify/e-certify/vendor/laravel/framework/src/Illuminate/View/View.php(208): Livewire/Mechanisms/ExtendBlade/ExtendedCompilerEngine->get()
#6 C:/dict project/e-certify/e-certify/vendor/laravel/framework/src/Illuminate/View/View.php(191): Illuminate/View/View->getContents()
#7 C:/dict project/e-certify/e-certify/vendor/laravel/framework/src/Illuminate/View/View.php(160): Illuminate/View/View->renderContents()
#8 C:/dict project/e-certify/e-certify/vendor/laravel/framework/src/Illuminate/Http/Response.php(78): Illuminate/View/View->render()
#9 C:/dict project/e-certify/e-certify/vendor/laravel/framework/src/Illuminate/Http/Response.php(34): Illuminate/Http/Response->setContent()
#10 C:/dict project/e-certify/e-certify/vendor/laravel/framework/src/Illuminate/Routing/Router.php(939): Illuminate/Http/Response->__construct()
#11 C:/dict project/e-certify/e-certify/vendor/laravel/framework/src/Illuminate/Routing/Router.php(906): Illuminate/Routing/Router::toResponse()
#12 C:/dict project/e-certify/e-certify/vendor/laravel/framework/src/Illuminate/Routing/Router.php(821): Illuminate/Routing/Router->prepareResponse()
#13 C:/dict project/e-certify/e-certify/vendor/laravel/framework/src/Illuminate/Pipeline/Pipeline.php(180): Illuminate/Routing/Router->{closure:Illuminate/Routing/Router::runRouteWithinStack():821}()
#14 C:/dict project/e-certify/e-certify/vendor/laravel/boost/src/Middleware/InjectBoost.php(22): Illuminate/Pipeline/Pipeline->{closure:Illuminate/Pipeline/Pipeline::prepareDestination():178}()
#15 C:/dict project/e-certify/e-certify/vendor/laravel/framework/src/Illuminate/Pipeline/Pipeline.php(219): Laravel/Boost/Middleware/InjectBoost->handle()
#16 C:/dict project/e-certify/e-certify/vendor/laravel/framework/src/Illuminate/Routing/Middleware/SubstituteBindings.php(50): Illuminate/Pipeline/Pipeline->{closure:{closure:Illuminate/Pipeline/Pipeline::carry():194}:195}()
#17 C:/dict project/e-certify/e-certify/vendor/laravel/framework/src/Illuminate/Pipeline/Pipeline.php(219): Illuminate/Routing/Middleware/SubstituteBindings->handle()
#18 C:/dict project/e-certify/e-certify/vendor/laravel/framework/src/Illuminate/Auth/Middleware/Authenticate.php(63): Illuminate/Pipeline/Pipeline->{closure:{closure:Illuminate/Pipeline/Pipeline::carry():194}:195}()
#19 C:/dict project/e-certify/e-certify/vendor/laravel/framework/src/Illuminate/Pipeline/Pipeline.php(219): Illuminate/Auth/Middleware/Authenticate->handle()
#20 C:/dict project/e-certify/e-certify/vendor/laravel/framework/src/Illuminate/Foundation/Http/Middleware/VerifyCsrfToken.php(87): Illuminate/Pipeline/Pipeline->{closure:{closure:Illuminate/Pipeline/Pipeline::carry():194}:195}()
#21 C:/dict project/e-certify/e-certify/vendor/laravel/framework/src/Illuminate/Pipeline/Pipeline.php(219): Illuminate/Foundation/Http/Middleware/VerifyCsrfToken->handle()
#22 C:/dict project/e-certify/e-certify/vendor/laravel/framework/src/Illuminate/View/Middleware/ShareErrorsFromSession.php(48): Illuminate/Pipeline/Pipeline->{closure:{closure:Illuminate/Pipeline/Pipeline::carry():194}:195}()
#23 C:/dict project/e-certify/e-certify/vendor/laravel/framework/src/Illuminate/Pipeline/Pipeline.php(219): Illuminate/View/Middleware/ShareErrorsFromSession->handle()
#24 C:/dict project/e-certify/e-certify/vendor/laravel/framework/src/Illuminate/Session/Middleware/StartSession.php(120): Illuminate/Pipeline/Pipeline->{closure:{closure:Illuminate/Pipeline/Pipeline::carry():194}:195}()
#25 C:/dict project/e-certify/e-certify/vendor/laravel/framework/src/Illuminate/Session/Middleware/StartSession.php(63): Illuminate/Session/Middleware/StartSession->handleStatefulRequest()
#26 C:/dict project/e-certify/e-certify/vendor/laravel/framework/src/Illuminate/Pipeline/Pipeline.php(219): Illuminate/Session/Middleware/StartSession->handle()
#27 C:/dict project/e-certify/e-certify/vendor/laravel/framework/src/Illuminate/Cookie/Middleware/AddQueuedCookiesToResponse.php(36): Illuminate/Pipeline/Pipeline->{closure:{closure:Illuminate/Pipeline/Pipeline::carry():194}:195}()
#28 C:/dict project/e-certify/e-certify/vendor/laravel/framework/src/Illuminate/Pipeline/Pipeline.php(219): Illuminate/Cookie/Middleware/AddQueuedCookiesToResponse->handle()
#29 C:/dict project/e-certify/e-certify/vendor/laravel/framework/src/Illuminate/Cookie/Middleware/EncryptCookies.php(74): Illuminate/Pipeline/Pipeline->{closure:{closure:Illuminate/Pipeline/Pipeline::carry():194}:195}()
#30 C:/dict project/e-certify/e-certify/vendor/laravel/framework/src/Illuminate/Pipeline/Pipeline.php(219): Illuminate/Cookie/Middleware/EncryptCookies->handle()
#31 C:/dict project/e-certify/e-certify/vendor/laravel/framework/src/Illuminate/Pipeline/Pipeline.php(137): Illuminate/Pipeline/Pipeline->{closure:{closure:Illuminate/Pipeline/Pipeline::carry():194}:195}()
#32 C:/dict project/e-certify/e-certify/vendor/laravel/framework/src/Illuminate/Routing/Router.php(821): Illuminate/Pipeline/Pipeline->then()
#33 C:/dict project/e-certify/e-certify/vendor/laravel/framework/src/Illuminate/Routing/Router.php(800): Illuminate/Routing/Router->runRouteWithinStack()
#34 C:/dict project/e-certify/e-certify/vendor/laravel/framework/src/Illuminate/Routing/Router.php(764): Illuminate/Routing/Router->runRoute()
#35 C:/dict project/e-certify/e-certify/vendor/laravel/framework/src/Illuminate/Routing/Router.php(753): Illuminate/Routing/Router->dispatchToRoute()
#36 C:/dict project/e-certify/e-certify/vendor/laravel/framework/src/Illuminate/Foundation/Http/Kernel.php(200): Illuminate/Routing/Router->dispatch()
#37 C:/dict project/e-certify/e-certify/vendor/laravel/framework/src/Illuminate/Pipeline/Pipeline.php(180): Illuminate/Foundation/Http/Kernel->{closure:Illuminate/Foundation/Http/Kernel::dispatchToRouter():197}()
#38 C:/dict project/e-certify/e-certify/vendor/livewire/livewire/src/Features/SupportDisablingBackButtonCache/DisableBackButtonCacheMiddleware.php(19): Illuminate/Pipeline/Pipeline->{closure:Illuminate/Pipeline/Pipeline::prepareDestination():178}()
#39 C:/dict project/e-certify/e-certify/vendor/laravel/framework/src/Illuminate/Pipeline/Pipeline.php(219): Livewire/Features/SupportDisablingBackButtonCache/DisableBackButtonCacheMiddleware->handle()
#40 C:/dict project/e-certify/e-certify/vendor/laravel/framework/src/Illuminate/Foundation/Http/Middleware/TransformsRequest.php(21): Illuminate/Pipeline/Pipeline->{closure:{closure:Illuminate/Pipeline/Pipeline::carry():194}:195}()
#41 C:/dict project/e-certify/e-certify/vendor/laravel/framework/src/Illuminate/Foundation/Http/Middleware/ConvertEmptyStringsToNull.php(31): Illuminate/Foundation/Http/Middleware/TransformsRequest->handle()
#42 C:/dict project/e-certify/e-certify/vendor/laravel/framework/src/Illuminate/Pipeline/Pipeline.php(219): Illuminate/Foundation/Http/Middleware/ConvertEmptyStringsToNull->handle()
#43 C:/dict project/e-certify/e-certify/vendor/laravel/framework/src/Illuminate/Foundation/Http/Middleware/TransformsRequest.php(21): Illuminate/Pipeline/Pipeline->{closure:{closure:Illuminate/Pipeline/Pipeline::carry():194}:195}()
#44 C:/dict project/e-certify/e-certify/vendor/laravel/framework/src/Illuminate/Foundation/Http/Middleware/TrimStrings.php(51): Illuminate/Foundation/Http/Middleware/TransformsRequest->handle()
#45 C:/dict project/e-certify/e-certify/vendor/laravel/framework/src/Illuminate/Pipeline/Pipeline.php(219): Illuminate/Foundation/Http/Middleware/TrimStrings->handle()
#46 C:/dict project/e-certify/e-certify/vendor/laravel/framework/src/Illuminate/Http/Middleware/ValidatePostSize.php(27): Illuminate/Pipeline/Pipeline->{closure:{closure:Illuminate/Pipeline/Pipeline::carry():194}:195}()
#47 C:/dict project/e-certify/e-certify/vendor/laravel/framework/src/Illuminate/Pipeline/Pipeline.php(219): Illuminate/Http/Middleware/ValidatePostSize->handle()
#48 C:/dict project/e-certify/e-certify/vendor/laravel/framework/src/Illuminate/Foundation/Http/Middleware/PreventRequestsDuringMaintenance.php(109): Illuminate/Pipeline/Pipeline->{closure:{closure:Illuminate/Pipeline/Pipeline::carry():194}:195}()
#49 C:/dict project/e-certify/e-certify/vendor/laravel/framework/src/Illuminate/Pipeline/Pipeline.php(219): Illuminate/Foundation/Http/Middleware/PreventRequestsDuringMaintenance->handle()
#50 C:/dict project/e-certify/e-certify/vendor/laravel/framework/src/Illuminate/Http/Middleware/HandleCors.php(61): Illuminate/Pipeline/Pipeline->{closure:{closure:Illuminate/Pipeline/Pipeline::carry():194}:195}()
#51 C:/dict project/e-certify/e-certify/vendor/laravel/framework/src/Illuminate/Pipeline/Pipeline.php(219): Illuminate/Http/Middleware/HandleCors->handle()
#52 C:/dict project/e-certify/e-certify/vendor/laravel/framework/src/Illuminate/Http/Middleware/TrustProxies.php(58): Illuminate/Pipeline/Pipeline->{closure:{closure:Illuminate/Pipeline/Pipeline::carry():194}:195}()
#53 C:/dict project/e-certify/e-certify/vendor/laravel/framework/src/Illuminate/Pipeline/Pipeline.php(219): Illuminate/Http/Middleware/TrustProxies->handle()
#54 C:/dict project/e-certify/e-certify/vendor/laravel/framework/src/Illuminate/Foundation/Http/Middleware/InvokeDeferredCallbacks.php(22): Illuminate/Pipeline/Pipeline->{closure:{closure:Illuminate/Pipeline/Pipeline::carry():194}:195}()
#55 C:/dict project/e-certify/e-certify/vendor/laravel/framework/src/Illuminate/Pipeline/Pipeline.php(219): Illuminate/Foundation/Http/Middleware/InvokeDeferredCallbacks->handle()
#56 C:/dict project/e-certify/e-certify/vendor/laravel/framework/src/Illuminate/Http/Middleware/ValidatePathEncoding.php(26): Illuminate/Pipeline/Pipeline->{closure:{closure:Illuminate/Pipeline/Pipeline::carry():194}:195}()
#57 C:/dict project/e-certify/e-certify/vendor/laravel/framework/src/Illuminate/Pipeline/Pipeline.php(219): Illuminate/Http/Middleware/ValidatePathEncoding->handle()
#58 C:/dict project/e-certify/e-certify/vendor/laravel/framework/src/Illuminate/Pipeline/Pipeline.php(137): Illuminate/Pipeline/Pipeline->{closure:{closure:Illuminate/Pipeline/Pipeline::carry():194}:195}()
#59 C:/dict project/e-certify/e-certify/vendor/laravel/framework/src/Illuminate/Foundation/Http/Kernel.php(175): Illuminate/Pipeline/Pipeline->then()
#60 C:/dict project/e-certify/e-certify/vendor/laravel/framework/src/Illuminate/Foundation/Http/Kernel.php(144): Illuminate/Foundation/Http/Kernel->sendRequestThroughRouter()
#61 C:/dict project/e-certify/e-certify/vendor/laravel/framework/src/Illuminate/Foundation/Application.php(1220): Illuminate/Foundation/Http/Kernel->handle()
#62 C:/dict project/e-certify/e-certify/public/index.php(20): Illuminate/Foundation/Application->handleRequest()
#63 C:/dict project/e-certify/e-certify/vendor/laravel/framework/src/Illuminate/Foundation/resources/server.php(23): require_once('...')
#64 {main}

[previous exception] [object] (UnhandledMatchError(code: 0): Unhandled match case of type string at C:/dict project/e-certify/e-certify/storage/framework/views/e6809854e0a7e509f996a3b84b7c71bb.php:121)
[stacktrace]
#0 C:/dict project/e-certify/e-certify/storage/framework/views/40c03e51ad64bb1070b46c79fb82f625.php(61): _e6809854e0a7e509f996a3b84b7c71bb()
#1 C:/dict project/e-certify/e-certify/vendor/laravel/framework/src/Illuminate/Filesystem/Filesystem.php(123): require('...')
#2 C:/dict project/e-certify/e-certify/vendor/laravel/framework/src/Illuminate/Filesystem/Filesystem.php(124): Illuminate/Filesystem/Filesystem::{closure:Illuminate/Filesystem/Filesystem::getRequire():120}()
#3 C:/dict project/e-certify/e-certify/vendor/laravel/framework/src/Illuminate/View/Engines/PhpEngine.php(57): Illuminate/Filesystem/Filesystem->getRequire()
#4 C:/dict project/e-certify/e-certify/vendor/livewire/livewire/src/Mechanisms/ExtendBlade/ExtendedCompilerEngine.php(22): Illuminate/View/Engines/PhpEngine->evaluatePath()
#5 C:/dict project/e-certify/e-certify/vendor/laravel/framework/src/Illuminate/View/Engines/CompilerEngine.php(76): Livewire/Mechanisms/ExtendBlade/ExtendedCompilerEngine->evaluatePath()
#6 C:/dict project/e-certify/e-certify/vendor/livewire/livewire/src/Mechanisms/ExtendBlade/ExtendedCompilerEngine.php(10): Illuminate/View/Engines/CompilerEngine->get()
#7 C:/dict project/e-certify/e-certify/vendor/laravel/framework/src/Illuminate/View/View.php(208): Livewire/Mechanisms/ExtendBlade/ExtendedCompilerEngine->get()
#8 C:/dict project/e-certify/e-certify/vendor/laravel/framework/src/Illuminate/View/View.php(191): Illuminate/View/View->getContents()
#9 C:/dict project/e-certify/e-certify/vendor/laravel/framework/src/Illuminate/View/View.php(160): Illuminate/View/View->renderContents()
#10 C:/dict project/e-certify/e-certify/vendor/laravel/framework/src/Illuminate/Http/Response.php(78): Illuminate/View/View->render()
#11 C:/dict project/e-certify/e-certify/vendor/laravel/framework/src/Illuminate/Http/Response.php(34): Illuminate/Http/Response->setContent()
#12 C:/dict project/e-certify/e-certify/vendor/laravel/framework/src/Illuminate/Routing/Router.php(939): Illuminate/Http/Response->__construct()
#13 C:/dict project/e-certify/e-certify/vendor/laravel/framework/src/Illuminate/Routing/Router.php(906): Illuminate/Routing/Router::toResponse()
#14 C:/dict project/e-certify/e-certify/vendor/laravel/framework/src/Illuminate/Routing/Router.php(821): Illuminate/Routing/Router->prepareResponse()
#15 C:/dict project/e-certify/e-certify/vendor/laravel/framework/src/Illuminate/Pipeline/Pipeline.php(180): Illuminate/Routing/Router->{closure:Illuminate/Routing/Router::runRouteWithinStack():821}()
#16 C:/dict project/e-certify/e-certify/vendor/laravel/boost/src/Middleware/InjectBoost.php(22): Illuminate/Pipeline/Pipeline->{closure:Illuminate/Pipeline/Pipeline::prepareDestination():178}()
#17 C:/dict project/e-certify/e-certify/vendor/laravel/framework/src/Illuminate/Pipeline/Pipeline.php(219): Laravel/Boost/Middleware/InjectBoost->handle()
#18 C:/dict project/e-certify/e-certify/vendor/laravel/framework/src/Illuminate/Routing/Middleware/SubstituteBindings.php(50): Illuminate/Pipeline/Pipeline->{closure:{closure:Illuminate/Pipeline/Pipeline::carry():194}:195}()
#19 C:/dict project/e-certify/e-certify/vendor/laravel/framework/src/Illuminate/Pipeline/Pipeline.php(219): Illuminate/Routing/Middleware/SubstituteBindings->handle()
#20 C:/dict project/e-certify/e-certify/vendor/laravel/framework/src/Illuminate/Auth/Middleware/Authenticate.php(63): Illuminate/Pipeline/Pipeline->{closure:{closure:Illuminate/Pipeline/Pipeline::carry():194}:195}()
#21 C:/dict project/e-certify/e-certify/vendor/laravel/framework/src/Illuminate/Pipeline/Pipeline.php(219): Illuminate/Auth/Middleware/Authenticate->handle()
#22 C:/dict project/e-certify/e-certify/vendor/laravel/framework/src/Illuminate/Foundation/Http/Middleware/VerifyCsrfToken.php(87): Illuminate/Pipeline/Pipeline->{closure:{closure:Illuminate/Pipeline/Pipeline::carry():194}:195}()
#23 C:/dict project/e-certify/e-certify/vendor/laravel/framework/src/Illuminate/Pipeline/Pipeline.php(219): Illuminate/Foundation/Http/Middleware/VerifyCsrfToken->handle()
#24 C:/dict project/e-certify/e-certify/vendor/laravel/framework/src/Illuminate/View/Middleware/ShareErrorsFromSession.php(48): Illuminate/Pipeline/Pipeline->{closure:{closure:Illuminate/Pipeline/Pipeline::carry():194}:195}()
#25 C:/dict project/e-certify/e-certify/vendor/laravel/framework/src/Illuminate/Pipeline/Pipeline.php(219): Illuminate/View/Middleware/ShareErrorsFromSession->handle()
#26 C:/dict project/e-certify/e-certify/vendor/laravel/framework/src/Illuminate/Session/Middleware/StartSession.php(120): Illuminate/Pipeline/Pipeline->{closure:{closure:Illuminate/Pipeline/Pipeline::carry():194}:195}()
#27 C:/dict project/e-certify/e-certify/vendor/laravel/framework/src/Illuminate/Session/Middleware/StartSession.php(63): Illuminate/Session/Middleware/StartSession->handleStatefulRequest()
#28 C:/dict project/e-certify/e-certify/vendor/laravel/framework/src/Illuminate/Pipeline/Pipeline.php(219): Illuminate/Session/Middleware/StartSession->handle()
#29 C:/dict project/e-certify/e-certify/vendor/laravel/framework/src/Illuminate/Cookie/Middleware/AddQueuedCookiesToResponse.php(36): Illuminate/Pipeline/Pipeline->{closure:{closure:Illuminate/Pipeline/Pipeline::carry():194}:195}()
#30 C:/dict project/e-certify/e-certify/vendor/laravel/framework/src/Illuminate/Pipeline/Pipeline.php(219): Illuminate/Cookie/Middleware/AddQueuedCookiesToResponse->handle()
#31 C:/dict project/e-certify/e-certify/vendor/laravel/framework/src/Illuminate/Cookie/Middleware/EncryptCookies.php(74): Illuminate/Pipeline/Pipeline->{closure:{closure:Illuminate/Pipeline/Pipeline::carry():194}:195}()
#32 C:/dict project/e-certify/e-certify/vendor/laravel/framework/src/Illuminate/Pipeline/Pipeline.php(219): Illuminate/Cookie/Middleware/EncryptCookies->handle()
#33 C:/dict project/e-certify/e-certify/vendor/laravel/framework/src/Illuminate/Pipeline/Pipeline.php(137): Illuminate/Pipeline/Pipeline->{closure:{closure:Illuminate/Pipeline/Pipeline::carry():194}:195}()
#34 C:/dict project/e-certify/e-certify/vendor/laravel/framework/src/Illuminate/Routing/Router.php(821): Illuminate/Pipeline/Pipeline->then()
#35 C:/dict project/e-certify/e-certify/vendor/laravel/framework/src/Illuminate/Routing/Router.php(800): Illuminate/Routing/Router->runRouteWithinStack()
#36 C:/dict project/e-certify/e-certify/vendor/laravel/framework/src/Illuminate/Routing/Router.php(764): Illuminate/Routing/Router->runRoute()
#37 C:/dict project/e-certify/e-certify/vendor/laravel/framework/src/Illuminate/Routing/Router.php(753): Illuminate/Routing/Router->dispatchToRoute()
#38 C:/dict project/e-certify/e-certify/vendor/laravel/framework/src/Illuminate/Foundation/Http/Kernel.php(200): Illuminate/Routing/Router->dispatch()
#39 C:/dict project/e-certify/e-certify/vendor/laravel/framework/src/Illuminate/Pipeline/Pipeline.php(180): Illuminate/Foundation/Http/Kernel->{closure:Illuminate/Foundation/Http/Kernel::dispatchToRouter():197}()
#40 C:/dict project/e-certify/e-certify/vendor/livewire/livewire/src/Features/SupportDisablingBackButtonCache/DisableBackButtonCacheMiddleware.php(19): Illuminate/Pipeline/Pipeline->{closure:Illuminate/Pipeline/Pipeline::prepareDestination():178}()
#41 C:/dict project/e-certify/e-certify/vendor/laravel/framework/src/Illuminate/Pipeline/Pipeline.php(219): Livewire/Features/SupportDisablingBackButtonCache/DisableBackButtonCacheMiddleware->handle()
#42 C:/dict project/e-certify/e-certify/vendor/laravel/framework/src/Illuminate/Foundation/Http/Middleware/TransformsRequest.php(21): Illuminate/Pipeline/Pipeline->{closure:{closure:Illuminate/Pipeline/Pipeline::carry():194}:195}()
#43 C:/dict project/e-certify/e-certify/vendor/laravel/framework/src/Illuminate/Foundation/Http/Middleware/ConvertEmptyStringsToNull.php(31): Illuminate/Foundation/Http/Middleware/TransformsRequest->handle()
#44 C:/dict project/e-certify/e-certify/vendor/laravel/framework/src/Illuminate/Pipeline/Pipeline.php(219): Illuminate/Foundation/Http/Middleware/ConvertEmptyStringsToNull->handle()
#45 C:/dict project/e-certify/e-certify/vendor/laravel/framework/src/Illuminate/Foundation/Http/Middleware/TransformsRequest.php(21): Illuminate/Pipeline/Pipeline->{closure:{closure:Illuminate/Pipeline/Pipeline::carry():194}:195}()
#46 C:/dict project/e-certify/e-certify/vendor/laravel/framework/src/Illuminate/Foundation/Http/Middleware/TrimStrings.php(51): Illuminate/Foundation/Http/Middleware/TransformsRequest->handle()
#47 C:/dict project/e-certify/e-certify/vendor/laravel/framework/src/Illuminate/Pipeline/Pipeline.php(219): Illuminate/Foundation/Http/Middleware/TrimStrings->handle()
#48 C:/dict project/e-certify/e-certify/vendor/laravel/framework/src/Illuminate/Http/Middleware/ValidatePostSize.php(27): Illuminate/Pipeline/Pipeline->{closure:{closure:Illuminate/Pipeline/Pipeline::carry():194}:195}()
#49 C:/dict project/e-certify/e-certify/vendor/laravel/framework/src/Illuminate/Pipeline/Pipeline.php(219): Illuminate/Http/Middleware/ValidatePostSize->handle()
#50 C:/dict project/e-certify/e-certify/vendor/laravel/framework/src/Illuminate/Foundation/Http/Middleware/PreventRequestsDuringMaintenance.php(109): Illuminate/Pipeline/Pipeline->{closure:{closure:Illuminate/Pipeline/Pipeline::carry():194}:195}()
#51 C:/dict project/e-certify/e-certify/vendor/laravel/framework/src/Illuminate/Pipeline/Pipeline.php(219): Illuminate/Foundation/Http/Middleware/PreventRequestsDuringMaintenance->handle()
#52 C:/dict project/e-certify/e-certify/vendor/laravel/framework/src/Illuminate/Http/Middleware/HandleCors.php(61): Illuminate/Pipeline/Pipeline->{closure:{closure:Illuminate/Pipeline/Pipeline::carry():194}:195}()
#53 C:/dict project/e-certify/e-certify/vendor/laravel/framework/src/Illuminate/Pipeline/Pipeline.php(219): Illuminate/Http/Middleware/HandleCors->handle()
#54 C:/dict project/e-certify/e-certify/vendor/laravel/framework/src/Illuminate/Http/Middleware/TrustProxies.php(58): Illuminate/Pipeline/Pipeline->{closure:{closure:Illuminate/Pipeline/Pipeline::carry():194}:195}()
#55 C:/dict project/e-certify/e-certify/vendor/laravel/framework/src/Illuminate/Pipeline/Pipeline.php(219): Illuminate/Http/Middleware/TrustProxies->handle()
#56 C:/dict project/e-certify/e-certify/vendor/laravel/framework/src/Illuminate/Foundation/Http/Middleware/InvokeDeferredCallbacks.php(22): Illuminate/Pipeline/Pipeline->{closure:{closure:Illuminate/Pipeline/Pipeline::carry():194}:195}()
#57 C:/dict project/e-certify/e-certify/vendor/laravel/framework/src/Illuminate/Pipeline/Pipeline.php(219): Illuminate/Foundation/Http/Middleware/InvokeDeferredCallbacks->handle()
#58 C:/dict project/e-certify/e-certify/vendor/laravel/framework/src/Illuminate/Http/Middleware/ValidatePathEncoding.php(26): Illuminate/Pipeline/Pipeline->{closure:{closure:Illuminate/Pipeline/Pipeline::carry():194}:195}()
#59 C:/dict project/e-certify/e-certify/vendor/laravel/framework/src/Illuminate/Pipeline/Pipeline.php(219): Illuminate/Http/Middleware/ValidatePathEncoding->handle()
#60 C:/dict project/e-certify/e-certify/vendor/laravel/framework/src/Illuminate/Pipeline/Pipeline.php(137): Illuminate/Pipeline/Pipeline->{closure:{closure:Illuminate/Pipeline/Pipeline::carry():194}:195}()
#61 C:/dict project/e-certify/e-certify/vendor/laravel/framework/src/Illuminate/Foundation/Http/Kernel.php(175): Illuminate/Pipeline/Pipeline->then()
#62 C:/dict project/e-certify/e-certify/vendor/laravel/framework/src/Illuminate/Foundation/Http/Kernel.php(144): Illuminate/Foundation/Http/Kernel->sendRequestThroughRouter()
#63 C:/dict project/e-certify/e-certify/vendor/laravel/framework/src/Illuminate/Foundation/Application.php(1220): Illuminate/Foundation/Http/Kernel->handle()
#64 C:/dict project/e-certify/e-certify/public/index.php(20): Illuminate/Foundation/Application->handleRequest()
#65 C:/dict project/e-certify/e-certify/vendor/laravel/framework/src/Illuminate/Foundation/resources/server.php(23): require_once('...')
#66 {main}
"} 
[2026-03-10 07:41:20] local.ERROR: Unhandled match case of type string (View: C:\dict project\e-certify\e-certify\resources\views\livewire\auth\verify-email.blade.php) {"userId":9,"exception":"[object] (Illuminate\\View\\ViewException(code: 0): Unhandled match case of type string (View: C:\\dict project\\e-certify\\e-certify\\resources\\views\\livewire\\auth\\verify-email.blade.php) at C:/dict project/e-certify/e-certify/storage/framework/views/e6809854e0a7e509f996a3b84b7c71bb.php:121)
[stacktrace]
#0 C:/dict project/e-certify/e-certify/vendor/livewire/livewire/src/Mechanisms/ExtendBlade/ExtendedCompilerEngine.php(58): Illuminate/View/Engines/CompilerEngine->handleViewException()
#1 C:/dict project/e-certify/e-certify/vendor/laravel/framework/src/Illuminate/View/Engines/PhpEngine.php(59): Livewire/Mechanisms/ExtendBlade/ExtendedCompilerEngine->handleViewException()
#2 C:/dict project/e-certify/e-certify/vendor/livewire/livewire/src/Mechanisms/ExtendBlade/ExtendedCompilerEngine.php(22): Illuminate/View/Engines/PhpEngine->evaluatePath()
#3 C:/dict project/e-certify/e-certify/vendor/laravel/framework/src/Illuminate/View/Engines/CompilerEngine.php(76): Livewire/Mechanisms/ExtendBlade/ExtendedCompilerEngine->evaluatePath()
#4 C:/dict project/e-certify/e-certify/vendor/livewire/livewire/src/Mechanisms/ExtendBlade/ExtendedCompilerEngine.php(10): Illuminate/View/Engines/CompilerEngine->get()
#5 C:/dict project/e-certify/e-certify/vendor/laravel/framework/src/Illuminate/View/View.php(208): Livewire/Mechanisms/ExtendBlade/ExtendedCompilerEngine->get()
#6 C:/dict project/e-certify/e-certify/vendor/laravel/framework/src/Illuminate/View/View.php(191): Illuminate/View/View->getContents()
#7 C:/dict project/e-certify/e-certify/vendor/laravel/framework/src/Illuminate/View/View.php(160): Illuminate/View/View->renderContents()
#8 C:/dict project/e-certify/e-certify/vendor/laravel/framework/src/Illuminate/Http/Response.php(78): Illuminate/View/View->render()
#9 C:/dict project/e-certify/e-certify/vendor/laravel/framework/src/Illuminate/Http/Response.php(34): Illuminate/Http/Response->setContent()
#10 C:/dict project/e-certify/e-certify/vendor/laravel/framework/src/Illuminate/Routing/Router.php(939): Illuminate/Http/Response->__construct()
#11 C:/dict project/e-certify/e-certify/vendor/laravel/framework/src/Illuminate/Routing/Router.php(906): Illuminate/Routing/Router::toResponse()
#12 C:/dict project/e-certify/e-certify/vendor/laravel/framework/src/Illuminate/Routing/Router.php(821): Illuminate/Routing/Router->prepareResponse()
#13 C:/dict project/e-certify/e-certify/vendor/laravel/framework/src/Illuminate/Pipeline/Pipeline.php(180): Illuminate/Routing/Router->{closure:Illuminate/Routing/Router::runRouteWithinStack():821}()
#14 C:/dict project/e-certify/e-certify/vendor/laravel/boost/src/Middleware/InjectBoost.php(22): Illuminate/Pipeline/Pipeline->{closure:Illuminate/Pipeline/Pipeline::prepareDestination():178}()
#15 C:/dict project/e-certify/e-certify/vendor/laravel/framework/src/Illuminate/Pipeline/Pipeline.php(219): Laravel/Boost/Middleware/InjectBoost->handle()
#16 C:/dict project/e-certify/e-certify/vendor/laravel/framework/src/Illuminate/Routing/Middleware/SubstituteBindings.php(50): Illuminate/Pipeline/Pipeline->{closure:{closure:Illuminate/Pipeline/Pipeline::carry():194}:195}()
#17 C:/dict project/e-certify/e-certify/vendor/laravel/framework/src/Illuminate/Pipeline/Pipeline.php(219): Illuminate/Routing/Middleware/SubstituteBindings->handle()
#18 C:/dict project/e-certify/e-certify/vendor/laravel/framework/src/Illuminate/Auth/Middleware/Authenticate.php(63): Illuminate/Pipeline/Pipeline->{closure:{closure:Illuminate/Pipeline/Pipeline::carry():194}:195}()
#19 C:/dict project/e-certify/e-certify/vendor/laravel/framework/src/Illuminate/Pipeline/Pipeline.php(219): Illuminate/Auth/Middleware/Authenticate->handle()
#20 C:/dict project/e-certify/e-certify/vendor/laravel/framework/src/Illuminate/Foundation/Http/Middleware/VerifyCsrfToken.php(87): Illuminate/Pipeline/Pipeline->{closure:{closure:Illuminate/Pipeline/Pipeline::carry():194}:195}()
#21 C:/dict project/e-certify/e-certify/vendor/laravel/framework/src/Illuminate/Pipeline/Pipeline.php(219): Illuminate/Foundation/Http/Middleware/VerifyCsrfToken->handle()
#22 C:/dict project/e-certify/e-certify/vendor/laravel/framework/src/Illuminate/View/Middleware/ShareErrorsFromSession.php(48): Illuminate/Pipeline/Pipeline->{closure:{closure:Illuminate/Pipeline/Pipeline::carry():194}:195}()
#23 C:/dict project/e-certify/e-certify/vendor/laravel/framework/src/Illuminate/Pipeline/Pipeline.php(219): Illuminate/View/Middleware/ShareErrorsFromSession->handle()
#24 C:/dict project/e-certify/e-certify/vendor/laravel/framework/src/Illuminate/Session/Middleware/StartSession.php(120): Illuminate/Pipeline/Pipeline->{closure:{closure:Illuminate/Pipeline/Pipeline::carry():194}:195}()
#25 C:/dict project/e-certify/e-certify/vendor/laravel/framework/src/Illuminate/Session/Middleware/StartSession.php(63): Illuminate/Session/Middleware/StartSession->handleStatefulRequest()
#26 C:/dict project/e-certify/e-certify/vendor/laravel/framework/src/Illuminate/Pipeline/Pipeline.php(219): Illuminate/Session/Middleware/StartSession->handle()
#27 C:/dict project/e-certify/e-certify/vendor/laravel/framework/src/Illuminate/Cookie/Middleware/AddQueuedCookiesToResponse.php(36): Illuminate/Pipeline/Pipeline->{closure:{closure:Illuminate/Pipeline/Pipeline::carry():194}:195}()
#28 C:/dict project/e-certify/e-certify/vendor/laravel/framework/src/Illuminate/Pipeline/Pipeline.php(219): Illuminate/Cookie/Middleware/AddQueuedCookiesToResponse->handle()
#29 C:/dict project/e-certify/e-certify/vendor/laravel/framework/src/Illuminate/Cookie/Middleware/EncryptCookies.php(74): Illuminate/Pipeline/Pipeline->{closure:{closure:Illuminate/Pipeline/Pipeline::carry():194}:195}()
#30 C:/dict project/e-certify/e-certify/vendor/laravel/framework/src/Illuminate/Pipeline/Pipeline.php(219): Illuminate/Cookie/Middleware/EncryptCookies->handle()
#31 C:/dict project/e-certify/e-certify/vendor/laravel/framework/src/Illuminate/Pipeline/Pipeline.php(137): Illuminate/Pipeline/Pipeline->{closure:{closure:Illuminate/Pipeline/Pipeline::carry():194}:195}()
#32 C:/dict project/e-certify/e-certify/vendor/laravel/framework/src/Illuminate/Routing/Router.php(821): Illuminate/Pipeline/Pipeline->then()
#33 C:/dict project/e-certify/e-certify/vendor/laravel/framework/src/Illuminate/Routing/Router.php(800): Illuminate/Routing/Router->runRouteWithinStack()
#34 C:/dict project/e-certify/e-certify/vendor/laravel/framework/src/Illuminate/Routing/Router.php(764): Illuminate/Routing/Router->runRoute()
#35 C:/dict project/e-certify/e-certify/vendor/laravel/framework/src/Illuminate/Routing/Router.php(753): Illuminate/Routing/Router->dispatchToRoute()
#36 C:/dict project/e-certify/e-certify/vendor/laravel/framework/src/Illuminate/Foundation/Http/Kernel.php(200): Illuminate/Routing/Router->dispatch()
#37 C:/dict project/e-certify/e-certify/vendor/laravel/framework/src/Illuminate/Pipeline/Pipeline.php(180): Illuminate/Foundation/Http/Kernel->{closure:Illuminate/Foundation/Http/Kernel::dispatchToRouter():197}()
#38 C:/dict project/e-certify/e-certify/vendor/livewire/livewire/src/Features/SupportDisablingBackButtonCache/DisableBackButtonCacheMiddleware.php(19): Illuminate/Pipeline/Pipeline->{closure:Illuminate/Pipeline/Pipeline::prepareDestination():178}()
#39 C:/dict project/e-certify/e-certify/vendor/laravel/framework/src/Illuminate/Pipeline/Pipeline.php(219): Livewire/Features/SupportDisablingBackButtonCache/DisableBackButtonCacheMiddleware->handle()
#40 C:/dict project/e-certify/e-certify/vendor/laravel/framework/src/Illuminate/Foundation/Http/Middleware/TransformsRequest.php(21): Illuminate/Pipeline/Pipeline->{closure:{closure:Illuminate/Pipeline/Pipeline::carry():194}:195}()
#41 C:/dict project/e-certify/e-certify/vendor/laravel/framework/src/Illuminate/Foundation/Http/Middleware/ConvertEmptyStringsToNull.php(31): Illuminate/Foundation/Http/Middleware/TransformsRequest->handle()
#42 C:/dict project/e-certify/e-certify/vendor/laravel/framework/src/Illuminate/Pipeline/Pipeline.php(219): Illuminate/Foundation/Http/Middleware/ConvertEmptyStringsToNull->handle()
#43 C:/dict project/e-certify/e-certify/vendor/laravel/framework/src/Illuminate/Foundation/Http/Middleware/TransformsRequest.php(21): Illuminate/Pipeline/Pipeline->{closure:{closure:Illuminate/Pipeline/Pipeline::carry():194}:195}()
#44 C:/dict project/e-certify/e-certify/vendor/laravel/framework/src/Illuminate/Foundation/Http/Middleware/TrimStrings.php(51): Illuminate/Foundation/Http/Middleware/TransformsRequest->handle()
#45 C:/dict project/e-certify/e-certify/vendor/laravel/framework/src/Illuminate/Pipeline/Pipeline.php(219): Illuminate/Foundation/Http/Middleware/TrimStrings->handle()
#46 C:/dict project/e-certify/e-certify/vendor/laravel/framework/src/Illuminate/Http/Middleware/ValidatePostSize.php(27): Illuminate/Pipeline/Pipeline->{closure:{closure:Illuminate/Pipeline/Pipeline::carry():194}:195}()
#47 C:/dict project/e-certify/e-certify/vendor/laravel/framework/src/Illuminate/Pipeline/Pipeline.php(219): Illuminate/Http/Middleware/ValidatePostSize->handle()
#48 C:/dict project/e-certify/e-certify/vendor/laravel/framework/src/Illuminate/Foundation/Http/Middleware/PreventRequestsDuringMaintenance.php(109): Illuminate/Pipeline/Pipeline->{closure:{closure:Illuminate/Pipeline/Pipeline::carry():194}:195}()
#49 C:/dict project/e-certify/e-certify/vendor/laravel/framework/src/Illuminate/Pipeline/Pipeline.php(219): Illuminate/Foundation/Http/Middleware/PreventRequestsDuringMaintenance->handle()
#50 C:/dict project/e-certify/e-certify/vendor/laravel/framework/src/Illuminate/Http/Middleware/HandleCors.php(61): Illuminate/Pipeline/Pipeline->{closure:{closure:Illuminate/Pipeline/Pipeline::carry():194}:195}()
#51 C:/dict project/e-certify/e-certify/vendor/laravel/framework/src/Illuminate/Pipeline/Pipeline.php(219): Illuminate/Http/Middleware/HandleCors->handle()
#52 C:/dict project/e-certify/e-certify/vendor/laravel/framework/src/Illuminate/Http/Middleware/TrustProxies.php(58): Illuminate/Pipeline/Pipeline->{closure:{closure:Illuminate/Pipeline/Pipeline::carry():194}:195}()
#53 C:/dict project/e-certify/e-certify/vendor/laravel/framework/src/Illuminate/Pipeline/Pipeline.php(219): Illuminate/Http/Middleware/TrustProxies->handle()
#54 C:/dict project/e-certify/e-certify/vendor/laravel/framework/src/Illuminate/Foundation/Http/Middleware/InvokeDeferredCallbacks.php(22): Illuminate/Pipeline/Pipeline->{closure:{closure:Illuminate/Pipeline/Pipeline::carry():194}:195}()
#55 C:/dict project/e-certify/e-certify/vendor/laravel/framework/src/Illuminate/Pipeline/Pipeline.php(219): Illuminate/Foundation/Http/Middleware/InvokeDeferredCallbacks->handle()
#56 C:/dict project/e-certify/e-certify/vendor/laravel/framework/src/Illuminate/Http/Middleware/ValidatePathEncoding.php(26): Illuminate/Pipeline/Pipeline->{closure:{closure:Illuminate/Pipeline/Pipeline::carry():194}:195}()
#57 C:/dict project/e-certify/e-certify/vendor/laravel/framework/src/Illuminate/Pipeline/Pipeline.php(219): Illuminate/Http/Middleware/ValidatePathEncoding->handle()
#58 C:/dict project/e-certify/e-certify/vendor/laravel/framework/src/Illuminate/Pipeline/Pipeline.php(137): Illuminate/Pipeline/Pipeline->{closure:{closure:Illuminate/Pipeline/Pipeline::carry():194}:195}()
#59 C:/dict project/e-certify/e-certify/vendor/laravel/framework/src/Illuminate/Foundation/Http/Kernel.php(175): Illuminate/Pipeline/Pipeline->then()
#60 C:/dict project/e-certify/e-certify/vendor/laravel/framework/src/Illuminate/Foundation/Http/Kernel.php(144): Illuminate/Foundation/Http/Kernel->sendRequestThroughRouter()
#61 C:/dict project/e-certify/e-certify/vendor/laravel/framework/src/Illuminate/Foundation/Application.php(1220): Illuminate/Foundation/Http/Kernel->handle()
#62 C:/dict project/e-certify/e-certify/public/index.php(20): Illuminate/Foundation/Application->handleRequest()
#63 C:/dict project/e-certify/e-certify/vendor/laravel/framework/src/Illuminate/Foundation/resources/server.php(23): require_once('...')
#64 {main}

[previous exception] [object] (UnhandledMatchError(code: 0): Unhandled match case of type string at C:/dict project/e-certify/e-certify/storage/framework/views/e6809854e0a7e509f996a3b84b7c71bb.php:121)
[stacktrace]
#0 C:/dict project/e-certify/e-certify/storage/framework/views/40c03e51ad64bb1070b46c79fb82f625.php(61): _e6809854e0a7e509f996a3b84b7c71bb()
#1 C:/dict project/e-certify/e-certify/vendor/laravel/framework/src/Illuminate/Filesystem/Filesystem.php(123): require('...')
#2 C:/dict project/e-certify/e-certify/vendor/laravel/framework/src/Illuminate/Filesystem/Filesystem.php(124): Illuminate/Filesystem/Filesystem::{closure:Illuminate/Filesystem/Filesystem::getRequire():120}()
#3 C:/dict project/e-certify/e-certify/vendor/laravel/framework/src/Illuminate/View/Engines/PhpEngine.php(57): Illuminate/Filesystem/Filesystem->getRequire()
#4 C:/dict project/e-certify/e-certify/vendor/livewire/livewire/src/Mechanisms/ExtendBlade/ExtendedCompilerEngine.php(22): Illuminate/View/Engines/PhpEngine->evaluatePath()
#5 C:/dict project/e-certify/e-certify/vendor/laravel/framework/src/Illuminate/View/Engines/CompilerEngine.php(76): Livewire/Mechanisms/ExtendBlade/ExtendedCompilerEngine->evaluatePath()
#6 C:/dict project/e-certify/e-certify/vendor/livewire/livewire/src/Mechanisms/ExtendBlade/ExtendedCompilerEngine.php(10): Illuminate/View/Engines/CompilerEngine->get()
#7 C:/dict project/e-certify/e-certify/vendor/laravel/framework/src/Illuminate/View/View.php(208): Livewire/Mechanisms/ExtendBlade/ExtendedCompilerEngine->get()
#8 C:/dict project/e-certify/e-certify/vendor/laravel/framework/src/Illuminate/View/View.php(191): Illuminate/View/View->getContents()
#9 C:/dict project/e-certify/e-certify/vendor/laravel/framework/src/Illuminate/View/View.php(160): Illuminate/View/View->renderContents()
#10 C:/dict project/e-certify/e-certify/vendor/laravel/framework/src/Illuminate/Http/Response.php(78): Illuminate/View/View->render()
#11 C:/dict project/e-certify/e-certify/vendor/laravel/framework/src/Illuminate/Http/Response.php(34): Illuminate/Http/Response->setContent()
#12 C:/dict project/e-certify/e-certify/vendor/laravel/framework/src/Illuminate/Routing/Router.php(939): Illuminate/Http/Response->__construct()
#13 C:/dict project/e-certify/e-certify/vendor/laravel/framework/src/Illuminate/Routing/Router.php(906): Illuminate/Routing/Router::toResponse()
#14 C:/dict project/e-certify/e-certify/vendor/laravel/framework/src/Illuminate/Routing/Router.php(821): Illuminate/Routing/Router->prepareResponse()
#15 C:/dict project/e-certify/e-certify/vendor/laravel/framework/src/Illuminate/Pipeline/Pipeline.php(180): Illuminate/Routing/Router->{closure:Illuminate/Routing/Router::runRouteWithinStack():821}()
#16 C:/dict project/e-certify/e-certify/vendor/laravel/boost/src/Middleware/InjectBoost.php(22): Illuminate/Pipeline/Pipeline->{closure:Illuminate/Pipeline/Pipeline::prepareDestination():178}()
#17 C:/dict project/e-certify/e-certify/vendor/laravel/framework/src/Illuminate/Pipeline/Pipeline.php(219): Laravel/Boost/Middleware/InjectBoost->handle()
#18 C:/dict project/e-certify/e-certify/vendor/laravel/framework/src/Illuminate/Routing/Middleware/SubstituteBindings.php(50): Illuminate/Pipeline/Pipeline->{closure:{closure:Illuminate/Pipeline/Pipeline::carry():194}:195}()
#19 C:/dict project/e-certify/e-certify/vendor/laravel/framework/src/Illuminate/Pipeline/Pipeline.php(219): Illuminate/Routing/Middleware/SubstituteBindings->handle()
#20 C:/dict project/e-certify/e-certify/vendor/laravel/framework/src/Illuminate/Auth/Middleware/Authenticate.php(63): Illuminate/Pipeline/Pipeline->{closure:{closure:Illuminate/Pipeline/Pipeline::carry():194}:195}()
#21 C:/dict project/e-certify/e-certify/vendor/laravel/framework/src/Illuminate/Pipeline/Pipeline.php(219): Illuminate/Auth/Middleware/Authenticate->handle()
#22 C:/dict project/e-certify/e-certify/vendor/laravel/framework/src/Illuminate/Foundation/Http/Middleware/VerifyCsrfToken.php(87): Illuminate/Pipeline/Pipeline->{closure:{closure:Illuminate/Pipeline/Pipeline::carry():194}:195}()
#23 C:/dict project/e-certify/e-certify/vendor/laravel/framework/src/Illuminate/Pipeline/Pipeline.php(219): Illuminate/Foundation/Http/Middleware/VerifyCsrfToken->handle()
#24 C:/dict project/e-certify/e-certify/vendor/laravel/framework/src/Illuminate/View/Middleware/ShareErrorsFromSession.php(48): Illuminate/Pipeline/Pipeline->{closure:{closure:Illuminate/Pipeline/Pipeline::carry():194}:195}()
#25 C:/dict project/e-certify/e-certify/vendor/laravel/framework/src/Illuminate/Pipeline/Pipeline.php(219): Illuminate/View/Middleware/ShareErrorsFromSession->handle()
#26 C:/dict project/e-certify/e-certify/vendor/laravel/framework/src/Illuminate/Session/Middleware/StartSession.php(120): Illuminate/Pipeline/Pipeline->{closure:{closure:Illuminate/Pipeline/Pipeline::carry():194}:195}()
#27 C:/dict project/e-certify/e-certify/vendor/laravel/framework/src/Illuminate/Session/Middleware/StartSession.php(63): Illuminate/Session/Middleware/StartSession->handleStatefulRequest()
#28 C:/dict project/e-certify/e-certify/vendor/laravel/framework/src/Illuminate/Pipeline/Pipeline.php(219): Illuminate/Session/Middleware/StartSession->handle()
#29 C:/dict project/e-certify/e-certify/vendor/laravel/framework/src/Illuminate/Cookie/Middleware/AddQueuedCookiesToResponse.php(36): Illuminate/Pipeline/Pipeline->{closure:{closure:Illuminate/Pipeline/Pipeline::carry():194}:195}()
#30 C:/dict project/e-certify/e-certify/vendor/laravel/framework/src/Illuminate/Pipeline/Pipeline.php(219): Illuminate/Cookie/Middleware/AddQueuedCookiesToResponse->handle()
#31 C:/dict project/e-certify/e-certify/vendor/laravel/framework/src/Illuminate/Cookie/Middleware/EncryptCookies.php(74): Illuminate/Pipeline/Pipeline->{closure:{closure:Illuminate/Pipeline/Pipeline::carry():194}:195}()
#32 C:/dict project/e-certify/e-certify/vendor/laravel/framework/src/Illuminate/Pipeline/Pipeline.php(219): Illuminate/Cookie/Middleware/EncryptCookies->handle()
#33 C:/dict project/e-certify/e-certify/vendor/laravel/framework/src/Illuminate/Pipeline/Pipeline.php(137): Illuminate/Pipeline/Pipeline->{closure:{closure:Illuminate/Pipeline/Pipeline::carry():194}:195}()
#34 C:/dict project/e-certify/e-certify/vendor/laravel/framework/src/Illuminate/Routing/Router.php(821): Illuminate/Pipeline/Pipeline->then()
#35 C:/dict project/e-certify/e-certify/vendor/laravel/framework/src/Illuminate/Routing/Router.php(800): Illuminate/Routing/Router->runRouteWithinStack()
#36 C:/dict project/e-certify/e-certify/vendor/laravel/framework/src/Illuminate/Routing/Router.php(764): Illuminate/Routing/Router->runRoute()
#37 C:/dict project/e-certify/e-certify/vendor/laravel/framework/src/Illuminate/Routing/Router.php(753): Illuminate/Routing/Router->dispatchToRoute()
#38 C:/dict project/e-certify/e-certify/vendor/laravel/framework/src/Illuminate/Foundation/Http/Kernel.php(200): Illuminate/Routing/Router->dispatch()
#39 C:/dict project/e-certify/e-certify/vendor/laravel/framework/src/Illuminate/Pipeline/Pipeline.php(180): Illuminate/Foundation/Http/Kernel->{closure:Illuminate/Foundation/Http/Kernel::dispatchToRouter():197}()
#40 C:/dict project/e-certify/e-certify/vendor/livewire/livewire/src/Features/SupportDisablingBackButtonCache/DisableBackButtonCacheMiddleware.php(19): Illuminate/Pipeline/Pipeline->{closure:Illuminate/Pipeline/Pipeline::prepareDestination():178}()
#41 C:/dict project/e-certify/e-certify/vendor/laravel/framework/src/Illuminate/Pipeline/Pipeline.php(219): Livewire/Features/SupportDisablingBackButtonCache/DisableBackButtonCacheMiddleware->handle()
#42 C:/dict project/e-certify/e-certify/vendor/laravel/framework/src/Illuminate/Foundation/Http/Middleware/TransformsRequest.php(21): Illuminate/Pipeline/Pipeline->{closure:{closure:Illuminate/Pipeline/Pipeline::carry():194}:195}()
#43 C:/dict project/e-certify/e-certify/vendor/laravel/framework/src/Illuminate/Foundation/Http/Middleware/ConvertEmptyStringsToNull.php(31): Illuminate/Foundation/Http/Middleware/TransformsRequest->handle()
#44 C:/dict project/e-certify/e-certify/vendor/laravel/framework/src/Illuminate/Pipeline/Pipeline.php(219): Illuminate/Foundation/Http/Middleware/ConvertEmptyStringsToNull->handle()
#45 C:/dict project/e-certify/e-certify/vendor/laravel/framework/src/Illuminate/Foundation/Http/Middleware/TransformsRequest.php(21): Illuminate/Pipeline/Pipeline->{closure:{closure:Illuminate/Pipeline/Pipeline::carry():194}:195}()
#46 C:/dict project/e-certify/e-certify/vendor/laravel/framework/src/Illuminate/Foundation/Http/Middleware/TrimStrings.php(51): Illuminate/Foundation/Http/Middleware/TransformsRequest->handle()
#47 C:/dict project/e-certify/e-certify/vendor/laravel/framework/src/Illuminate/Pipeline/Pipeline.php(219): Illuminate/Foundation/Http/Middleware/TrimStrings->handle()
#48 C:/dict project/e-certify/e-certify/vendor/laravel/framework/src/Illuminate/Http/Middleware/ValidatePostSize.php(27): Illuminate/Pipeline/Pipeline->{closure:{closure:Illuminate/Pipeline/Pipeline::carry():194}:195}()
#49 C:/dict project/e-certify/e-certify/vendor/laravel/framework/src/Illuminate/Pipeline/Pipeline.php(219): Illuminate/Http/Middleware/ValidatePostSize->handle()
#50 C:/dict project/e-certify/e-certify/vendor/laravel/framework/src/Illuminate/Foundation/Http/Middleware/PreventRequestsDuringMaintenance.php(109): Illuminate/Pipeline/Pipeline->{closure:{closure:Illuminate/Pipeline/Pipeline::carry():194}:195}()
#51 C:/dict project/e-certify/e-certify/vendor/laravel/framework/src/Illuminate/Pipeline/Pipeline.php(219): Illuminate/Foundation/Http/Middleware/PreventRequestsDuringMaintenance->handle()
#52 C:/dict project/e-certify/e-certify/vendor/laravel/framework/src/Illuminate/Http/Middleware/HandleCors.php(61): Illuminate/Pipeline/Pipeline->{closure:{closure:Illuminate/Pipeline/Pipeline::carry():194}:195}()
#53 C:/dict project/e-certify/e-certify/vendor/laravel/framework/src/Illuminate/Pipeline/Pipeline.php(219): Illuminate/Http/Middleware/HandleCors->handle()
#54 C:/dict project/e-certify/e-certify/vendor/laravel/framework/src/Illuminate/Http/Middleware/TrustProxies.php(58): Illuminate/Pipeline/Pipeline->{closure:{closure:Illuminate/Pipeline/Pipeline::carry():194}:195}()
#55 C:/dict project/e-certify/e-certify/vendor/laravel/framework/src/Illuminate/Pipeline/Pipeline.php(219): Illuminate/Http/Middleware/TrustProxies->handle()
#56 C:/dict project/e-certify/e-certify/vendor/laravel/framework/src/Illuminate/Foundation/Http/Middleware/InvokeDeferredCallbacks.php(22): Illuminate/Pipeline/Pipeline->{closure:{closure:Illuminate/Pipeline/Pipeline::carry():194}:195}()
#57 C:/dict project/e-certify/e-certify/vendor/laravel/framework/src/Illuminate/Pipeline/Pipeline.php(219): Illuminate/Foundation/Http/Middleware/InvokeDeferredCallbacks->handle()
#58 C:/dict project/e-certify/e-certify/vendor/laravel/framework/src/Illuminate/Http/Middleware/ValidatePathEncoding.php(26): Illuminate/Pipeline/Pipeline->{closure:{closure:Illuminate/Pipeline/Pipeline::carry():194}:195}()
#59 C:/dict project/e-certify/e-certify/vendor/laravel/framework/src/Illuminate/Pipeline/Pipeline.php(219): Illuminate/Http/Middleware/ValidatePathEncoding->handle()
#60 C:/dict project/e-certify/e-certify/vendor/laravel/framework/src/Illuminate/Pipeline/Pipeline.php(137): Illuminate/Pipeline/Pipeline->{closure:{closure:Illuminate/Pipeline/Pipeline::carry():194}:195}()
#61 C:/dict project/e-certify/e-certify/vendor/laravel/framework/src/Illuminate/Foundation/Http/Kernel.php(175): Illuminate/Pipeline/Pipeline->then()
#62 C:/dict project/e-certify/e-certify/vendor/laravel/framework/src/Illuminate/Foundation/Http/Kernel.php(144): Illuminate/Foundation/Http/Kernel->sendRequestThroughRouter()
#63 C:/dict project/e-certify/e-certify/vendor/laravel/framework/src/Illuminate/Foundation/Application.php(1220): Illuminate/Foundation/Http/Kernel->handle()
#64 C:/dict project/e-certify/e-certify/public/index.php(20): Illuminate/Foundation/Application->handleRequest()
#65 C:/dict project/e-certify/e-certify/vendor/laravel/framework/src/Illuminate/Foundation/resources/server.php(23): require_once('...')
#66 {main}
"} 
[2026-03-16 09:36:27] local.ERROR: SQLSTATE[HY000] [2002] No connection could be made because the target machine actively refused it (Connection: mysql, Host: 127.0.0.1, Port: 3306, Database: ecertify_db, SQL: select * from `sessions` where `id` = xlSA94D8P3AUsRXN7MrZXJUOtg7lJQpWtlVLVur1 limit 1) {"exception":"[object] (Illuminate\\Database\\QueryException(code: 2002): SQLSTATE[HY000] [2002] No connection could be made because the target machine actively refused it (Connection: mysql, Host: 127.0.0.1, Port: 3306, Database: ecertify_db, SQL: select * from `sessions` where `id` = xlSA94D8P3AUsRXN7MrZXJUOtg7lJQpWtlVLVur1 limit 1) at C:/dict project/e-certify/e-certify/vendor/laravel/framework/src/Illuminate/Database/Connection.php:838)
[stacktrace]
#0 C:/dict project/e-certify/e-certify/vendor/laravel/framework/src/Illuminate/Database/Connection.php(999): Illuminate/Database/Connection->runQueryCallback()
#1 C:/dict project/e-certify/e-certify/vendor/laravel/framework/src/Illuminate/Database/Connection.php(978): Illuminate/Database/Connection->tryAgainIfCausedByLostConnection()
#2 C:/dict project/e-certify/e-certify/vendor/laravel/framework/src/Illuminate/Database/Connection.php(796): Illuminate/Database/Connection->handleQueryException()
#3 C:/dict project/e-certify/e-certify/vendor/laravel/framework/src/Illuminate/Database/Connection.php(411): Illuminate/Database/Connection->run()
#4 C:/dict project/e-certify/e-certify/vendor/laravel/framework/src/Illuminate/Database/Query/Builder.php(3475): Illuminate/Database/Connection->select()
#5 C:/dict project/e-certify/e-certify/vendor/laravel/framework/src/Illuminate/Database/Query/Builder.php(3460): Illuminate/Database/Query/Builder->runSelect()
#6 C:/dict project/e-certify/e-certify/vendor/laravel/framework/src/Illuminate/Database/Query/Builder.php(4050): Illuminate/Database/Query/Builder->{closure:Illuminate/Database/Query/Builder::get():3459}()
#7 C:/dict project/e-certify/e-certify/vendor/laravel/framework/src/Illuminate/Database/Query/Builder.php(3459): Illuminate/Database/Query/Builder->onceWithColumns()
#8 C:/dict project/e-certify/e-certify/vendor/laravel/framework/src/Illuminate/Database/Concerns/BuildsQueries.php(366): Illuminate/Database/Query/Builder->get()
#9 C:/dict project/e-certify/e-certify/vendor/laravel/framework/src/Illuminate/Database/Query/Builder.php(3382): Illuminate/Database/Query/Builder->first()
#10 C:/dict project/e-certify/e-certify/vendor/laravel/framework/src/Illuminate/Session/DatabaseSessionHandler.php(96): Illuminate/Database/Query/Builder->find()
#11 C:/dict project/e-certify/e-certify/vendor/laravel/framework/src/Illuminate/Session/Store.php(128): Illuminate/Session/DatabaseSessionHandler->read()
#12 C:/dict project/e-certify/e-certify/vendor/laravel/framework/src/Illuminate/Session/Store.php(116): Illuminate/Session/Store->readFromHandler()
#13 C:/dict project/e-certify/e-certify/vendor/laravel/framework/src/Illuminate/Session/Store.php(100): Illuminate/Session/Store->loadSession()
#14 C:/dict project/e-certify/e-certify/vendor/laravel/framework/src/Illuminate/Session/Middleware/StartSession.php(146): Illuminate/Session/Store->start()
#15 C:/dict project/e-certify/e-certify/vendor/laravel/framework/src/Illuminate/Support/helpers.php(388): Illuminate/Session/Middleware/StartSession->{closure:Illuminate/Session/Middleware/StartSession::startSession():143}()
#16 C:/dict project/e-certify/e-certify/vendor/laravel/framework/src/Illuminate/Session/Middleware/StartSession.php(143): tap()
#17 C:/dict project/e-certify/e-certify/vendor/laravel/framework/src/Illuminate/Session/Middleware/StartSession.php(115): Illuminate/Session/Middleware/StartSession->startSession()
#18 C:/dict project/e-certify/e-certify/vendor/laravel/framework/src/Illuminate/Session/Middleware/StartSession.php(63): Illuminate/Session/Middleware/StartSession->handleStatefulRequest()
#19 C:/dict project/e-certify/e-certify/vendor/laravel/framework/src/Illuminate/Pipeline/Pipeline.php(219): Illuminate/Session/Middleware/StartSession->handle()
#20 C:/dict project/e-certify/e-certify/vendor/laravel/framework/src/Illuminate/Cookie/Middleware/AddQueuedCookiesToResponse.php(36): Illuminate/Pipeline/Pipeline->{closure:{closure:Illuminate/Pipeline/Pipeline::carry():194}:195}()
#21 C:/dict project/e-certify/e-certify/vendor/laravel/framework/src/Illuminate/Pipeline/Pipeline.php(219): Illuminate/Cookie/Middleware/AddQueuedCookiesToResponse->handle()
#22 C:/dict project/e-certify/e-certify/vendor/laravel/framework/src/Illuminate/Cookie/Middleware/EncryptCookies.php(74): Illuminate/Pipeline/Pipeline->{closure:{closure:Illuminate/Pipeline/Pipeline::carry():194}:195}()
#23 C:/dict project/e-certify/e-certify/vendor/laravel/framework/src/Illuminate/Pipeline/Pipeline.php(219): Illuminate/Cookie/Middleware/EncryptCookies->handle()
#24 C:/dict project/e-certify/e-certify/vendor/laravel/framework/src/Illuminate/Pipeline/Pipeline.php(137): Illuminate/Pipeline/Pipeline->{closure:{closure:Illuminate/Pipeline/Pipeline::carry():194}:195}()
#25 C:/dict project/e-certify/e-certify/vendor/laravel/framework/src/Illuminate/Routing/Router.php(821): Illuminate/Pipeline/Pipeline->then()
#26 C:/dict project/e-certify/e-certify/vendor/laravel/framework/src/Illuminate/Routing/Router.php(800): Illuminate/Routing/Router->runRouteWithinStack()
#27 C:/dict project/e-certify/e-certify/vendor/laravel/framework/src/Illuminate/Routing/Router.php(764): Illuminate/Routing/Router->runRoute()
#28 C:/dict project/e-certify/e-certify/vendor/laravel/framework/src/Illuminate/Routing/Router.php(753): Illuminate/Routing/Router->dispatchToRoute()
#29 C:/dict project/e-certify/e-certify/vendor/laravel/framework/src/Illuminate/Foundation/Http/Kernel.php(200): Illuminate/Routing/Router->dispatch()
#30 C:/dict project/e-certify/e-certify/vendor/laravel/framework/src/Illuminate/Pipeline/Pipeline.php(180): Illuminate/Foundation/Http/Kernel->{closure:Illuminate/Foundation/Http/Kernel::dispatchToRouter():197}()
#31 C:/dict project/e-certify/e-certify/vendor/livewire/livewire/src/Features/SupportDisablingBackButtonCache/DisableBackButtonCacheMiddleware.php(19): Illuminate/Pipeline/Pipeline->{closure:Illuminate/Pipeline/Pipeline::prepareDestination():178}()
#32 C:/dict project/e-certify/e-certify/vendor/laravel/framework/src/Illuminate/Pipeline/Pipeline.php(219): Livewire/Features/SupportDisablingBackButtonCache/DisableBackButtonCacheMiddleware->handle()
#33 C:/dict project/e-certify/e-certify/vendor/laravel/framework/src/Illuminate/Foundation/Http/Middleware/TransformsRequest.php(21): Illuminate/Pipeline/Pipeline->{closure:{closure:Illuminate/Pipeline/Pipeline::carry():194}:195}()
#34 C:/dict project/e-certify/e-certify/vendor/laravel/framework/src/Illuminate/Foundation/Http/Middleware/ConvertEmptyStringsToNull.php(31): Illuminate/Foundation/Http/Middleware/TransformsRequest->handle()
#35 C:/dict project/e-certify/e-certify/vendor/laravel/framework/src/Illuminate/Pipeline/Pipeline.php(219): Illuminate/Foundation/Http/Middleware/ConvertEmptyStringsToNull->handle()
#36 C:/dict project/e-certify/e-certify/vendor/laravel/framework/src/Illuminate/Foundation/Http/Middleware/TransformsRequest.php(21): Illuminate/Pipeline/Pipeline->{closure:{closure:Illuminate/Pipeline/Pipeline::carry():194}:195}()
#37 C:/dict project/e-certify/e-certify/vendor/laravel/framework/src/Illuminate/Foundation/Http/Middleware/TrimStrings.php(51): Illuminate/Foundation/Http/Middleware/TransformsRequest->handle()
#38 C:/dict project/e-certify/e-certify/vendor/laravel/framework/src/Illuminate/Pipeline/Pipeline.php(219): Illuminate/Foundation/Http/Middleware/TrimStrings->handle()
#39 C:/dict project/e-certify/e-certify/vendor/laravel/framework/src/Illuminate/Http/Middleware/ValidatePostSize.php(27): Illuminate/Pipeline/Pipeline->{closure:{closure:Illuminate/Pipeline/Pipeline::carry():194}:195}()
#40 C:/dict project/e-certify/e-certify/vendor/laravel/framework/src/Illuminate/Pipeline/Pipeline.php(219): Illuminate/Http/Middleware/ValidatePostSize->handle()
#41 C:/dict project/e-certify/e-certify/vendor/laravel/framework/src/Illuminate/Foundation/Http/Middleware/PreventRequestsDuringMaintenance.php(109): Illuminate/Pipeline/Pipeline->{closure:{closure:Illuminate/Pipeline/Pipeline::carry():194}:195}()
#42 C:/dict project/e-certify/e-certify/vendor/laravel/framework/src/Illuminate/Pipeline/Pipeline.php(219): Illuminate/Foundation/Http/Middleware/PreventRequestsDuringMaintenance->handle()
#43 C:/dict project/e-certify/e-certify/vendor/laravel/framework/src/Illuminate/Http/Middleware/HandleCors.php(61): Illuminate/Pipeline/Pipeline->{closure:{closure:Illuminate/Pipeline/Pipeline::carry():194}:195}()
#44 C:/dict project/e-certify/e-certify/vendor/laravel/framework/src/Illuminate/Pipeline/Pipeline.php(219): Illuminate/Http/Middleware/HandleCors->handle()
#45 C:/dict project/e-certify/e-certify/vendor/laravel/framework/src/Illuminate/Http/Middleware/TrustProxies.php(58): Illuminate/Pipeline/Pipeline->{closure:{closure:Illuminate/Pipeline/Pipeline::carry():194}:195}()
#46 C:/dict project/e-certify/e-certify/vendor/laravel/framework/src/Illuminate/Pipeline/Pipeline.php(219): Illuminate/Http/Middleware/TrustProxies->handle()
#47 C:/dict project/e-certify/e-certify/vendor/laravel/framework/src/Illuminate/Foundation/Http/Middleware/InvokeDeferredCallbacks.php(22): Illuminate/Pipeline/Pipeline->{closure:{closure:Illuminate/Pipeline/Pipeline::carry():194}:195}()
#48 C:/dict project/e-certify/e-certify/vendor/laravel/framework/src/Illuminate/Pipeline/Pipeline.php(219): Illuminate/Foundation/Http/Middleware/InvokeDeferredCallbacks->handle()
#49 C:/dict project/e-certify/e-certify/vendor/laravel/framework/src/Illuminate/Http/Middleware/ValidatePathEncoding.php(26): Illuminate/Pipeline/Pipeline->{closure:{closure:Illuminate/Pipeline/Pipeline::carry():194}:195}()
#50 C:/dict project/e-certify/e-certify/vendor/laravel/framework/src/Illuminate/Pipeline/Pipeline.php(219): Illuminate/Http/Middleware/ValidatePathEncoding->handle()
#51 C:/dict project/e-certify/e-certify/vendor/laravel/framework/src/Illuminate/Pipeline/Pipeline.php(137): Illuminate/Pipeline/Pipeline->{closure:{closure:Illuminate/Pipeline/Pipeline::carry():194}:195}()
#52 C:/dict project/e-certify/e-certify/vendor/laravel/framework/src/Illuminate/Foundation/Http/Kernel.php(175): Illuminate/Pipeline/Pipeline->then()
#53 C:/dict project/e-certify/e-certify/vendor/laravel/framework/src/Illuminate/Foundation/Http/Kernel.php(144): Illuminate/Foundation/Http/Kernel->sendRequestThroughRouter()
#54 C:/dict project/e-certify/e-certify/vendor/laravel/framework/src/Illuminate/Foundation/Application.php(1220): Illuminate/Foundation/Http/Kernel->handle()
#55 C:/dict project/e-certify/e-certify/public/index.php(20): Illuminate/Foundation/Application->handleRequest()
#56 C:/dict project/e-certify/e-certify/vendor/laravel/framework/src/Illuminate/Foundation/resources/server.php(23): require_once('...')
#57 {main}

[previous exception] [object] (PDOException(code: 2002): SQLSTATE[HY000] [2002] No connection could be made because the target machine actively refused it at C:/dict project/e-certify/e-certify/vendor/laravel/framework/src/Illuminate/Database/Connectors/Connector.php:67)
[stacktrace]
#0 C:/dict project/e-certify/e-certify/vendor/laravel/framework/src/Illuminate/Database/Connectors/Connector.php(67): PDO::connect()
#1 C:/dict project/e-certify/e-certify/vendor/laravel/framework/src/Illuminate/Database/Connectors/Connector.php(85): Illuminate/Database/Connectors/Connector->createPdoConnection()
#2 C:/dict project/e-certify/e-certify/vendor/laravel/framework/src/Illuminate/Database/Connectors/Connector.php(48): Illuminate/Database/Connectors/Connector->tryAgainIfCausedByLostConnection()
#3 C:/dict project/e-certify/e-certify/vendor/laravel/framework/src/Illuminate/Database/Connectors/MySqlConnector.php(24): Illuminate/Database/Connectors/Connector->createConnection()
#4 C:/dict project/e-certify/e-certify/vendor/laravel/framework/src/Illuminate/Database/Connectors/ConnectionFactory.php(186): Illuminate/Database/Connectors/MySqlConnector->connect()
#5 [internal function]: Illuminate/Database/Connectors/ConnectionFactory->{closure:Illuminate/Database/Connectors/ConnectionFactory::createPdoResolverWithHosts():181}()
#6 C:/dict project/e-certify/e-certify/vendor/laravel/framework/src/Illuminate/Database/Connection.php(1257): call_user_func()
#7 C:/dict project/e-certify/e-certify/vendor/laravel/framework/src/Illuminate/Database/Connection.php(525): Illuminate/Database/Connection->getPdo()
#8 C:/dict project/e-certify/e-certify/vendor/laravel/framework/src/Illuminate/Database/Connection.php(420): Illuminate/Database/Connection->getPdoForSelect()
#9 C:/dict project/e-certify/e-certify/vendor/laravel/framework/src/Illuminate/Database/Connection.php(827): Illuminate/Database/Connection->{closure:Illuminate/Database/Connection::select():411}()
#10 C:/dict project/e-certify/e-certify/vendor/laravel/framework/src/Illuminate/Database/Connection.php(999): Illuminate/Database/Connection->runQueryCallback()
#11 C:/dict project/e-certify/e-certify/vendor/laravel/framework/src/Illuminate/Database/Connection.php(978): Illuminate/Database/Connection->tryAgainIfCausedByLostConnection()
#12 C:/dict project/e-certify/e-certify/vendor/laravel/framework/src/Illuminate/Database/Connection.php(796): Illuminate/Database/Connection->handleQueryException()
#13 C:/dict project/e-certify/e-certify/vendor/laravel/framework/src/Illuminate/Database/Connection.php(411): Illuminate/Database/Connection->run()
#14 C:/dict project/e-certify/e-certify/vendor/laravel/framework/src/Illuminate/Database/Query/Builder.php(3475): Illuminate/Database/Connection->select()
#15 C:/dict project/e-certify/e-certify/vendor/laravel/framework/src/Illuminate/Database/Query/Builder.php(3460): Illuminate/Database/Query/Builder->runSelect()
#16 C:/dict project/e-certify/e-certify/vendor/laravel/framework/src/Illuminate/Database/Query/Builder.php(4050): Illuminate/Database/Query/Builder->{closure:Illuminate/Database/Query/Builder::get():3459}()
#17 C:/dict project/e-certify/e-certify/vendor/laravel/framework/src/Illuminate/Database/Query/Builder.php(3459): Illuminate/Database/Query/Builder->onceWithColumns()
#18 C:/dict project/e-certify/e-certify/vendor/laravel/framework/src/Illuminate/Database/Concerns/BuildsQueries.php(366): Illuminate/Database/Query/Builder->get()
#19 C:/dict project/e-certify/e-certify/vendor/laravel/framework/src/Illuminate/Database/Query/Builder.php(3382): Illuminate/Database/Query/Builder->first()
#20 C:/dict project/e-certify/e-certify/vendor/laravel/framework/src/Illuminate/Session/DatabaseSessionHandler.php(96): Illuminate/Database/Query/Builder->find()
#21 C:/dict project/e-certify/e-certify/vendor/laravel/framework/src/Illuminate/Session/Store.php(128): Illuminate/Session/DatabaseSessionHandler->read()
#22 C:/dict project/e-certify/e-certify/vendor/laravel/framework/src/Illuminate/Session/Store.php(116): Illuminate/Session/Store->readFromHandler()
#23 C:/dict project/e-certify/e-certify/vendor/laravel/framework/src/Illuminate/Session/Store.php(100): Illuminate/Session/Store->loadSession()
#24 C:/dict project/e-certify/e-certify/vendor/laravel/framework/src/Illuminate/Session/Middleware/StartSession.php(146): Illuminate/Session/Store->start()
#25 C:/dict project/e-certify/e-certify/vendor/laravel/framework/src/Illuminate/Support/helpers.php(388): Illuminate/Session/Middleware/StartSession->{closure:Illuminate/Session/Middleware/StartSession::startSession():143}()
#26 C:/dict project/e-certify/e-certify/vendor/laravel/framework/src/Illuminate/Session/Middleware/StartSession.php(143): tap()
#27 C:/dict project/e-certify/e-certify/vendor/laravel/framework/src/Illuminate/Session/Middleware/StartSession.php(115): Illuminate/Session/Middleware/StartSession->startSession()
#28 C:/dict project/e-certify/e-certify/vendor/laravel/framework/src/Illuminate/Session/Middleware/StartSession.php(63): Illuminate/Session/Middleware/StartSession->handleStatefulRequest()
#29 C:/dict project/e-certify/e-certify/vendor/laravel/framework/src/Illuminate/Pipeline/Pipeline.php(219): Illuminate/Session/Middleware/StartSession->handle()
#30 C:/dict project/e-certify/e-certify/vendor/laravel/framework/src/Illuminate/Cookie/Middleware/AddQueuedCookiesToResponse.php(36): Illuminate/Pipeline/Pipeline->{closure:{closure:Illuminate/Pipeline/Pipeline::carry():194}:195}()
#31 C:/dict project/e-certify/e-certify/vendor/laravel/framework/src/Illuminate/Pipeline/Pipeline.php(219): Illuminate/Cookie/Middleware/AddQueuedCookiesToResponse->handle()
#32 C:/dict project/e-certify/e-certify/vendor/laravel/framework/src/Illuminate/Cookie/Middleware/EncryptCookies.php(74): Illuminate/Pipeline/Pipeline->{closure:{closure:Illuminate/Pipeline/Pipeline::carry():194}:195}()
#33 C:/dict project/e-certify/e-certify/vendor/laravel/framework/src/Illuminate/Pipeline/Pipeline.php(219): Illuminate/Cookie/Middleware/EncryptCookies->handle()
#34 C:/dict project/e-certify/e-certify/vendor/laravel/framework/src/Illuminate/Pipeline/Pipeline.php(137): Illuminate/Pipeline/Pipeline->{closure:{closure:Illuminate/Pipeline/Pipeline::carry():194}:195}()
#35 C:/dict project/e-certify/e-certify/vendor/laravel/framework/src/Illuminate/Routing/Router.php(821): Illuminate/Pipeline/Pipeline->then()
#36 C:/dict project/e-certify/e-certify/vendor/laravel/framework/src/Illuminate/Routing/Router.php(800): Illuminate/Routing/Router->runRouteWithinStack()
#37 C:/dict project/e-certify/e-certify/vendor/laravel/framework/src/Illuminate/Routing/Router.php(764): Illuminate/Routing/Router->runRoute()
#38 C:/dict project/e-certify/e-certify/vendor/laravel/framework/src/Illuminate/Routing/Router.php(753): Illuminate/Routing/Router->dispatchToRoute()
#39 C:/dict project/e-certify/e-certify/vendor/laravel/framework/src/Illuminate/Foundation/Http/Kernel.php(200): Illuminate/Routing/Router->dispatch()
#40 C:/dict project/e-certify/e-certify/vendor/laravel/framework/src/Illuminate/Pipeline/Pipeline.php(180): Illuminate/Foundation/Http/Kernel->{closure:Illuminate/Foundation/Http/Kernel::dispatchToRouter():197}()
#41 C:/dict project/e-certify/e-certify/vendor/livewire/livewire/src/Features/SupportDisablingBackButtonCache/DisableBackButtonCacheMiddleware.php(19): Illuminate/Pipeline/Pipeline->{closure:Illuminate/Pipeline/Pipeline::prepareDestination():178}()
#42 C:/dict project/e-certify/e-certify/vendor/laravel/framework/src/Illuminate/Pipeline/Pipeline.php(219): Livewire/Features/SupportDisablingBackButtonCache/DisableBackButtonCacheMiddleware->handle()
#43 C:/dict project/e-certify/e-certify/vendor/laravel/framework/src/Illuminate/Foundation/Http/Middleware/TransformsRequest.php(21): Illuminate/Pipeline/Pipeline->{closure:{closure:Illuminate/Pipeline/Pipeline::carry():194}:195}()
#44 C:/dict project/e-certify/e-certify/vendor/laravel/framework/src/Illuminate/Foundation/Http/Middleware/ConvertEmptyStringsToNull.php(31): Illuminate/Foundation/Http/Middleware/TransformsRequest->handle()
#45 C:/dict project/e-certify/e-certify/vendor/laravel/framework/src/Illuminate/Pipeline/Pipeline.php(219): Illuminate/Foundation/Http/Middleware/ConvertEmptyStringsToNull->handle()
#46 C:/dict project/e-certify/e-certify/vendor/laravel/framework/src/Illuminate/Foundation/Http/Middleware/TransformsRequest.php(21): Illuminate/Pipeline/Pipeline->{closure:{closure:Illuminate/Pipeline/Pipeline::carry():194}:195}()
#47 C:/dict project/e-certify/e-certify/vendor/laravel/framework/src/Illuminate/Foundation/Http/Middleware/TrimStrings.php(51): Illuminate/Foundation/Http/Middleware/TransformsRequest->handle()
#48 C:/dict project/e-certify/e-certify/vendor/laravel/framework/src/Illuminate/Pipeline/Pipeline.php(219): Illuminate/Foundation/Http/Middleware/TrimStrings->handle()
#49 C:/dict project/e-certify/e-certify/vendor/laravel/framework/src/Illuminate/Http/Middleware/ValidatePostSize.php(27): Illuminate/Pipeline/Pipeline->{closure:{closure:Illuminate/Pipeline/Pipeline::carry():194}:195}()
#50 C:/dict project/e-certify/e-certify/vendor/laravel/framework/src/Illuminate/Pipeline/Pipeline.php(219): Illuminate/Http/Middleware/ValidatePostSize->handle()
#51 C:/dict project/e-certify/e-certify/vendor/laravel/framework/src/Illuminate/Foundation/Http/Middleware/PreventRequestsDuringMaintenance.php(109): Illuminate/Pipeline/Pipeline->{closure:{closure:Illuminate/Pipeline/Pipeline::carry():194}:195}()
#52 C:/dict project/e-certify/e-certify/vendor/laravel/framework/src/Illuminate/Pipeline/Pipeline.php(219): Illuminate/Foundation/Http/Middleware/PreventRequestsDuringMaintenance->handle()
#53 C:/dict project/e-certify/e-certify/vendor/laravel/framework/src/Illuminate/Http/Middleware/HandleCors.php(61): Illuminate/Pipeline/Pipeline->{closure:{closure:Illuminate/Pipeline/Pipeline::carry():194}:195}()
#54 C:/dict project/e-certify/e-certify/vendor/laravel/framework/src/Illuminate/Pipeline/Pipeline.php(219): Illuminate/Http/Middleware/HandleCors->handle()
#55 C:/dict project/e-certify/e-certify/vendor/laravel/framework/src/Illuminate/Http/Middleware/TrustProxies.php(58): Illuminate/Pipeline/Pipeline->{closure:{closure:Illuminate/Pipeline/Pipeline::carry():194}:195}()
#56 C:/dict project/e-certify/e-certify/vendor/laravel/framework/src/Illuminate/Pipeline/Pipeline.php(219): Illuminate/Http/Middleware/TrustProxies->handle()
#57 C:/dict project/e-certify/e-certify/vendor/laravel/framework/src/Illuminate/Foundation/Http/Middleware/InvokeDeferredCallbacks.php(22): Illuminate/Pipeline/Pipeline->{closure:{closure:Illuminate/Pipeline/Pipeline::carry():194}:195}()
#58 C:/dict project/e-certify/e-certify/vendor/laravel/framework/src/Illuminate/Pipeline/Pipeline.php(219): Illuminate/Foundation/Http/Middleware/InvokeDeferredCallbacks->handle()
#59 C:/dict project/e-certify/e-certify/vendor/laravel/framework/src/Illuminate/Http/Middleware/ValidatePathEncoding.php(26): Illuminate/Pipeline/Pipeline->{closure:{closure:Illuminate/Pipeline/Pipeline::carry():194}:195}()
#60 C:/dict project/e-certify/e-certify/vendor/laravel/framework/src/Illuminate/Pipeline/Pipeline.php(219): Illuminate/Http/Middleware/ValidatePathEncoding->handle()
#61 C:/dict project/e-certify/e-certify/vendor/laravel/framework/src/Illuminate/Pipeline/Pipeline.php(137): Illuminate/Pipeline/Pipeline->{closure:{closure:Illuminate/Pipeline/Pipeline::carry():194}:195}()
#62 C:/dict project/e-certify/e-certify/vendor/laravel/framework/src/Illuminate/Foundation/Http/Kernel.php(175): Illuminate/Pipeline/Pipeline->then()
#63 C:/dict project/e-certify/e-certify/vendor/laravel/framework/src/Illuminate/Foundation/Http/Kernel.php(144): Illuminate/Foundation/Http/Kernel->sendRequestThroughRouter()
#64 C:/dict project/e-certify/e-certify/vendor/laravel/framework/src/Illuminate/Foundation/Application.php(1220): Illuminate/Foundation/Http/Kernel->handle()
#65 C:/dict project/e-certify/e-certify/public/index.php(20): Illuminate/Foundation/Application->handleRequest()
#66 C:/dict project/e-certify/e-certify/vendor/laravel/framework/src/Illuminate/Foundation/resources/server.php(23): require_once('...')
#67 {main}
"} 
[2026-03-16 09:36:47] local.ERROR: SQLSTATE[HY000] [2002] No connection could be made because the target machine actively refused it (Connection: mysql, Host: 127.0.0.1, Port: 3306, Database: ecertify_db, SQL: select * from `sessions` where `id` = UhShVmrZx5PnJ3tVaN136UgeJ9iaiQe0ssSvMyP5 limit 1) {"exception":"[object] (Illuminate\\Database\\QueryException(code: 2002): SQLSTATE[HY000] [2002] No connection could be made because the target machine actively refused it (Connection: mysql, Host: 127.0.0.1, Port: 3306, Database: ecertify_db, SQL: select * from `sessions` where `id` = UhShVmrZx5PnJ3tVaN136UgeJ9iaiQe0ssSvMyP5 limit 1) at C:/dict project/e-certify/e-certify/vendor/laravel/framework/src/Illuminate/Database/Connection.php:838)
[stacktrace]
#0 C:/dict project/e-certify/e-certify/vendor/laravel/framework/src/Illuminate/Database/Connection.php(999): Illuminate/Database/Connection->runQueryCallback()
#1 C:/dict project/e-certify/e-certify/vendor/laravel/framework/src/Illuminate/Database/Connection.php(978): Illuminate/Database/Connection->tryAgainIfCausedByLostConnection()
#2 C:/dict project/e-certify/e-certify/vendor/laravel/framework/src/Illuminate/Database/Connection.php(796): Illuminate/Database/Connection->handleQueryException()
#3 C:/dict project/e-certify/e-certify/vendor/laravel/framework/src/Illuminate/Database/Connection.php(411): Illuminate/Database/Connection->run()
#4 C:/dict project/e-certify/e-certify/vendor/laravel/framework/src/Illuminate/Database/Query/Builder.php(3475): Illuminate/Database/Connection->select()
#5 C:/dict project/e-certify/e-certify/vendor/laravel/framework/src/Illuminate/Database/Query/Builder.php(3460): Illuminate/Database/Query/Builder->runSelect()
#6 C:/dict project/e-certify/e-certify/vendor/laravel/framework/src/Illuminate/Database/Query/Builder.php(4050): Illuminate/Database/Query/Builder->{closure:Illuminate/Database/Query/Builder::get():3459}()
#7 C:/dict project/e-certify/e-certify/vendor/laravel/framework/src/Illuminate/Database/Query/Builder.php(3459): Illuminate/Database/Query/Builder->onceWithColumns()
#8 C:/dict project/e-certify/e-certify/vendor/laravel/framework/src/Illuminate/Database/Concerns/BuildsQueries.php(366): Illuminate/Database/Query/Builder->get()
#9 C:/dict project/e-certify/e-certify/vendor/laravel/framework/src/Illuminate/Database/Query/Builder.php(3382): Illuminate/Database/Query/Builder->first()
#10 C:/dict project/e-certify/e-certify/vendor/laravel/framework/src/Illuminate/Session/DatabaseSessionHandler.php(96): Illuminate/Database/Query/Builder->find()
#11 C:/dict project/e-certify/e-certify/vendor/laravel/framework/src/Illuminate/Session/Store.php(128): Illuminate/Session/DatabaseSessionHandler->read()
#12 C:/dict project/e-certify/e-certify/vendor/laravel/framework/src/Illuminate/Session/Store.php(116): Illuminate/Session/Store->readFromHandler()
#13 C:/dict project/e-certify/e-certify/vendor/laravel/framework/src/Illuminate/Session/Store.php(100): Illuminate/Session/Store->loadSession()
#14 C:/dict project/e-certify/e-certify/vendor/laravel/framework/src/Illuminate/Session/Middleware/StartSession.php(146): Illuminate/Session/Store->start()
#15 C:/dict project/e-certify/e-certify/vendor/laravel/framework/src/Illuminate/Support/helpers.php(388): Illuminate/Session/Middleware/StartSession->{closure:Illuminate/Session/Middleware/StartSession::startSession():143}()
#16 C:/dict project/e-certify/e-certify/vendor/laravel/framework/src/Illuminate/Session/Middleware/StartSession.php(143): tap()
#17 C:/dict project/e-certify/e-certify/vendor/laravel/framework/src/Illuminate/Session/Middleware/StartSession.php(115): Illuminate/Session/Middleware/StartSession->startSession()
#18 C:/dict project/e-certify/e-certify/vendor/laravel/framework/src/Illuminate/Session/Middleware/StartSession.php(63): Illuminate/Session/Middleware/StartSession->handleStatefulRequest()
#19 C:/dict project/e-certify/e-certify/vendor/laravel/framework/src/Illuminate/Pipeline/Pipeline.php(219): Illuminate/Session/Middleware/StartSession->handle()
#20 C:/dict project/e-certify/e-certify/vendor/laravel/framework/src/Illuminate/Cookie/Middleware/AddQueuedCookiesToResponse.php(36): Illuminate/Pipeline/Pipeline->{closure:{closure:Illuminate/Pipeline/Pipeline::carry():194}:195}()
#21 C:/dict project/e-certify/e-certify/vendor/laravel/framework/src/Illuminate/Pipeline/Pipeline.php(219): Illuminate/Cookie/Middleware/AddQueuedCookiesToResponse->handle()
#22 C:/dict project/e-certify/e-certify/vendor/laravel/framework/src/Illuminate/Cookie/Middleware/EncryptCookies.php(74): Illuminate/Pipeline/Pipeline->{closure:{closure:Illuminate/Pipeline/Pipeline::carry():194}:195}()
#23 C:/dict project/e-certify/e-certify/vendor/laravel/framework/src/Illuminate/Pipeline/Pipeline.php(219): Illuminate/Cookie/Middleware/EncryptCookies->handle()
#24 C:/dict project/e-certify/e-certify/vendor/laravel/framework/src/Illuminate/Pipeline/Pipeline.php(137): Illuminate/Pipeline/Pipeline->{closure:{closure:Illuminate/Pipeline/Pipeline::carry():194}:195}()
#25 C:/dict project/e-certify/e-certify/vendor/laravel/framework/src/Illuminate/Routing/Router.php(821): Illuminate/Pipeline/Pipeline->then()
#26 C:/dict project/e-certify/e-certify/vendor/laravel/framework/src/Illuminate/Routing/Router.php(800): Illuminate/Routing/Router->runRouteWithinStack()
#27 C:/dict project/e-certify/e-certify/vendor/laravel/framework/src/Illuminate/Routing/Router.php(764): Illuminate/Routing/Router->runRoute()
#28 C:/dict project/e-certify/e-certify/vendor/laravel/framework/src/Illuminate/Routing/Router.php(753): Illuminate/Routing/Router->dispatchToRoute()
#29 C:/dict project/e-certify/e-certify/vendor/laravel/framework/src/Illuminate/Foundation/Http/Kernel.php(200): Illuminate/Routing/Router->dispatch()
#30 C:/dict project/e-certify/e-certify/vendor/laravel/framework/src/Illuminate/Pipeline/Pipeline.php(180): Illuminate/Foundation/Http/Kernel->{closure:Illuminate/Foundation/Http/Kernel::dispatchToRouter():197}()
#31 C:/dict project/e-certify/e-certify/vendor/livewire/livewire/src/Features/SupportDisablingBackButtonCache/DisableBackButtonCacheMiddleware.php(19): Illuminate/Pipeline/Pipeline->{closure:Illuminate/Pipeline/Pipeline::prepareDestination():178}()
#32 C:/dict project/e-certify/e-certify/vendor/laravel/framework/src/Illuminate/Pipeline/Pipeline.php(219): Livewire/Features/SupportDisablingBackButtonCache/DisableBackButtonCacheMiddleware->handle()
#33 C:/dict project/e-certify/e-certify/vendor/laravel/framework/src/Illuminate/Foundation/Http/Middleware/TransformsRequest.php(21): Illuminate/Pipeline/Pipeline->{closure:{closure:Illuminate/Pipeline/Pipeline::carry():194}:195}()
#34 C:/dict project/e-certify/e-certify/vendor/laravel/framework/src/Illuminate/Foundation/Http/Middleware/ConvertEmptyStringsToNull.php(31): Illuminate/Foundation/Http/Middleware/TransformsRequest->handle()
#35 C:/dict project/e-certify/e-certify/vendor/laravel/framework/src/Illuminate/Pipeline/Pipeline.php(219): Illuminate/Foundation/Http/Middleware/ConvertEmptyStringsToNull->handle()
#36 C:/dict project/e-certify/e-certify/vendor/laravel/framework/src/Illuminate/Foundation/Http/Middleware/TransformsRequest.php(21): Illuminate/Pipeline/Pipeline->{closure:{closure:Illuminate/Pipeline/Pipeline::carry():194}:195}()
#37 C:/dict project/e-certify/e-certify/vendor/laravel/framework/src/Illuminate/Foundation/Http/Middleware/TrimStrings.php(51): Illuminate/Foundation/Http/Middleware/TransformsRequest->handle()
#38 C:/dict project/e-certify/e-certify/vendor/laravel/framework/src/Illuminate/Pipeline/Pipeline.php(219): Illuminate/Foundation/Http/Middleware/TrimStrings->handle()
#39 C:/dict project/e-certify/e-certify/vendor/laravel/framework/src/Illuminate/Http/Middleware/ValidatePostSize.php(27): Illuminate/Pipeline/Pipeline->{closure:{closure:Illuminate/Pipeline/Pipeline::carry():194}:195}()
#40 C:/dict project/e-certify/e-certify/vendor/laravel/framework/src/Illuminate/Pipeline/Pipeline.php(219): Illuminate/Http/Middleware/ValidatePostSize->handle()
#41 C:/dict project/e-certify/e-certify/vendor/laravel/framework/src/Illuminate/Foundation/Http/Middleware/PreventRequestsDuringMaintenance.php(109): Illuminate/Pipeline/Pipeline->{closure:{closure:Illuminate/Pipeline/Pipeline::carry():194}:195}()
#42 C:/dict project/e-certify/e-certify/vendor/laravel/framework/src/Illuminate/Pipeline/Pipeline.php(219): Illuminate/Foundation/Http/Middleware/PreventRequestsDuringMaintenance->handle()
#43 C:/dict project/e-certify/e-certify/vendor/laravel/framework/src/Illuminate/Http/Middleware/HandleCors.php(61): Illuminate/Pipeline/Pipeline->{closure:{closure:Illuminate/Pipeline/Pipeline::carry():194}:195}()
#44 C:/dict project/e-certify/e-certify/vendor/laravel/framework/src/Illuminate/Pipeline/Pipeline.php(219): Illuminate/Http/Middleware/HandleCors->handle()
#45 C:/dict project/e-certify/e-certify/vendor/laravel/framework/src/Illuminate/Http/Middleware/TrustProxies.php(58): Illuminate/Pipeline/Pipeline->{closure:{closure:Illuminate/Pipeline/Pipeline::carry():194}:195}()
#46 C:/dict project/e-certify/e-certify/vendor/laravel/framework/src/Illuminate/Pipeline/Pipeline.php(219): Illuminate/Http/Middleware/TrustProxies->handle()
#47 C:/dict project/e-certify/e-certify/vendor/laravel/framework/src/Illuminate/Foundation/Http/Middleware/InvokeDeferredCallbacks.php(22): Illuminate/Pipeline/Pipeline->{closure:{closure:Illuminate/Pipeline/Pipeline::carry():194}:195}()
#48 C:/dict project/e-certify/e-certify/vendor/laravel/framework/src/Illuminate/Pipeline/Pipeline.php(219): Illuminate/Foundation/Http/Middleware/InvokeDeferredCallbacks->handle()
#49 C:/dict project/e-certify/e-certify/vendor/laravel/framework/src/Illuminate/Http/Middleware/ValidatePathEncoding.php(26): Illuminate/Pipeline/Pipeline->{closure:{closure:Illuminate/Pipeline/Pipeline::carry():194}:195}()
#50 C:/dict project/e-certify/e-certify/vendor/laravel/framework/src/Illuminate/Pipeline/Pipeline.php(219): Illuminate/Http/Middleware/ValidatePathEncoding->handle()
#51 C:/dict project/e-certify/e-certify/vendor/laravel/framework/src/Illuminate/Pipeline/Pipeline.php(137): Illuminate/Pipeline/Pipeline->{closure:{closure:Illuminate/Pipeline/Pipeline::carry():194}:195}()
#52 C:/dict project/e-certify/e-certify/vendor/laravel/framework/src/Illuminate/Foundation/Http/Kernel.php(175): Illuminate/Pipeline/Pipeline->then()
#53 C:/dict project/e-certify/e-certify/vendor/laravel/framework/src/Illuminate/Foundation/Http/Kernel.php(144): Illuminate/Foundation/Http/Kernel->sendRequestThroughRouter()
#54 C:/dict project/e-certify/e-certify/vendor/laravel/framework/src/Illuminate/Foundation/Application.php(1220): Illuminate/Foundation/Http/Kernel->handle()
#55 C:/dict project/e-certify/e-certify/public/index.php(20): Illuminate/Foundation/Application->handleRequest()
#56 C:/dict project/e-certify/e-certify/vendor/laravel/framework/src/Illuminate/Foundation/resources/server.php(23): require_once('...')
#57 {main}

[previous exception] [object] (PDOException(code: 2002): SQLSTATE[HY000] [2002] No connection could be made because the target machine actively refused it at C:/dict project/e-certify/e-certify/vendor/laravel/framework/src/Illuminate/Database/Connectors/Connector.php:67)
[stacktrace]
#0 C:/dict project/e-certify/e-certify/vendor/laravel/framework/src/Illuminate/Database/Connectors/Connector.php(67): PDO::connect()
#1 C:/dict project/e-certify/e-certify/vendor/laravel/framework/src/Illuminate/Database/Connectors/Connector.php(85): Illuminate/Database/Connectors/Connector->createPdoConnection()
#2 C:/dict project/e-certify/e-certify/vendor/laravel/framework/src/Illuminate/Database/Connectors/Connector.php(48): Illuminate/Database/Connectors/Connector->tryAgainIfCausedByLostConnection()
#3 C:/dict project/e-certify/e-certify/vendor/laravel/framework/src/Illuminate/Database/Connectors/MySqlConnector.php(24): Illuminate/Database/Connectors/Connector->createConnection()
#4 C:/dict project/e-certify/e-certify/vendor/laravel/framework/src/Illuminate/Database/Connectors/ConnectionFactory.php(186): Illuminate/Database/Connectors/MySqlConnector->connect()
#5 [internal function]: Illuminate/Database/Connectors/ConnectionFactory->{closure:Illuminate/Database/Connectors/ConnectionFactory::createPdoResolverWithHosts():181}()
#6 C:/dict project/e-certify/e-certify/vendor/laravel/framework/src/Illuminate/Database/Connection.php(1257): call_user_func()
#7 C:/dict project/e-certify/e-certify/vendor/laravel/framework/src/Illuminate/Database/Connection.php(525): Illuminate/Database/Connection->getPdo()
#8 C:/dict project/e-certify/e-certify/vendor/laravel/framework/src/Illuminate/Database/Connection.php(420): Illuminate/Database/Connection->getPdoForSelect()
#9 C:/dict project/e-certify/e-certify/vendor/laravel/framework/src/Illuminate/Database/Connection.php(827): Illuminate/Database/Connection->{closure:Illuminate/Database/Connection::select():411}()
#10 C:/dict project/e-certify/e-certify/vendor/laravel/framework/src/Illuminate/Database/Connection.php(999): Illuminate/Database/Connection->runQueryCallback()
#11 C:/dict project/e-certify/e-certify/vendor/laravel/framework/src/Illuminate/Database/Connection.php(978): Illuminate/Database/Connection->tryAgainIfCausedByLostConnection()
#12 C:/dict project/e-certify/e-certify/vendor/laravel/framework/src/Illuminate/Database/Connection.php(796): Illuminate/Database/Connection->handleQueryException()
#13 C:/dict project/e-certify/e-certify/vendor/laravel/framework/src/Illuminate/Database/Connection.php(411): Illuminate/Database/Connection->run()
#14 C:/dict project/e-certify/e-certify/vendor/laravel/framework/src/Illuminate/Database/Query/Builder.php(3475): Illuminate/Database/Connection->select()
#15 C:/dict project/e-certify/e-certify/vendor/laravel/framework/src/Illuminate/Database/Query/Builder.php(3460): Illuminate/Database/Query/Builder->runSelect()
#16 C:/dict project/e-certify/e-certify/vendor/laravel/framework/src/Illuminate/Database/Query/Builder.php(4050): Illuminate/Database/Query/Builder->{closure:Illuminate/Database/Query/Builder::get():3459}()
#17 C:/dict project/e-certify/e-certify/vendor/laravel/framework/src/Illuminate/Database/Query/Builder.php(3459): Illuminate/Database/Query/Builder->onceWithColumns()
#18 C:/dict project/e-certify/e-certify/vendor/laravel/framework/src/Illuminate/Database/Concerns/BuildsQueries.php(366): Illuminate/Database/Query/Builder->get()
#19 C:/dict project/e-certify/e-certify/vendor/laravel/framework/src/Illuminate/Database/Query/Builder.php(3382): Illuminate/Database/Query/Builder->first()
#20 C:/dict project/e-certify/e-certify/vendor/laravel/framework/src/Illuminate/Session/DatabaseSessionHandler.php(96): Illuminate/Database/Query/Builder->find()
#21 C:/dict project/e-certify/e-certify/vendor/laravel/framework/src/Illuminate/Session/Store.php(128): Illuminate/Session/DatabaseSessionHandler->read()
#22 C:/dict project/e-certify/e-certify/vendor/laravel/framework/src/Illuminate/Session/Store.php(116): Illuminate/Session/Store->readFromHandler()
#23 C:/dict project/e-certify/e-certify/vendor/laravel/framework/src/Illuminate/Session/Store.php(100): Illuminate/Session/Store->loadSession()
#24 C:/dict project/e-certify/e-certify/vendor/laravel/framework/src/Illuminate/Session/Middleware/StartSession.php(146): Illuminate/Session/Store->start()
#25 C:/dict project/e-certify/e-certify/vendor/laravel/framework/src/Illuminate/Support/helpers.php(388): Illuminate/Session/Middleware/StartSession->{closure:Illuminate/Session/Middleware/StartSession::startSession():143}()
#26 C:/dict project/e-certify/e-certify/vendor/laravel/framework/src/Illuminate/Session/Middleware/StartSession.php(143): tap()
#27 C:/dict project/e-certify/e-certify/vendor/laravel/framework/src/Illuminate/Session/Middleware/StartSession.php(115): Illuminate/Session/Middleware/StartSession->startSession()
#28 C:/dict project/e-certify/e-certify/vendor/laravel/framework/src/Illuminate/Session/Middleware/StartSession.php(63): Illuminate/Session/Middleware/StartSession->handleStatefulRequest()
#29 C:/dict project/e-certify/e-certify/vendor/laravel/framework/src/Illuminate/Pipeline/Pipeline.php(219): Illuminate/Session/Middleware/StartSession->handle()
#30 C:/dict project/e-certify/e-certify/vendor/laravel/framework/src/Illuminate/Cookie/Middleware/AddQueuedCookiesToResponse.php(36): Illuminate/Pipeline/Pipeline->{closure:{closure:Illuminate/Pipeline/Pipeline::carry():194}:195}()
#31 C:/dict project/e-certify/e-certify/vendor/laravel/framework/src/Illuminate/Pipeline/Pipeline.php(219): Illuminate/Cookie/Middleware/AddQueuedCookiesToResponse->handle()
#32 C:/dict project/e-certify/e-certify/vendor/laravel/framework/src/Illuminate/Cookie/Middleware/EncryptCookies.php(74): Illuminate/Pipeline/Pipeline->{closure:{closure:Illuminate/Pipeline/Pipeline::carry():194}:195}()
#33 C:/dict project/e-certify/e-certify/vendor/laravel/framework/src/Illuminate/Pipeline/Pipeline.php(219): Illuminate/Cookie/Middleware/EncryptCookies->handle()
#34 C:/dict project/e-certify/e-certify/vendor/laravel/framework/src/Illuminate/Pipeline/Pipeline.php(137): Illuminate/Pipeline/Pipeline->{closure:{closure:Illuminate/Pipeline/Pipeline::carry():194}:195}()
#35 C:/dict project/e-certify/e-certify/vendor/laravel/framework/src/Illuminate/Routing/Router.php(821): Illuminate/Pipeline/Pipeline->then()
#36 C:/dict project/e-certify/e-certify/vendor/laravel/framework/src/Illuminate/Routing/Router.php(800): Illuminate/Routing/Router->runRouteWithinStack()
#37 C:/dict project/e-certify/e-certify/vendor/laravel/framework/src/Illuminate/Routing/Router.php(764): Illuminate/Routing/Router->runRoute()
#38 C:/dict project/e-certify/e-certify/vendor/laravel/framework/src/Illuminate/Routing/Router.php(753): Illuminate/Routing/Router->dispatchToRoute()
#39 C:/dict project/e-certify/e-certify/vendor/laravel/framework/src/Illuminate/Foundation/Http/Kernel.php(200): Illuminate/Routing/Router->dispatch()
#40 C:/dict project/e-certify/e-certify/vendor/laravel/framework/src/Illuminate/Pipeline/Pipeline.php(180): Illuminate/Foundation/Http/Kernel->{closure:Illuminate/Foundation/Http/Kernel::dispatchToRouter():197}()
#41 C:/dict project/e-certify/e-certify/vendor/livewire/livewire/src/Features/SupportDisablingBackButtonCache/DisableBackButtonCacheMiddleware.php(19): Illuminate/Pipeline/Pipeline->{closure:Illuminate/Pipeline/Pipeline::prepareDestination():178}()
#42 C:/dict project/e-certify/e-certify/vendor/laravel/framework/src/Illuminate/Pipeline/Pipeline.php(219): Livewire/Features/SupportDisablingBackButtonCache/DisableBackButtonCacheMiddleware->handle()
#43 C:/dict project/e-certify/e-certify/vendor/laravel/framework/src/Illuminate/Foundation/Http/Middleware/TransformsRequest.php(21): Illuminate/Pipeline/Pipeline->{closure:{closure:Illuminate/Pipeline/Pipeline::carry():194}:195}()
#44 C:/dict project/e-certify/e-certify/vendor/laravel/framework/src/Illuminate/Foundation/Http/Middleware/ConvertEmptyStringsToNull.php(31): Illuminate/Foundation/Http/Middleware/TransformsRequest->handle()
#45 C:/dict project/e-certify/e-certify/vendor/laravel/framework/src/Illuminate/Pipeline/Pipeline.php(219): Illuminate/Foundation/Http/Middleware/ConvertEmptyStringsToNull->handle()
#46 C:/dict project/e-certify/e-certify/vendor/laravel/framework/src/Illuminate/Foundation/Http/Middleware/TransformsRequest.php(21): Illuminate/Pipeline/Pipeline->{closure:{closure:Illuminate/Pipeline/Pipeline::carry():194}:195}()
#47 C:/dict project/e-certify/e-certify/vendor/laravel/framework/src/Illuminate/Foundation/Http/Middleware/TrimStrings.php(51): Illuminate/Foundation/Http/Middleware/TransformsRequest->handle()
#48 C:/dict project/e-certify/e-certify/vendor/laravel/framework/src/Illuminate/Pipeline/Pipeline.php(219): Illuminate/Foundation/Http/Middleware/TrimStrings->handle()
#49 C:/dict project/e-certify/e-certify/vendor/laravel/framework/src/Illuminate/Http/Middleware/ValidatePostSize.php(27): Illuminate/Pipeline/Pipeline->{closure:{closure:Illuminate/Pipeline/Pipeline::carry():194}:195}()
#50 C:/dict project/e-certify/e-certify/vendor/laravel/framework/src/Illuminate/Pipeline/Pipeline.php(219): Illuminate/Http/Middleware/ValidatePostSize->handle()
#51 C:/dict project/e-certify/e-certify/vendor/laravel/framework/src/Illuminate/Foundation/Http/Middleware/PreventRequestsDuringMaintenance.php(109): Illuminate/Pipeline/Pipeline->{closure:{closure:Illuminate/Pipeline/Pipeline::carry():194}:195}()
#52 C:/dict project/e-certify/e-certify/vendor/laravel/framework/src/Illuminate/Pipeline/Pipeline.php(219): Illuminate/Foundation/Http/Middleware/PreventRequestsDuringMaintenance->handle()
#53 C:/dict project/e-certify/e-certify/vendor/laravel/framework/src/Illuminate/Http/Middleware/HandleCors.php(61): Illuminate/Pipeline/Pipeline->{closure:{closure:Illuminate/Pipeline/Pipeline::carry():194}:195}()
#54 C:/dict project/e-certify/e-certify/vendor/laravel/framework/src/Illuminate/Pipeline/Pipeline.php(219): Illuminate/Http/Middleware/HandleCors->handle()
#55 C:/dict project/e-certify/e-certify/vendor/laravel/framework/src/Illuminate/Http/Middleware/TrustProxies.php(58): Illuminate/Pipeline/Pipeline->{closure:{closure:Illuminate/Pipeline/Pipeline::carry():194}:195}()
#56 C:/dict project/e-certify/e-certify/vendor/laravel/framework/src/Illuminate/Pipeline/Pipeline.php(219): Illuminate/Http/Middleware/TrustProxies->handle()
#57 C:/dict project/e-certify/e-certify/vendor/laravel/framework/src/Illuminate/Foundation/Http/Middleware/InvokeDeferredCallbacks.php(22): Illuminate/Pipeline/Pipeline->{closure:{closure:Illuminate/Pipeline/Pipeline::carry():194}:195}()
#58 C:/dict project/e-certify/e-certify/vendor/laravel/framework/src/Illuminate/Pipeline/Pipeline.php(219): Illuminate/Foundation/Http/Middleware/InvokeDeferredCallbacks->handle()
#59 C:/dict project/e-certify/e-certify/vendor/laravel/framework/src/Illuminate/Http/Middleware/ValidatePathEncoding.php(26): Illuminate/Pipeline/Pipeline->{closure:{closure:Illuminate/Pipeline/Pipeline::carry():194}:195}()
#60 C:/dict project/e-certify/e-certify/vendor/laravel/framework/src/Illuminate/Pipeline/Pipeline.php(219): Illuminate/Http/Middleware/ValidatePathEncoding->handle()
#61 C:/dict project/e-certify/e-certify/vendor/laravel/framework/src/Illuminate/Pipeline/Pipeline.php(137): Illuminate/Pipeline/Pipeline->{closure:{closure:Illuminate/Pipeline/Pipeline::carry():194}:195}()
#62 C:/dict project/e-certify/e-certify/vendor/laravel/framework/src/Illuminate/Foundation/Http/Kernel.php(175): Illuminate/Pipeline/Pipeline->then()
#63 C:/dict project/e-certify/e-certify/vendor/laravel/framework/src/Illuminate/Foundation/Http/Kernel.php(144): Illuminate/Foundation/Http/Kernel->sendRequestThroughRouter()
#64 C:/dict project/e-certify/e-certify/vendor/laravel/framework/src/Illuminate/Foundation/Application.php(1220): Illuminate/Foundation/Http/Kernel->handle()
#65 C:/dict project/e-certify/e-certify/public/index.php(20): Illuminate/Foundation/Application->handleRequest()
#66 C:/dict project/e-certify/e-certify/vendor/laravel/framework/src/Illuminate/Foundation/resources/server.php(23): require_once('...')
#67 {main}
"} 
[2026-03-16 09:41:51] local.ERROR: SQLSTATE[42S02]: Base table or view not found: 1146 Table 'ecertify_db.training_events' doesn't exist (Connection: mysql, Host: 127.0.0.1, Port: 3306, Database: ecertify_db, SQL: select count(*) as aggregate from `training_events`) {"userId":13,"exception":"[object] (Illuminate\\Database\\QueryException(code: 42S02): SQLSTATE[42S02]: Base table or view not found: 1146 Table 'ecertify_db.training_events' doesn't exist (Connection: mysql, Host: 127.0.0.1, Port: 3306, Database: ecertify_db, SQL: select count(*) as aggregate from `training_events`) at C:/dict project/e-certify/e-certify/vendor/laravel/framework/src/Illuminate/Database/Connection.php:838)
[stacktrace]
#0 C:/dict project/e-certify/e-certify/vendor/laravel/framework/src/Illuminate/Database/Connection.php(794): Illuminate/Database/Connection->runQueryCallback()
#1 C:/dict project/e-certify/e-certify/vendor/laravel/framework/src/Illuminate/Database/Connection.php(411): Illuminate/Database/Connection->run()
#2 C:/dict project/e-certify/e-certify/vendor/laravel/framework/src/Illuminate/Database/Query/Builder.php(3475): Illuminate/Database/Connection->select()
#3 C:/dict project/e-certify/e-certify/vendor/laravel/framework/src/Illuminate/Database/Query/Builder.php(3460): Illuminate/Database/Query/Builder->runSelect()
#4 C:/dict project/e-certify/e-certify/vendor/laravel/framework/src/Illuminate/Database/Query/Builder.php(4050): Illuminate/Database/Query/Builder->{closure:Illuminate/Database/Query/Builder::get():3459}()
#5 C:/dict project/e-certify/e-certify/vendor/laravel/framework/src/Illuminate/Database/Query/Builder.php(3459): Illuminate/Database/Query/Builder->onceWithColumns()
#6 C:/dict project/e-certify/e-certify/vendor/laravel/framework/src/Illuminate/Database/Query/Builder.php(3654): Illuminate/Database/Query/Builder->get()
#7 C:/dict project/e-certify/e-certify/vendor/laravel/framework/src/Illuminate/Database/Query/Builder.php(3613): Illuminate/Database/Query/Builder->runPaginationCountQuery()
#8 C:/dict project/e-certify/e-certify/vendor/laravel/framework/src/Illuminate/Database/Eloquent/Builder.php(1120): Illuminate/Database/Query/Builder->getCountForPagination()
#9 C:/dict project/e-certify/e-certify/app/Livewire/Events/ManageEvents.php(184): Illuminate/Database/Eloquent/Builder->paginate()
#10 C:/dict project/e-certify/e-certify/vendor/laravel/framework/src/Illuminate/Container/BoundMethod.php(36): App/Livewire/Events/ManageEvents->render()
#11 C:/dict project/e-certify/e-certify/vendor/laravel/framework/src/Illuminate/Container/Util.php(43): Illuminate/Container/BoundMethod::{closure:Illuminate/Container/BoundMethod::call():35}()
#12 C:/dict project/e-certify/e-certify/vendor/laravel/framework/src/Illuminate/Container/BoundMethod.php(96): Illuminate/Container/Util::unwrapIfClosure()
#13 C:/dict project/e-certify/e-certify/vendor/laravel/framework/src/Illuminate/Container/BoundMethod.php(35): Illuminate/Container/BoundMethod::callBoundMethod()
#14 C:/dict project/e-certify/e-certify/vendor/livewire/livewire/src/Wrapped.php(23): Illuminate/Container/BoundMethod::call()
#15 C:/dict project/e-certify/e-certify/vendor/livewire/livewire/src/Mechanisms/HandleComponents/HandleComponents.php(442): Livewire/Wrapped->__call()
#16 C:/dict project/e-certify/e-certify/vendor/livewire/livewire/src/Mechanisms/HandleComponents/HandleComponents.php(399): Livewire/Mechanisms/HandleComponents/HandleComponents->getView()
#17 C:/dict project/e-certify/e-certify/vendor/livewire/livewire/src/Mechanisms/HandleComponents/HandleComponents.php(80): Livewire/Mechanisms/HandleComponents/HandleComponents->render()
#18 C:/dict project/e-certify/e-certify/vendor/livewire/livewire/src/LivewireManager.php(102): Livewire/Mechanisms/HandleComponents/HandleComponents->mount()
#19 C:/dict project/e-certify/e-certify/vendor/livewire/livewire/src/Features/SupportPageComponents/HandlesPageComponents.php(19): Livewire/LivewireManager->mount()
#20 C:/dict project/e-certify/e-certify/vendor/livewire/livewire/src/Features/SupportPageComponents/SupportPageComponents.php(118): Livewire/Component->{closure:Livewire/Features/SupportPageComponents/HandlesPageComponents::__invoke():14}()
#21 C:/dict project/e-certify/e-certify/vendor/livewire/livewire/src/Features/SupportPageComponents/HandlesPageComponents.php(14): Livewire/Features/SupportPageComponents/SupportPageComponents::interceptTheRenderOfTheComponentAndRetreiveTheLayoutConfiguration()
#22 C:/dict project/e-certify/e-certify/vendor/laravel/framework/src/Illuminate/Routing/ControllerDispatcher.php(46): Livewire/Component->__invoke()
#23 C:/dict project/e-certify/e-certify/vendor/laravel/framework/src/Illuminate/Routing/Route.php(265): Illuminate/Routing/ControllerDispatcher->dispatch()
#24 C:/dict project/e-certify/e-certify/vendor/laravel/framework/src/Illuminate/Routing/Route.php(211): Illuminate/Routing/Route->runController()
#25 C:/dict project/e-certify/e-certify/vendor/laravel/framework/src/Illuminate/Routing/Router.php(822): Illuminate/Routing/Route->run()
#26 C:/dict project/e-certify/e-certify/vendor/laravel/framework/src/Illuminate/Pipeline/Pipeline.php(180): Illuminate/Routing/Router->{closure:Illuminate/Routing/Router::runRouteWithinStack():821}()
#27 C:/dict project/e-certify/e-certify/vendor/laravel/framework/src/Illuminate/Auth/Middleware/EnsureEmailIsVerified.php(41): Illuminate/Pipeline/Pipeline->{closure:Illuminate/Pipeline/Pipeline::prepareDestination():178}()
#28 C:/dict project/e-certify/e-certify/vendor/laravel/framework/src/Illuminate/Pipeline/Pipeline.php(219): Illuminate/Auth/Middleware/EnsureEmailIsVerified->handle()
#29 C:/dict project/e-certify/e-certify/vendor/laravel/boost/src/Middleware/InjectBoost.php(22): Illuminate/Pipeline/Pipeline->{closure:{closure:Illuminate/Pipeline/Pipeline::carry():194}:195}()
#30 C:/dict project/e-certify/e-certify/vendor/laravel/framework/src/Illuminate/Pipeline/Pipeline.php(219): Laravel/Boost/Middleware/InjectBoost->handle()
#31 C:/dict project/e-certify/e-certify/vendor/laravel/framework/src/Illuminate/Routing/Middleware/SubstituteBindings.php(50): Illuminate/Pipeline/Pipeline->{closure:{closure:Illuminate/Pipeline/Pipeline::carry():194}:195}()
#32 C:/dict project/e-certify/e-certify/vendor/laravel/framework/src/Illuminate/Pipeline/Pipeline.php(219): Illuminate/Routing/Middleware/SubstituteBindings->handle()
#33 C:/dict project/e-certify/e-certify/vendor/laravel/framework/src/Illuminate/Auth/Middleware/Authenticate.php(63): Illuminate/Pipeline/Pipeline->{closure:{closure:Illuminate/Pipeline/Pipeline::carry():194}:195}()
#34 C:/dict project/e-certify/e-certify/vendor/laravel/framework/src/Illuminate/Pipeline/Pipeline.php(219): Illuminate/Auth/Middleware/Authenticate->handle()
#35 C:/dict project/e-certify/e-certify/vendor/laravel/framework/src/Illuminate/Foundation/Http/Middleware/VerifyCsrfToken.php(87): Illuminate/Pipeline/Pipeline->{closure:{closure:Illuminate/Pipeline/Pipeline::carry():194}:195}()
#36 C:/dict project/e-certify/e-certify/vendor/laravel/framework/src/Illuminate/Pipeline/Pipeline.php(219): Illuminate/Foundation/Http/Middleware/VerifyCsrfToken->handle()
#37 C:/dict project/e-certify/e-certify/vendor/laravel/framework/src/Illuminate/View/Middleware/ShareErrorsFromSession.php(48): Illuminate/Pipeline/Pipeline->{closure:{closure:Illuminate/Pipeline/Pipeline::carry():194}:195}()
#38 C:/dict project/e-certify/e-certify/vendor/laravel/framework/src/Illuminate/Pipeline/Pipeline.php(219): Illuminate/View/Middleware/ShareErrorsFromSession->handle()
#39 C:/dict project/e-certify/e-certify/vendor/laravel/framework/src/Illuminate/Session/Middleware/StartSession.php(120): Illuminate/Pipeline/Pipeline->{closure:{closure:Illuminate/Pipeline/Pipeline::carry():194}:195}()
#40 C:/dict project/e-certify/e-certify/vendor/laravel/framework/src/Illuminate/Session/Middleware/StartSession.php(63): Illuminate/Session/Middleware/StartSession->handleStatefulRequest()
#41 C:/dict project/e-certify/e-certify/vendor/laravel/framework/src/Illuminate/Pipeline/Pipeline.php(219): Illuminate/Session/Middleware/StartSession->handle()
#42 C:/dict project/e-certify/e-certify/vendor/laravel/framework/src/Illuminate/Cookie/Middleware/AddQueuedCookiesToResponse.php(36): Illuminate/Pipeline/Pipeline->{closure:{closure:Illuminate/Pipeline/Pipeline::carry():194}:195}()
#43 C:/dict project/e-certify/e-certify/vendor/laravel/framework/src/Illuminate/Pipeline/Pipeline.php(219): Illuminate/Cookie/Middleware/AddQueuedCookiesToResponse->handle()
#44 C:/dict project/e-certify/e-certify/vendor/laravel/framework/src/Illuminate/Cookie/Middleware/EncryptCookies.php(74): Illuminate/Pipeline/Pipeline->{closure:{closure:Illuminate/Pipeline/Pipeline::carry():194}:195}()
#45 C:/dict project/e-certify/e-certify/vendor/laravel/framework/src/Illuminate/Pipeline/Pipeline.php(219): Illuminate/Cookie/Middleware/EncryptCookies->handle()
#46 C:/dict project/e-certify/e-certify/vendor/laravel/framework/src/Illuminate/Pipeline/Pipeline.php(137): Illuminate/Pipeline/Pipeline->{closure:{closure:Illuminate/Pipeline/Pipeline::carry():194}:195}()
#47 C:/dict project/e-certify/e-certify/vendor/laravel/framework/src/Illuminate/Routing/Router.php(821): Illuminate/Pipeline/Pipeline->then()
#48 C:/dict project/e-certify/e-certify/vendor/laravel/framework/src/Illuminate/Routing/Router.php(800): Illuminate/Routing/Router->runRouteWithinStack()
#49 C:/dict project/e-certify/e-certify/vendor/laravel/framework/src/Illuminate/Routing/Router.php(764): Illuminate/Routing/Router->runRoute()
#50 C:/dict project/e-certify/e-certify/vendor/laravel/framework/src/Illuminate/Routing/Router.php(753): Illuminate/Routing/Router->dispatchToRoute()
#51 C:/dict project/e-certify/e-certify/vendor/laravel/framework/src/Illuminate/Foundation/Http/Kernel.php(200): Illuminate/Routing/Router->dispatch()
#52 C:/dict project/e-certify/e-certify/vendor/laravel/framework/src/Illuminate/Pipeline/Pipeline.php(180): Illuminate/Foundation/Http/Kernel->{closure:Illuminate/Foundation/Http/Kernel::dispatchToRouter():197}()
#53 C:/dict project/e-certify/e-certify/vendor/livewire/livewire/src/Features/SupportDisablingBackButtonCache/DisableBackButtonCacheMiddleware.php(19): Illuminate/Pipeline/Pipeline->{closure:Illuminate/Pipeline/Pipeline::prepareDestination():178}()
#54 C:/dict project/e-certify/e-certify/vendor/laravel/framework/src/Illuminate/Pipeline/Pipeline.php(219): Livewire/Features/SupportDisablingBackButtonCache/DisableBackButtonCacheMiddleware->handle()
#55 C:/dict project/e-certify/e-certify/vendor/laravel/framework/src/Illuminate/Foundation/Http/Middleware/TransformsRequest.php(21): Illuminate/Pipeline/Pipeline->{closure:{closure:Illuminate/Pipeline/Pipeline::carry():194}:195}()
#56 C:/dict project/e-certify/e-certify/vendor/laravel/framework/src/Illuminate/Foundation/Http/Middleware/ConvertEmptyStringsToNull.php(31): Illuminate/Foundation/Http/Middleware/TransformsRequest->handle()
#57 C:/dict project/e-certify/e-certify/vendor/laravel/framework/src/Illuminate/Pipeline/Pipeline.php(219): Illuminate/Foundation/Http/Middleware/ConvertEmptyStringsToNull->handle()
#58 C:/dict project/e-certify/e-certify/vendor/laravel/framework/src/Illuminate/Foundation/Http/Middleware/TransformsRequest.php(21): Illuminate/Pipeline/Pipeline->{closure:{closure:Illuminate/Pipeline/Pipeline::carry():194}:195}()
#59 C:/dict project/e-certify/e-certify/vendor/laravel/framework/src/Illuminate/Foundation/Http/Middleware/TrimStrings.php(51): Illuminate/Foundation/Http/Middleware/TransformsRequest->handle()
#60 C:/dict project/e-certify/e-certify/vendor/laravel/framework/src/Illuminate/Pipeline/Pipeline.php(219): Illuminate/Foundation/Http/Middleware/TrimStrings->handle()
#61 C:/dict project/e-certify/e-certify/vendor/laravel/framework/src/Illuminate/Http/Middleware/ValidatePostSize.php(27): Illuminate/Pipeline/Pipeline->{closure:{closure:Illuminate/Pipeline/Pipeline::carry():194}:195}()
#62 C:/dict project/e-certify/e-certify/vendor/laravel/framework/src/Illuminate/Pipeline/Pipeline.php(219): Illuminate/Http/Middleware/ValidatePostSize->handle()
#63 C:/dict project/e-certify/e-certify/vendor/laravel/framework/src/Illuminate/Foundation/Http/Middleware/PreventRequestsDuringMaintenance.php(109): Illuminate/Pipeline/Pipeline->{closure:{closure:Illuminate/Pipeline/Pipeline::carry():194}:195}()
#64 C:/dict project/e-certify/e-certify/vendor/laravel/framework/src/Illuminate/Pipeline/Pipeline.php(219): Illuminate/Foundation/Http/Middleware/PreventRequestsDuringMaintenance->handle()
#65 C:/dict project/e-certify/e-certify/vendor/laravel/framework/src/Illuminate/Http/Middleware/HandleCors.php(61): Illuminate/Pipeline/Pipeline->{closure:{closure:Illuminate/Pipeline/Pipeline::carry():194}:195}()
#66 C:/dict project/e-certify/e-certify/vendor/laravel/framework/src/Illuminate/Pipeline/Pipeline.php(219): Illuminate/Http/Middleware/HandleCors->handle()
#67 C:/dict project/e-certify/e-certify/vendor/laravel/framework/src/Illuminate/Http/Middleware/TrustProxies.php(58): Illuminate/Pipeline/Pipeline->{closure:{closure:Illuminate/Pipeline/Pipeline::carry():194}:195}()
#68 C:/dict project/e-certify/e-certify/vendor/laravel/framework/src/Illuminate/Pipeline/Pipeline.php(219): Illuminate/Http/Middleware/TrustProxies->handle()
#69 C:/dict project/e-certify/e-certify/vendor/laravel/framework/src/Illuminate/Foundation/Http/Middleware/InvokeDeferredCallbacks.php(22): Illuminate/Pipeline/Pipeline->{closure:{closure:Illuminate/Pipeline/Pipeline::carry():194}:195}()
#70 C:/dict project/e-certify/e-certify/vendor/laravel/framework/src/Illuminate/Pipeline/Pipeline.php(219): Illuminate/Foundation/Http/Middleware/InvokeDeferredCallbacks->handle()
#71 C:/dict project/e-certify/e-certify/vendor/laravel/framework/src/Illuminate/Http/Middleware/ValidatePathEncoding.php(26): Illuminate/Pipeline/Pipeline->{closure:{closure:Illuminate/Pipeline/Pipeline::carry():194}:195}()
#72 C:/dict project/e-certify/e-certify/vendor/laravel/framework/src/Illuminate/Pipeline/Pipeline.php(219): Illuminate/Http/Middleware/ValidatePathEncoding->handle()
#73 C:/dict project/e-certify/e-certify/vendor/laravel/framework/src/Illuminate/Pipeline/Pipeline.php(137): Illuminate/Pipeline/Pipeline->{closure:{closure:Illuminate/Pipeline/Pipeline::carry():194}:195}()
#74 C:/dict project/e-certify/e-certify/vendor/laravel/framework/src/Illuminate/Foundation/Http/Kernel.php(175): Illuminate/Pipeline/Pipeline->then()
#75 C:/dict project/e-certify/e-certify/vendor/laravel/framework/src/Illuminate/Foundation/Http/Kernel.php(144): Illuminate/Foundation/Http/Kernel->sendRequestThroughRouter()
#76 C:/dict project/e-certify/e-certify/vendor/laravel/framework/src/Illuminate/Foundation/Application.php(1220): Illuminate/Foundation/Http/Kernel->handle()
#77 C:/dict project/e-certify/e-certify/public/index.php(20): Illuminate/Foundation/Application->handleRequest()
#78 C:/dict project/e-certify/e-certify/vendor/laravel/framework/src/Illuminate/Foundation/resources/server.php(23): require_once('...')
#79 {main}

[previous exception] [object] (PDOException(code: 42S02): SQLSTATE[42S02]: Base table or view not found: 1146 Table 'ecertify_db.training_events' doesn't exist at C:/dict project/e-certify/e-certify/vendor/laravel/framework/src/Illuminate/Database/Connection.php:420)
[stacktrace]
#0 C:/dict project/e-certify/e-certify/vendor/laravel/framework/src/Illuminate/Database/Connection.php(420): PDO->prepare()
#1 C:/dict project/e-certify/e-certify/vendor/laravel/framework/src/Illuminate/Database/Connection.php(827): Illuminate/Database/Connection->{closure:Illuminate/Database/Connection::select():411}()
#2 C:/dict project/e-certify/e-certify/vendor/laravel/framework/src/Illuminate/Database/Connection.php(794): Illuminate/Database/Connection->runQueryCallback()
#3 C:/dict project/e-certify/e-certify/vendor/laravel/framework/src/Illuminate/Database/Connection.php(411): Illuminate/Database/Connection->run()
#4 C:/dict project/e-certify/e-certify/vendor/laravel/framework/src/Illuminate/Database/Query/Builder.php(3475): Illuminate/Database/Connection->select()
#5 C:/dict project/e-certify/e-certify/vendor/laravel/framework/src/Illuminate/Database/Query/Builder.php(3460): Illuminate/Database/Query/Builder->runSelect()
#6 C:/dict project/e-certify/e-certify/vendor/laravel/framework/src/Illuminate/Database/Query/Builder.php(4050): Illuminate/Database/Query/Builder->{closure:Illuminate/Database/Query/Builder::get():3459}()
#7 C:/dict project/e-certify/e-certify/vendor/laravel/framework/src/Illuminate/Database/Query/Builder.php(3459): Illuminate/Database/Query/Builder->onceWithColumns()
#8 C:/dict project/e-certify/e-certify/vendor/laravel/framework/src/Illuminate/Database/Query/Builder.php(3654): Illuminate/Database/Query/Builder->get()
#9 C:/dict project/e-certify/e-certify/vendor/laravel/framework/src/Illuminate/Database/Query/Builder.php(3613): Illuminate/Database/Query/Builder->runPaginationCountQuery()
#10 C:/dict project/e-certify/e-certify/vendor/laravel/framework/src/Illuminate/Database/Eloquent/Builder.php(1120): Illuminate/Database/Query/Builder->getCountForPagination()
#11 C:/dict project/e-certify/e-certify/app/Livewire/Events/ManageEvents.php(184): Illuminate/Database/Eloquent/Builder->paginate()
#12 C:/dict project/e-certify/e-certify/vendor/laravel/framework/src/Illuminate/Container/BoundMethod.php(36): App/Livewire/Events/ManageEvents->render()
#13 C:/dict project/e-certify/e-certify/vendor/laravel/framework/src/Illuminate/Container/Util.php(43): Illuminate/Container/BoundMethod::{closure:Illuminate/Container/BoundMethod::call():35}()
#14 C:/dict project/e-certify/e-certify/vendor/laravel/framework/src/Illuminate/Container/BoundMethod.php(96): Illuminate/Container/Util::unwrapIfClosure()
#15 C:/dict project/e-certify/e-certify/vendor/laravel/framework/src/Illuminate/Container/BoundMethod.php(35): Illuminate/Container/BoundMethod::callBoundMethod()
#16 C:/dict project/e-certify/e-certify/vendor/livewire/livewire/src/Wrapped.php(23): Illuminate/Container/BoundMethod::call()
#17 C:/dict project/e-certify/e-certify/vendor/livewire/livewire/src/Mechanisms/HandleComponents/HandleComponents.php(442): Livewire/Wrapped->__call()
#18 C:/dict project/e-certify/e-certify/vendor/livewire/livewire/src/Mechanisms/HandleComponents/HandleComponents.php(399): Livewire/Mechanisms/HandleComponents/HandleComponents->getView()
#19 C:/dict project/e-certify/e-certify/vendor/livewire/livewire/src/Mechanisms/HandleComponents/HandleComponents.php(80): Livewire/Mechanisms/HandleComponents/HandleComponents->render()
#20 C:/dict project/e-certify/e-certify/vendor/livewire/livewire/src/LivewireManager.php(102): Livewire/Mechanisms/HandleComponents/HandleComponents->mount()
#21 C:/dict project/e-certify/e-certify/vendor/livewire/livewire/src/Features/SupportPageComponents/HandlesPageComponents.php(19): Livewire/LivewireManager->mount()
#22 C:/dict project/e-certify/e-certify/vendor/livewire/livewire/src/Features/SupportPageComponents/SupportPageComponents.php(118): Livewire/Component->{closure:Livewire/Features/SupportPageComponents/HandlesPageComponents::__invoke():14}()
#23 C:/dict project/e-certify/e-certify/vendor/livewire/livewire/src/Features/SupportPageComponents/HandlesPageComponents.php(14): Livewire/Features/SupportPageComponents/SupportPageComponents::interceptTheRenderOfTheComponentAndRetreiveTheLayoutConfiguration()
#24 C:/dict project/e-certify/e-certify/vendor/laravel/framework/src/Illuminate/Routing/ControllerDispatcher.php(46): Livewire/Component->__invoke()
#25 C:/dict project/e-certify/e-certify/vendor/laravel/framework/src/Illuminate/Routing/Route.php(265): Illuminate/Routing/ControllerDispatcher->dispatch()
#26 C:/dict project/e-certify/e-certify/vendor/laravel/framework/src/Illuminate/Routing/Route.php(211): Illuminate/Routing/Route->runController()
#27 C:/dict project/e-certify/e-certify/vendor/laravel/framework/src/Illuminate/Routing/Router.php(822): Illuminate/Routing/Route->run()
#28 C:/dict project/e-certify/e-certify/vendor/laravel/framework/src/Illuminate/Pipeline/Pipeline.php(180): Illuminate/Routing/Router->{closure:Illuminate/Routing/Router::runRouteWithinStack():821}()
#29 C:/dict project/e-certify/e-certify/vendor/laravel/framework/src/Illuminate/Auth/Middleware/EnsureEmailIsVerified.php(41): Illuminate/Pipeline/Pipeline->{closure:Illuminate/Pipeline/Pipeline::prepareDestination():178}()
#30 C:/dict project/e-certify/e-certify/vendor/laravel/framework/src/Illuminate/Pipeline/Pipeline.php(219): Illuminate/Auth/Middleware/EnsureEmailIsVerified->handle()
#31 C:/dict project/e-certify/e-certify/vendor/laravel/boost/src/Middleware/InjectBoost.php(22): Illuminate/Pipeline/Pipeline->{closure:{closure:Illuminate/Pipeline/Pipeline::carry():194}:195}()
#32 C:/dict project/e-certify/e-certify/vendor/laravel/framework/src/Illuminate/Pipeline/Pipeline.php(219): Laravel/Boost/Middleware/InjectBoost->handle()
#33 C:/dict project/e-certify/e-certify/vendor/laravel/framework/src/Illuminate/Routing/Middleware/SubstituteBindings.php(50): Illuminate/Pipeline/Pipeline->{closure:{closure:Illuminate/Pipeline/Pipeline::carry():194}:195}()
#34 C:/dict project/e-certify/e-certify/vendor/laravel/framework/src/Illuminate/Pipeline/Pipeline.php(219): Illuminate/Routing/Middleware/SubstituteBindings->handle()
#35 C:/dict project/e-certify/e-certify/vendor/laravel/framework/src/Illuminate/Auth/Middleware/Authenticate.php(63): Illuminate/Pipeline/Pipeline->{closure:{closure:Illuminate/Pipeline/Pipeline::carry():194}:195}()
#36 C:/dict project/e-certify/e-certify/vendor/laravel/framework/src/Illuminate/Pipeline/Pipeline.php(219): Illuminate/Auth/Middleware/Authenticate->handle()
#37 C:/dict project/e-certify/e-certify/vendor/laravel/framework/src/Illuminate/Foundation/Http/Middleware/VerifyCsrfToken.php(87): Illuminate/Pipeline/Pipeline->{closure:{closure:Illuminate/Pipeline/Pipeline::carry():194}:195}()
#38 C:/dict project/e-certify/e-certify/vendor/laravel/framework/src/Illuminate/Pipeline/Pipeline.php(219): Illuminate/Foundation/Http/Middleware/VerifyCsrfToken->handle()
#39 C:/dict project/e-certify/e-certify/vendor/laravel/framework/src/Illuminate/View/Middleware/ShareErrorsFromSession.php(48): Illuminate/Pipeline/Pipeline->{closure:{closure:Illuminate/Pipeline/Pipeline::carry():194}:195}()
#40 C:/dict project/e-certify/e-certify/vendor/laravel/framework/src/Illuminate/Pipeline/Pipeline.php(219): Illuminate/View/Middleware/ShareErrorsFromSession->handle()
#41 C:/dict project/e-certify/e-certify/vendor/laravel/framework/src/Illuminate/Session/Middleware/StartSession.php(120): Illuminate/Pipeline/Pipeline->{closure:{closure:Illuminate/Pipeline/Pipeline::carry():194}:195}()
#42 C:/dict project/e-certify/e-certify/vendor/laravel/framework/src/Illuminate/Session/Middleware/StartSession.php(63): Illuminate/Session/Middleware/StartSession->handleStatefulRequest()
#43 C:/dict project/e-certify/e-certify/vendor/laravel/framework/src/Illuminate/Pipeline/Pipeline.php(219): Illuminate/Session/Middleware/StartSession->handle()
#44 C:/dict project/e-certify/e-certify/vendor/laravel/framework/src/Illuminate/Cookie/Middleware/AddQueuedCookiesToResponse.php(36): Illuminate/Pipeline/Pipeline->{closure:{closure:Illuminate/Pipeline/Pipeline::carry():194}:195}()
#45 C:/dict project/e-certify/e-certify/vendor/laravel/framework/src/Illuminate/Pipeline/Pipeline.php(219): Illuminate/Cookie/Middleware/AddQueuedCookiesToResponse->handle()
#46 C:/dict project/e-certify/e-certify/vendor/laravel/framework/src/Illuminate/Cookie/Middleware/EncryptCookies.php(74): Illuminate/Pipeline/Pipeline->{closure:{closure:Illuminate/Pipeline/Pipeline::carry():194}:195}()
#47 C:/dict project/e-certify/e-certify/vendor/laravel/framework/src/Illuminate/Pipeline/Pipeline.php(219): Illuminate/Cookie/Middleware/EncryptCookies->handle()
#48 C:/dict project/e-certify/e-certify/vendor/laravel/framework/src/Illuminate/Pipeline/Pipeline.php(137): Illuminate/Pipeline/Pipeline->{closure:{closure:Illuminate/Pipeline/Pipeline::carry():194}:195}()
#49 C:/dict project/e-certify/e-certify/vendor/laravel/framework/src/Illuminate/Routing/Router.php(821): Illuminate/Pipeline/Pipeline->then()
#50 C:/dict project/e-certify/e-certify/vendor/laravel/framework/src/Illuminate/Routing/Router.php(800): Illuminate/Routing/Router->runRouteWithinStack()
#51 C:/dict project/e-certify/e-certify/vendor/laravel/framework/src/Illuminate/Routing/Router.php(764): Illuminate/Routing/Router->runRoute()
#52 C:/dict project/e-certify/e-certify/vendor/laravel/framework/src/Illuminate/Routing/Router.php(753): Illuminate/Routing/Router->dispatchToRoute()
#53 C:/dict project/e-certify/e-certify/vendor/laravel/framework/src/Illuminate/Foundation/Http/Kernel.php(200): Illuminate/Routing/Router->dispatch()
#54 C:/dict project/e-certify/e-certify/vendor/laravel/framework/src/Illuminate/Pipeline/Pipeline.php(180): Illuminate/Foundation/Http/Kernel->{closure:Illuminate/Foundation/Http/Kernel::dispatchToRouter():197}()
#55 C:/dict project/e-certify/e-certify/vendor/livewire/livewire/src/Features/SupportDisablingBackButtonCache/DisableBackButtonCacheMiddleware.php(19): Illuminate/Pipeline/Pipeline->{closure:Illuminate/Pipeline/Pipeline::prepareDestination():178}()
#56 C:/dict project/e-certify/e-certify/vendor/laravel/framework/src/Illuminate/Pipeline/Pipeline.php(219): Livewire/Features/SupportDisablingBackButtonCache/DisableBackButtonCacheMiddleware->handle()
#57 C:/dict project/e-certify/e-certify/vendor/laravel/framework/src/Illuminate/Foundation/Http/Middleware/TransformsRequest.php(21): Illuminate/Pipeline/Pipeline->{closure:{closure:Illuminate/Pipeline/Pipeline::carry():194}:195}()
#58 C:/dict project/e-certify/e-certify/vendor/laravel/framework/src/Illuminate/Foundation/Http/Middleware/ConvertEmptyStringsToNull.php(31): Illuminate/Foundation/Http/Middleware/TransformsRequest->handle()
#59 C:/dict project/e-certify/e-certify/vendor/laravel/framework/src/Illuminate/Pipeline/Pipeline.php(219): Illuminate/Foundation/Http/Middleware/ConvertEmptyStringsToNull->handle()
#60 C:/dict project/e-certify/e-certify/vendor/laravel/framework/src/Illuminate/Foundation/Http/Middleware/TransformsRequest.php(21): Illuminate/Pipeline/Pipeline->{closure:{closure:Illuminate/Pipeline/Pipeline::carry():194}:195}()
#61 C:/dict project/e-certify/e-certify/vendor/laravel/framework/src/Illuminate/Foundation/Http/Middleware/TrimStrings.php(51): Illuminate/Foundation/Http/Middleware/TransformsRequest->handle()
#62 C:/dict project/e-certify/e-certify/vendor/laravel/framework/src/Illuminate/Pipeline/Pipeline.php(219): Illuminate/Foundation/Http/Middleware/TrimStrings->handle()
#63 C:/dict project/e-certify/e-certify/vendor/laravel/framework/src/Illuminate/Http/Middleware/ValidatePostSize.php(27): Illuminate/Pipeline/Pipeline->{closure:{closure:Illuminate/Pipeline/Pipeline::carry():194}:195}()
#64 C:/dict project/e-certify/e-certify/vendor/laravel/framework/src/Illuminate/Pipeline/Pipeline.php(219): Illuminate/Http/Middleware/ValidatePostSize->handle()
#65 C:/dict project/e-certify/e-certify/vendor/laravel/framework/src/Illuminate/Foundation/Http/Middleware/PreventRequestsDuringMaintenance.php(109): Illuminate/Pipeline/Pipeline->{closure:{closure:Illuminate/Pipeline/Pipeline::carry():194}:195}()
#66 C:/dict project/e-certify/e-certify/vendor/laravel/framework/src/Illuminate/Pipeline/Pipeline.php(219): Illuminate/Foundation/Http/Middleware/PreventRequestsDuringMaintenance->handle()
#67 C:/dict project/e-certify/e-certify/vendor/laravel/framework/src/Illuminate/Http/Middleware/HandleCors.php(61): Illuminate/Pipeline/Pipeline->{closure:{closure:Illuminate/Pipeline/Pipeline::carry():194}:195}()
#68 C:/dict project/e-certify/e-certify/vendor/laravel/framework/src/Illuminate/Pipeline/Pipeline.php(219): Illuminate/Http/Middleware/HandleCors->handle()
#69 C:/dict project/e-certify/e-certify/vendor/laravel/framework/src/Illuminate/Http/Middleware/TrustProxies.php(58): Illuminate/Pipeline/Pipeline->{closure:{closure:Illuminate/Pipeline/Pipeline::carry():194}:195}()
#70 C:/dict project/e-certify/e-certify/vendor/laravel/framework/src/Illuminate/Pipeline/Pipeline.php(219): Illuminate/Http/Middleware/TrustProxies->handle()
#71 C:/dict project/e-certify/e-certify/vendor/laravel/framework/src/Illuminate/Foundation/Http/Middleware/InvokeDeferredCallbacks.php(22): Illuminate/Pipeline/Pipeline->{closure:{closure:Illuminate/Pipeline/Pipeline::carry():194}:195}()
#72 C:/dict project/e-certify/e-certify/vendor/laravel/framework/src/Illuminate/Pipeline/Pipeline.php(219): Illuminate/Foundation/Http/Middleware/InvokeDeferredCallbacks->handle()
#73 C:/dict project/e-certify/e-certify/vendor/laravel/framework/src/Illuminate/Http/Middleware/ValidatePathEncoding.php(26): Illuminate/Pipeline/Pipeline->{closure:{closure:Illuminate/Pipeline/Pipeline::carry():194}:195}()
#74 C:/dict project/e-certify/e-certify/vendor/laravel/framework/src/Illuminate/Pipeline/Pipeline.php(219): Illuminate/Http/Middleware/ValidatePathEncoding->handle()
#75 C:/dict project/e-certify/e-certify/vendor/laravel/framework/src/Illuminate/Pipeline/Pipeline.php(137): Illuminate/Pipeline/Pipeline->{closure:{closure:Illuminate/Pipeline/Pipeline::carry():194}:195}()
#76 C:/dict project/e-certify/e-certify/vendor/laravel/framework/src/Illuminate/Foundation/Http/Kernel.php(175): Illuminate/Pipeline/Pipeline->then()
#77 C:/dict project/e-certify/e-certify/vendor/laravel/framework/src/Illuminate/Foundation/Http/Kernel.php(144): Illuminate/Foundation/Http/Kernel->sendRequestThroughRouter()
#78 C:/dict project/e-certify/e-certify/vendor/laravel/framework/src/Illuminate/Foundation/Application.php(1220): Illuminate/Foundation/Http/Kernel->handle()
#79 C:/dict project/e-certify/e-certify/public/index.php(20): Illuminate/Foundation/Application->handleRequest()
#80 C:/dict project/e-certify/e-certify/vendor/laravel/framework/src/Illuminate/Foundation/resources/server.php(23): require_once('...')
#81 {main}
"} 
[2026-03-16 09:42:03] local.ERROR: SQLSTATE[42S02]: Base table or view not found: 1146 Table 'ecertify_db.training_events' doesn't exist (Connection: mysql, Host: 127.0.0.1, Port: 3306, Database: ecertify_db, SQL: select count(*) as aggregate from `training_events`) {"userId":13,"exception":"[object] (Illuminate\\Database\\QueryException(code: 42S02): SQLSTATE[42S02]: Base table or view not found: 1146 Table 'ecertify_db.training_events' doesn't exist (Connection: mysql, Host: 127.0.0.1, Port: 3306, Database: ecertify_db, SQL: select count(*) as aggregate from `training_events`) at C:/dict project/e-certify/e-certify/vendor/laravel/framework/src/Illuminate/Database/Connection.php:838)
[stacktrace]
#0 C:/dict project/e-certify/e-certify/vendor/laravel/framework/src/Illuminate/Database/Connection.php(794): Illuminate/Database/Connection->runQueryCallback()
#1 C:/dict project/e-certify/e-certify/vendor/laravel/framework/src/Illuminate/Database/Connection.php(411): Illuminate/Database/Connection->run()
#2 C:/dict project/e-certify/e-certify/vendor/laravel/framework/src/Illuminate/Database/Query/Builder.php(3475): Illuminate/Database/Connection->select()
#3 C:/dict project/e-certify/e-certify/vendor/laravel/framework/src/Illuminate/Database/Query/Builder.php(3460): Illuminate/Database/Query/Builder->runSelect()
#4 C:/dict project/e-certify/e-certify/vendor/laravel/framework/src/Illuminate/Database/Query/Builder.php(4050): Illuminate/Database/Query/Builder->{closure:Illuminate/Database/Query/Builder::get():3459}()
#5 C:/dict project/e-certify/e-certify/vendor/laravel/framework/src/Illuminate/Database/Query/Builder.php(3459): Illuminate/Database/Query/Builder->onceWithColumns()
#6 C:/dict project/e-certify/e-certify/vendor/laravel/framework/src/Illuminate/Database/Query/Builder.php(3654): Illuminate/Database/Query/Builder->get()
#7 C:/dict project/e-certify/e-certify/vendor/laravel/framework/src/Illuminate/Database/Query/Builder.php(3613): Illuminate/Database/Query/Builder->runPaginationCountQuery()
#8 C:/dict project/e-certify/e-certify/vendor/laravel/framework/src/Illuminate/Database/Eloquent/Builder.php(1120): Illuminate/Database/Query/Builder->getCountForPagination()
#9 C:/dict project/e-certify/e-certify/app/Livewire/Events/ManageEvents.php(184): Illuminate/Database/Eloquent/Builder->paginate()
#10 C:/dict project/e-certify/e-certify/vendor/laravel/framework/src/Illuminate/Container/BoundMethod.php(36): App/Livewire/Events/ManageEvents->render()
#11 C:/dict project/e-certify/e-certify/vendor/laravel/framework/src/Illuminate/Container/Util.php(43): Illuminate/Container/BoundMethod::{closure:Illuminate/Container/BoundMethod::call():35}()
#12 C:/dict project/e-certify/e-certify/vendor/laravel/framework/src/Illuminate/Container/BoundMethod.php(96): Illuminate/Container/Util::unwrapIfClosure()
#13 C:/dict project/e-certify/e-certify/vendor/laravel/framework/src/Illuminate/Container/BoundMethod.php(35): Illuminate/Container/BoundMethod::callBoundMethod()
#14 C:/dict project/e-certify/e-certify/vendor/livewire/livewire/src/Wrapped.php(23): Illuminate/Container/BoundMethod::call()
#15 C:/dict project/e-certify/e-certify/vendor/livewire/livewire/src/Mechanisms/HandleComponents/HandleComponents.php(442): Livewire/Wrapped->__call()
#16 C:/dict project/e-certify/e-certify/vendor/livewire/livewire/src/Mechanisms/HandleComponents/HandleComponents.php(399): Livewire/Mechanisms/HandleComponents/HandleComponents->getView()
#17 C:/dict project/e-certify/e-certify/vendor/livewire/livewire/src/Mechanisms/HandleComponents/HandleComponents.php(80): Livewire/Mechanisms/HandleComponents/HandleComponents->render()
#18 C:/dict project/e-certify/e-certify/vendor/livewire/livewire/src/LivewireManager.php(102): Livewire/Mechanisms/HandleComponents/HandleComponents->mount()
#19 C:/dict project/e-certify/e-certify/vendor/livewire/livewire/src/Features/SupportPageComponents/HandlesPageComponents.php(19): Livewire/LivewireManager->mount()
#20 C:/dict project/e-certify/e-certify/vendor/livewire/livewire/src/Features/SupportPageComponents/SupportPageComponents.php(118): Livewire/Component->{closure:Livewire/Features/SupportPageComponents/HandlesPageComponents::__invoke():14}()
#21 C:/dict project/e-certify/e-certify/vendor/livewire/livewire/src/Features/SupportPageComponents/HandlesPageComponents.php(14): Livewire/Features/SupportPageComponents/SupportPageComponents::interceptTheRenderOfTheComponentAndRetreiveTheLayoutConfiguration()
#22 C:/dict project/e-certify/e-certify/vendor/laravel/framework/src/Illuminate/Routing/ControllerDispatcher.php(46): Livewire/Component->__invoke()
#23 C:/dict project/e-certify/e-certify/vendor/laravel/framework/src/Illuminate/Routing/Route.php(265): Illuminate/Routing/ControllerDispatcher->dispatch()
#24 C:/dict project/e-certify/e-certify/vendor/laravel/framework/src/Illuminate/Routing/Route.php(211): Illuminate/Routing/Route->runController()
#25 C:/dict project/e-certify/e-certify/vendor/laravel/framework/src/Illuminate/Routing/Router.php(822): Illuminate/Routing/Route->run()
#26 C:/dict project/e-certify/e-certify/vendor/laravel/framework/src/Illuminate/Pipeline/Pipeline.php(180): Illuminate/Routing/Router->{closure:Illuminate/Routing/Router::runRouteWithinStack():821}()
#27 C:/dict project/e-certify/e-certify/vendor/laravel/framework/src/Illuminate/Auth/Middleware/EnsureEmailIsVerified.php(41): Illuminate/Pipeline/Pipeline->{closure:Illuminate/Pipeline/Pipeline::prepareDestination():178}()
#28 C:/dict project/e-certify/e-certify/vendor/laravel/framework/src/Illuminate/Pipeline/Pipeline.php(219): Illuminate/Auth/Middleware/EnsureEmailIsVerified->handle()
#29 C:/dict project/e-certify/e-certify/vendor/laravel/boost/src/Middleware/InjectBoost.php(22): Illuminate/Pipeline/Pipeline->{closure:{closure:Illuminate/Pipeline/Pipeline::carry():194}:195}()
#30 C:/dict project/e-certify/e-certify/vendor/laravel/framework/src/Illuminate/Pipeline/Pipeline.php(219): Laravel/Boost/Middleware/InjectBoost->handle()
#31 C:/dict project/e-certify/e-certify/vendor/laravel/framework/src/Illuminate/Routing/Middleware/SubstituteBindings.php(50): Illuminate/Pipeline/Pipeline->{closure:{closure:Illuminate/Pipeline/Pipeline::carry():194}:195}()
#32 C:/dict project/e-certify/e-certify/vendor/laravel/framework/src/Illuminate/Pipeline/Pipeline.php(219): Illuminate/Routing/Middleware/SubstituteBindings->handle()
#33 C:/dict project/e-certify/e-certify/vendor/laravel/framework/src/Illuminate/Auth/Middleware/Authenticate.php(63): Illuminate/Pipeline/Pipeline->{closure:{closure:Illuminate/Pipeline/Pipeline::carry():194}:195}()
#34 C:/dict project/e-certify/e-certify/vendor/laravel/framework/src/Illuminate/Pipeline/Pipeline.php(219): Illuminate/Auth/Middleware/Authenticate->handle()
#35 C:/dict project/e-certify/e-certify/vendor/laravel/framework/src/Illuminate/Foundation/Http/Middleware/VerifyCsrfToken.php(87): Illuminate/Pipeline/Pipeline->{closure:{closure:Illuminate/Pipeline/Pipeline::carry():194}:195}()
#36 C:/dict project/e-certify/e-certify/vendor/laravel/framework/src/Illuminate/Pipeline/Pipeline.php(219): Illuminate/Foundation/Http/Middleware/VerifyCsrfToken->handle()
#37 C:/dict project/e-certify/e-certify/vendor/laravel/framework/src/Illuminate/View/Middleware/ShareErrorsFromSession.php(48): Illuminate/Pipeline/Pipeline->{closure:{closure:Illuminate/Pipeline/Pipeline::carry():194}:195}()
#38 C:/dict project/e-certify/e-certify/vendor/laravel/framework/src/Illuminate/Pipeline/Pipeline.php(219): Illuminate/View/Middleware/ShareErrorsFromSession->handle()
#39 C:/dict project/e-certify/e-certify/vendor/laravel/framework/src/Illuminate/Session/Middleware/StartSession.php(120): Illuminate/Pipeline/Pipeline->{closure:{closure:Illuminate/Pipeline/Pipeline::carry():194}:195}()
#40 C:/dict project/e-certify/e-certify/vendor/laravel/framework/src/Illuminate/Session/Middleware/StartSession.php(63): Illuminate/Session/Middleware/StartSession->handleStatefulRequest()
#41 C:/dict project/e-certify/e-certify/vendor/laravel/framework/src/Illuminate/Pipeline/Pipeline.php(219): Illuminate/Session/Middleware/StartSession->handle()
#42 C:/dict project/e-certify/e-certify/vendor/laravel/framework/src/Illuminate/Cookie/Middleware/AddQueuedCookiesToResponse.php(36): Illuminate/Pipeline/Pipeline->{closure:{closure:Illuminate/Pipeline/Pipeline::carry():194}:195}()
#43 C:/dict project/e-certify/e-certify/vendor/laravel/framework/src/Illuminate/Pipeline/Pipeline.php(219): Illuminate/Cookie/Middleware/AddQueuedCookiesToResponse->handle()
#44 C:/dict project/e-certify/e-certify/vendor/laravel/framework/src/Illuminate/Cookie/Middleware/EncryptCookies.php(74): Illuminate/Pipeline/Pipeline->{closure:{closure:Illuminate/Pipeline/Pipeline::carry():194}:195}()
#45 C:/dict project/e-certify/e-certify/vendor/laravel/framework/src/Illuminate/Pipeline/Pipeline.php(219): Illuminate/Cookie/Middleware/EncryptCookies->handle()
#46 C:/dict project/e-certify/e-certify/vendor/laravel/framework/src/Illuminate/Pipeline/Pipeline.php(137): Illuminate/Pipeline/Pipeline->{closure:{closure:Illuminate/Pipeline/Pipeline::carry():194}:195}()
#47 C:/dict project/e-certify/e-certify/vendor/laravel/framework/src/Illuminate/Routing/Router.php(821): Illuminate/Pipeline/Pipeline->then()
#48 C:/dict project/e-certify/e-certify/vendor/laravel/framework/src/Illuminate/Routing/Router.php(800): Illuminate/Routing/Router->runRouteWithinStack()
#49 C:/dict project/e-certify/e-certify/vendor/laravel/framework/src/Illuminate/Routing/Router.php(764): Illuminate/Routing/Router->runRoute()
#50 C:/dict project/e-certify/e-certify/vendor/laravel/framework/src/Illuminate/Routing/Router.php(753): Illuminate/Routing/Router->dispatchToRoute()
#51 C:/dict project/e-certify/e-certify/vendor/laravel/framework/src/Illuminate/Foundation/Http/Kernel.php(200): Illuminate/Routing/Router->dispatch()
#52 C:/dict project/e-certify/e-certify/vendor/laravel/framework/src/Illuminate/Pipeline/Pipeline.php(180): Illuminate/Foundation/Http/Kernel->{closure:Illuminate/Foundation/Http/Kernel::dispatchToRouter():197}()
#53 C:/dict project/e-certify/e-certify/vendor/livewire/livewire/src/Features/SupportDisablingBackButtonCache/DisableBackButtonCacheMiddleware.php(19): Illuminate/Pipeline/Pipeline->{closure:Illuminate/Pipeline/Pipeline::prepareDestination():178}()
#54 C:/dict project/e-certify/e-certify/vendor/laravel/framework/src/Illuminate/Pipeline/Pipeline.php(219): Livewire/Features/SupportDisablingBackButtonCache/DisableBackButtonCacheMiddleware->handle()
#55 C:/dict project/e-certify/e-certify/vendor/laravel/framework/src/Illuminate/Foundation/Http/Middleware/TransformsRequest.php(21): Illuminate/Pipeline/Pipeline->{closure:{closure:Illuminate/Pipeline/Pipeline::carry():194}:195}()
#56 C:/dict project/e-certify/e-certify/vendor/laravel/framework/src/Illuminate/Foundation/Http/Middleware/ConvertEmptyStringsToNull.php(31): Illuminate/Foundation/Http/Middleware/TransformsRequest->handle()
#57 C:/dict project/e-certify/e-certify/vendor/laravel/framework/src/Illuminate/Pipeline/Pipeline.php(219): Illuminate/Foundation/Http/Middleware/ConvertEmptyStringsToNull->handle()
#58 C:/dict project/e-certify/e-certify/vendor/laravel/framework/src/Illuminate/Foundation/Http/Middleware/TransformsRequest.php(21): Illuminate/Pipeline/Pipeline->{closure:{closure:Illuminate/Pipeline/Pipeline::carry():194}:195}()
#59 C:/dict project/e-certify/e-certify/vendor/laravel/framework/src/Illuminate/Foundation/Http/Middleware/TrimStrings.php(51): Illuminate/Foundation/Http/Middleware/TransformsRequest->handle()
#60 C:/dict project/e-certify/e-certify/vendor/laravel/framework/src/Illuminate/Pipeline/Pipeline.php(219): Illuminate/Foundation/Http/Middleware/TrimStrings->handle()
#61 C:/dict project/e-certify/e-certify/vendor/laravel/framework/src/Illuminate/Http/Middleware/ValidatePostSize.php(27): Illuminate/Pipeline/Pipeline->{closure:{closure:Illuminate/Pipeline/Pipeline::carry():194}:195}()
#62 C:/dict project/e-certify/e-certify/vendor/laravel/framework/src/Illuminate/Pipeline/Pipeline.php(219): Illuminate/Http/Middleware/ValidatePostSize->handle()
#63 C:/dict project/e-certify/e-certify/vendor/laravel/framework/src/Illuminate/Foundation/Http/Middleware/PreventRequestsDuringMaintenance.php(109): Illuminate/Pipeline/Pipeline->{closure:{closure:Illuminate/Pipeline/Pipeline::carry():194}:195}()
#64 C:/dict project/e-certify/e-certify/vendor/laravel/framework/src/Illuminate/Pipeline/Pipeline.php(219): Illuminate/Foundation/Http/Middleware/PreventRequestsDuringMaintenance->handle()
#65 C:/dict project/e-certify/e-certify/vendor/laravel/framework/src/Illuminate/Http/Middleware/HandleCors.php(61): Illuminate/Pipeline/Pipeline->{closure:{closure:Illuminate/Pipeline/Pipeline::carry():194}:195}()
#66 C:/dict project/e-certify/e-certify/vendor/laravel/framework/src/Illuminate/Pipeline/Pipeline.php(219): Illuminate/Http/Middleware/HandleCors->handle()
#67 C:/dict project/e-certify/e-certify/vendor/laravel/framework/src/Illuminate/Http/Middleware/TrustProxies.php(58): Illuminate/Pipeline/Pipeline->{closure:{closure:Illuminate/Pipeline/Pipeline::carry():194}:195}()
#68 C:/dict project/e-certify/e-certify/vendor/laravel/framework/src/Illuminate/Pipeline/Pipeline.php(219): Illuminate/Http/Middleware/TrustProxies->handle()
#69 C:/dict project/e-certify/e-certify/vendor/laravel/framework/src/Illuminate/Foundation/Http/Middleware/InvokeDeferredCallbacks.php(22): Illuminate/Pipeline/Pipeline->{closure:{closure:Illuminate/Pipeline/Pipeline::carry():194}:195}()
#70 C:/dict project/e-certify/e-certify/vendor/laravel/framework/src/Illuminate/Pipeline/Pipeline.php(219): Illuminate/Foundation/Http/Middleware/InvokeDeferredCallbacks->handle()
#71 C:/dict project/e-certify/e-certify/vendor/laravel/framework/src/Illuminate/Http/Middleware/ValidatePathEncoding.php(26): Illuminate/Pipeline/Pipeline->{closure:{closure:Illuminate/Pipeline/Pipeline::carry():194}:195}()
#72 C:/dict project/e-certify/e-certify/vendor/laravel/framework/src/Illuminate/Pipeline/Pipeline.php(219): Illuminate/Http/Middleware/ValidatePathEncoding->handle()
#73 C:/dict project/e-certify/e-certify/vendor/laravel/framework/src/Illuminate/Pipeline/Pipeline.php(137): Illuminate/Pipeline/Pipeline->{closure:{closure:Illuminate/Pipeline/Pipeline::carry():194}:195}()
#74 C:/dict project/e-certify/e-certify/vendor/laravel/framework/src/Illuminate/Foundation/Http/Kernel.php(175): Illuminate/Pipeline/Pipeline->then()
#75 C:/dict project/e-certify/e-certify/vendor/laravel/framework/src/Illuminate/Foundation/Http/Kernel.php(144): Illuminate/Foundation/Http/Kernel->sendRequestThroughRouter()
#76 C:/dict project/e-certify/e-certify/vendor/laravel/framework/src/Illuminate/Foundation/Application.php(1220): Illuminate/Foundation/Http/Kernel->handle()
#77 C:/dict project/e-certify/e-certify/public/index.php(20): Illuminate/Foundation/Application->handleRequest()
#78 C:/dict project/e-certify/e-certify/vendor/laravel/framework/src/Illuminate/Foundation/resources/server.php(23): require_once('...')
#79 {main}

[previous exception] [object] (PDOException(code: 42S02): SQLSTATE[42S02]: Base table or view not found: 1146 Table 'ecertify_db.training_events' doesn't exist at C:/dict project/e-certify/e-certify/vendor/laravel/framework/src/Illuminate/Database/Connection.php:420)
[stacktrace]
#0 C:/dict project/e-certify/e-certify/vendor/laravel/framework/src/Illuminate/Database/Connection.php(420): PDO->prepare()
#1 C:/dict project/e-certify/e-certify/vendor/laravel/framework/src/Illuminate/Database/Connection.php(827): Illuminate/Database/Connection->{closure:Illuminate/Database/Connection::select():411}()
#2 C:/dict project/e-certify/e-certify/vendor/laravel/framework/src/Illuminate/Database/Connection.php(794): Illuminate/Database/Connection->runQueryCallback()
#3 C:/dict project/e-certify/e-certify/vendor/laravel/framework/src/Illuminate/Database/Connection.php(411): Illuminate/Database/Connection->run()
#4 C:/dict project/e-certify/e-certify/vendor/laravel/framework/src/Illuminate/Database/Query/Builder.php(3475): Illuminate/Database/Connection->select()
#5 C:/dict project/e-certify/e-certify/vendor/laravel/framework/src/Illuminate/Database/Query/Builder.php(3460): Illuminate/Database/Query/Builder->runSelect()
#6 C:/dict project/e-certify/e-certify/vendor/laravel/framework/src/Illuminate/Database/Query/Builder.php(4050): Illuminate/Database/Query/Builder->{closure:Illuminate/Database/Query/Builder::get():3459}()
#7 C:/dict project/e-certify/e-certify/vendor/laravel/framework/src/Illuminate/Database/Query/Builder.php(3459): Illuminate/Database/Query/Builder->onceWithColumns()
#8 C:/dict project/e-certify/e-certify/vendor/laravel/framework/src/Illuminate/Database/Query/Builder.php(3654): Illuminate/Database/Query/Builder->get()
#9 C:/dict project/e-certify/e-certify/vendor/laravel/framework/src/Illuminate/Database/Query/Builder.php(3613): Illuminate/Database/Query/Builder->runPaginationCountQuery()
#10 C:/dict project/e-certify/e-certify/vendor/laravel/framework/src/Illuminate/Database/Eloquent/Builder.php(1120): Illuminate/Database/Query/Builder->getCountForPagination()
#11 C:/dict project/e-certify/e-certify/app/Livewire/Events/ManageEvents.php(184): Illuminate/Database/Eloquent/Builder->paginate()
#12 C:/dict project/e-certify/e-certify/vendor/laravel/framework/src/Illuminate/Container/BoundMethod.php(36): App/Livewire/Events/ManageEvents->render()
#13 C:/dict project/e-certify/e-certify/vendor/laravel/framework/src/Illuminate/Container/Util.php(43): Illuminate/Container/BoundMethod::{closure:Illuminate/Container/BoundMethod::call():35}()
#14 C:/dict project/e-certify/e-certify/vendor/laravel/framework/src/Illuminate/Container/BoundMethod.php(96): Illuminate/Container/Util::unwrapIfClosure()
#15 C:/dict project/e-certify/e-certify/vendor/laravel/framework/src/Illuminate/Container/BoundMethod.php(35): Illuminate/Container/BoundMethod::callBoundMethod()
#16 C:/dict project/e-certify/e-certify/vendor/livewire/livewire/src/Wrapped.php(23): Illuminate/Container/BoundMethod::call()
#17 C:/dict project/e-certify/e-certify/vendor/livewire/livewire/src/Mechanisms/HandleComponents/HandleComponents.php(442): Livewire/Wrapped->__call()
#18 C:/dict project/e-certify/e-certify/vendor/livewire/livewire/src/Mechanisms/HandleComponents/HandleComponents.php(399): Livewire/Mechanisms/HandleComponents/HandleComponents->getView()
#19 C:/dict project/e-certify/e-certify/vendor/livewire/livewire/src/Mechanisms/HandleComponents/HandleComponents.php(80): Livewire/Mechanisms/HandleComponents/HandleComponents->render()
#20 C:/dict project/e-certify/e-certify/vendor/livewire/livewire/src/LivewireManager.php(102): Livewire/Mechanisms/HandleComponents/HandleComponents->mount()
#21 C:/dict project/e-certify/e-certify/vendor/livewire/livewire/src/Features/SupportPageComponents/HandlesPageComponents.php(19): Livewire/LivewireManager->mount()
#22 C:/dict project/e-certify/e-certify/vendor/livewire/livewire/src/Features/SupportPageComponents/SupportPageComponents.php(118): Livewire/Component->{closure:Livewire/Features/SupportPageComponents/HandlesPageComponents::__invoke():14}()
#23 C:/dict project/e-certify/e-certify/vendor/livewire/livewire/src/Features/SupportPageComponents/HandlesPageComponents.php(14): Livewire/Features/SupportPageComponents/SupportPageComponents::interceptTheRenderOfTheComponentAndRetreiveTheLayoutConfiguration()
#24 C:/dict project/e-certify/e-certify/vendor/laravel/framework/src/Illuminate/Routing/ControllerDispatcher.php(46): Livewire/Component->__invoke()
#25 C:/dict project/e-certify/e-certify/vendor/laravel/framework/src/Illuminate/Routing/Route.php(265): Illuminate/Routing/ControllerDispatcher->dispatch()
#26 C:/dict project/e-certify/e-certify/vendor/laravel/framework/src/Illuminate/Routing/Route.php(211): Illuminate/Routing/Route->runController()
#27 C:/dict project/e-certify/e-certify/vendor/laravel/framework/src/Illuminate/Routing/Router.php(822): Illuminate/Routing/Route->run()
#28 C:/dict project/e-certify/e-certify/vendor/laravel/framework/src/Illuminate/Pipeline/Pipeline.php(180): Illuminate/Routing/Router->{closure:Illuminate/Routing/Router::runRouteWithinStack():821}()
#29 C:/dict project/e-certify/e-certify/vendor/laravel/framework/src/Illuminate/Auth/Middleware/EnsureEmailIsVerified.php(41): Illuminate/Pipeline/Pipeline->{closure:Illuminate/Pipeline/Pipeline::prepareDestination():178}()
#30 C:/dict project/e-certify/e-certify/vendor/laravel/framework/src/Illuminate/Pipeline/Pipeline.php(219): Illuminate/Auth/Middleware/EnsureEmailIsVerified->handle()
#31 C:/dict project/e-certify/e-certify/vendor/laravel/boost/src/Middleware/InjectBoost.php(22): Illuminate/Pipeline/Pipeline->{closure:{closure:Illuminate/Pipeline/Pipeline::carry():194}:195}()
#32 C:/dict project/e-certify/e-certify/vendor/laravel/framework/src/Illuminate/Pipeline/Pipeline.php(219): Laravel/Boost/Middleware/InjectBoost->handle()
#33 C:/dict project/e-certify/e-certify/vendor/laravel/framework/src/Illuminate/Routing/Middleware/SubstituteBindings.php(50): Illuminate/Pipeline/Pipeline->{closure:{closure:Illuminate/Pipeline/Pipeline::carry():194}:195}()
#34 C:/dict project/e-certify/e-certify/vendor/laravel/framework/src/Illuminate/Pipeline/Pipeline.php(219): Illuminate/Routing/Middleware/SubstituteBindings->handle()
#35 C:/dict project/e-certify/e-certify/vendor/laravel/framework/src/Illuminate/Auth/Middleware/Authenticate.php(63): Illuminate/Pipeline/Pipeline->{closure:{closure:Illuminate/Pipeline/Pipeline::carry():194}:195}()
#36 C:/dict project/e-certify/e-certify/vendor/laravel/framework/src/Illuminate/Pipeline/Pipeline.php(219): Illuminate/Auth/Middleware/Authenticate->handle()
#37 C:/dict project/e-certify/e-certify/vendor/laravel/framework/src/Illuminate/Foundation/Http/Middleware/VerifyCsrfToken.php(87): Illuminate/Pipeline/Pipeline->{closure:{closure:Illuminate/Pipeline/Pipeline::carry():194}:195}()
#38 C:/dict project/e-certify/e-certify/vendor/laravel/framework/src/Illuminate/Pipeline/Pipeline.php(219): Illuminate/Foundation/Http/Middleware/VerifyCsrfToken->handle()
#39 C:/dict project/e-certify/e-certify/vendor/laravel/framework/src/Illuminate/View/Middleware/ShareErrorsFromSession.php(48): Illuminate/Pipeline/Pipeline->{closure:{closure:Illuminate/Pipeline/Pipeline::carry():194}:195}()
#40 C:/dict project/e-certify/e-certify/vendor/laravel/framework/src/Illuminate/Pipeline/Pipeline.php(219): Illuminate/View/Middleware/ShareErrorsFromSession->handle()
#41 C:/dict project/e-certify/e-certify/vendor/laravel/framework/src/Illuminate/Session/Middleware/StartSession.php(120): Illuminate/Pipeline/Pipeline->{closure:{closure:Illuminate/Pipeline/Pipeline::carry():194}:195}()
#42 C:/dict project/e-certify/e-certify/vendor/laravel/framework/src/Illuminate/Session/Middleware/StartSession.php(63): Illuminate/Session/Middleware/StartSession->handleStatefulRequest()
#43 C:/dict project/e-certify/e-certify/vendor/laravel/framework/src/Illuminate/Pipeline/Pipeline.php(219): Illuminate/Session/Middleware/StartSession->handle()
#44 C:/dict project/e-certify/e-certify/vendor/laravel/framework/src/Illuminate/Cookie/Middleware/AddQueuedCookiesToResponse.php(36): Illuminate/Pipeline/Pipeline->{closure:{closure:Illuminate/Pipeline/Pipeline::carry():194}:195}()
#45 C:/dict project/e-certify/e-certify/vendor/laravel/framework/src/Illuminate/Pipeline/Pipeline.php(219): Illuminate/Cookie/Middleware/AddQueuedCookiesToResponse->handle()
#46 C:/dict project/e-certify/e-certify/vendor/laravel/framework/src/Illuminate/Cookie/Middleware/EncryptCookies.php(74): Illuminate/Pipeline/Pipeline->{closure:{closure:Illuminate/Pipeline/Pipeline::carry():194}:195}()
#47 C:/dict project/e-certify/e-certify/vendor/laravel/framework/src/Illuminate/Pipeline/Pipeline.php(219): Illuminate/Cookie/Middleware/EncryptCookies->handle()
#48 C:/dict project/e-certify/e-certify/vendor/laravel/framework/src/Illuminate/Pipeline/Pipeline.php(137): Illuminate/Pipeline/Pipeline->{closure:{closure:Illuminate/Pipeline/Pipeline::carry():194}:195}()
#49 C:/dict project/e-certify/e-certify/vendor/laravel/framework/src/Illuminate/Routing/Router.php(821): Illuminate/Pipeline/Pipeline->then()
#50 C:/dict project/e-certify/e-certify/vendor/laravel/framework/src/Illuminate/Routing/Router.php(800): Illuminate/Routing/Router->runRouteWithinStack()
#51 C:/dict project/e-certify/e-certify/vendor/laravel/framework/src/Illuminate/Routing/Router.php(764): Illuminate/Routing/Router->runRoute()
#52 C:/dict project/e-certify/e-certify/vendor/laravel/framework/src/Illuminate/Routing/Router.php(753): Illuminate/Routing/Router->dispatchToRoute()
#53 C:/dict project/e-certify/e-certify/vendor/laravel/framework/src/Illuminate/Foundation/Http/Kernel.php(200): Illuminate/Routing/Router->dispatch()
#54 C:/dict project/e-certify/e-certify/vendor/laravel/framework/src/Illuminate/Pipeline/Pipeline.php(180): Illuminate/Foundation/Http/Kernel->{closure:Illuminate/Foundation/Http/Kernel::dispatchToRouter():197}()
#55 C:/dict project/e-certify/e-certify/vendor/livewire/livewire/src/Features/SupportDisablingBackButtonCache/DisableBackButtonCacheMiddleware.php(19): Illuminate/Pipeline/Pipeline->{closure:Illuminate/Pipeline/Pipeline::prepareDestination():178}()
#56 C:/dict project/e-certify/e-certify/vendor/laravel/framework/src/Illuminate/Pipeline/Pipeline.php(219): Livewire/Features/SupportDisablingBackButtonCache/DisableBackButtonCacheMiddleware->handle()
#57 C:/dict project/e-certify/e-certify/vendor/laravel/framework/src/Illuminate/Foundation/Http/Middleware/TransformsRequest.php(21): Illuminate/Pipeline/Pipeline->{closure:{closure:Illuminate/Pipeline/Pipeline::carry():194}:195}()
#58 C:/dict project/e-certify/e-certify/vendor/laravel/framework/src/Illuminate/Foundation/Http/Middleware/ConvertEmptyStringsToNull.php(31): Illuminate/Foundation/Http/Middleware/TransformsRequest->handle()
#59 C:/dict project/e-certify/e-certify/vendor/laravel/framework/src/Illuminate/Pipeline/Pipeline.php(219): Illuminate/Foundation/Http/Middleware/ConvertEmptyStringsToNull->handle()
#60 C:/dict project/e-certify/e-certify/vendor/laravel/framework/src/Illuminate/Foundation/Http/Middleware/TransformsRequest.php(21): Illuminate/Pipeline/Pipeline->{closure:{closure:Illuminate/Pipeline/Pipeline::carry():194}:195}()
#61 C:/dict project/e-certify/e-certify/vendor/laravel/framework/src/Illuminate/Foundation/Http/Middleware/TrimStrings.php(51): Illuminate/Foundation/Http/Middleware/TransformsRequest->handle()
#62 C:/dict project/e-certify/e-certify/vendor/laravel/framework/src/Illuminate/Pipeline/Pipeline.php(219): Illuminate/Foundation/Http/Middleware/TrimStrings->handle()
#63 C:/dict project/e-certify/e-certify/vendor/laravel/framework/src/Illuminate/Http/Middleware/ValidatePostSize.php(27): Illuminate/Pipeline/Pipeline->{closure:{closure:Illuminate/Pipeline/Pipeline::carry():194}:195}()
#64 C:/dict project/e-certify/e-certify/vendor/laravel/framework/src/Illuminate/Pipeline/Pipeline.php(219): Illuminate/Http/Middleware/ValidatePostSize->handle()
#65 C:/dict project/e-certify/e-certify/vendor/laravel/framework/src/Illuminate/Foundation/Http/Middleware/PreventRequestsDuringMaintenance.php(109): Illuminate/Pipeline/Pipeline->{closure:{closure:Illuminate/Pipeline/Pipeline::carry():194}:195}()
#66 C:/dict project/e-certify/e-certify/vendor/laravel/framework/src/Illuminate/Pipeline/Pipeline.php(219): Illuminate/Foundation/Http/Middleware/PreventRequestsDuringMaintenance->handle()
#67 C:/dict project/e-certify/e-certify/vendor/laravel/framework/src/Illuminate/Http/Middleware/HandleCors.php(61): Illuminate/Pipeline/Pipeline->{closure:{closure:Illuminate/Pipeline/Pipeline::carry():194}:195}()
#68 C:/dict project/e-certify/e-certify/vendor/laravel/framework/src/Illuminate/Pipeline/Pipeline.php(219): Illuminate/Http/Middleware/HandleCors->handle()
#69 C:/dict project/e-certify/e-certify/vendor/laravel/framework/src/Illuminate/Http/Middleware/TrustProxies.php(58): Illuminate/Pipeline/Pipeline->{closure:{closure:Illuminate/Pipeline/Pipeline::carry():194}:195}()
#70 C:/dict project/e-certify/e-certify/vendor/laravel/framework/src/Illuminate/Pipeline/Pipeline.php(219): Illuminate/Http/Middleware/TrustProxies->handle()
#71 C:/dict project/e-certify/e-certify/vendor/laravel/framework/src/Illuminate/Foundation/Http/Middleware/InvokeDeferredCallbacks.php(22): Illuminate/Pipeline/Pipeline->{closure:{closure:Illuminate/Pipeline/Pipeline::carry():194}:195}()
#72 C:/dict project/e-certify/e-certify/vendor/laravel/framework/src/Illuminate/Pipeline/Pipeline.php(219): Illuminate/Foundation/Http/Middleware/InvokeDeferredCallbacks->handle()
#73 C:/dict project/e-certify/e-certify/vendor/laravel/framework/src/Illuminate/Http/Middleware/ValidatePathEncoding.php(26): Illuminate/Pipeline/Pipeline->{closure:{closure:Illuminate/Pipeline/Pipeline::carry():194}:195}()
#74 C:/dict project/e-certify/e-certify/vendor/laravel/framework/src/Illuminate/Pipeline/Pipeline.php(219): Illuminate/Http/Middleware/ValidatePathEncoding->handle()
#75 C:/dict project/e-certify/e-certify/vendor/laravel/framework/src/Illuminate/Pipeline/Pipeline.php(137): Illuminate/Pipeline/Pipeline->{closure:{closure:Illuminate/Pipeline/Pipeline::carry():194}:195}()
#76 C:/dict project/e-certify/e-certify/vendor/laravel/framework/src/Illuminate/Foundation/Http/Kernel.php(175): Illuminate/Pipeline/Pipeline->then()
#77 C:/dict project/e-certify/e-certify/vendor/laravel/framework/src/Illuminate/Foundation/Http/Kernel.php(144): Illuminate/Foundation/Http/Kernel->sendRequestThroughRouter()
#78 C:/dict project/e-certify/e-certify/vendor/laravel/framework/src/Illuminate/Foundation/Application.php(1220): Illuminate/Foundation/Http/Kernel->handle()
#79 C:/dict project/e-certify/e-certify/public/index.php(20): Illuminate/Foundation/Application->handleRequest()
#80 C:/dict project/e-certify/e-certify/vendor/laravel/framework/src/Illuminate/Foundation/resources/server.php(23): require_once('...')
#81 {main}
"} 
[2026-03-16 09:44:06] local.ERROR: SQLSTATE[42S02]: Base table or view not found: 1146 Table 'ecertify_db.training_events' doesn't exist (Connection: mysql, Host: 127.0.0.1, Port: 3306, Database: ecertify_db, SQL: select count(*) as aggregate from `training_events`) {"userId":13,"exception":"[object] (Illuminate\\Database\\QueryException(code: 42S02): SQLSTATE[42S02]: Base table or view not found: 1146 Table 'ecertify_db.training_events' doesn't exist (Connection: mysql, Host: 127.0.0.1, Port: 3306, Database: ecertify_db, SQL: select count(*) as aggregate from `training_events`) at C:/dict project/e-certify/e-certify/vendor/laravel/framework/src/Illuminate/Database/Connection.php:838)
[stacktrace]
#0 C:/dict project/e-certify/e-certify/vendor/laravel/framework/src/Illuminate/Database/Connection.php(794): Illuminate/Database/Connection->runQueryCallback()
#1 C:/dict project/e-certify/e-certify/vendor/laravel/framework/src/Illuminate/Database/Connection.php(411): Illuminate/Database/Connection->run()
#2 C:/dict project/e-certify/e-certify/vendor/laravel/framework/src/Illuminate/Database/Query/Builder.php(3475): Illuminate/Database/Connection->select()
#3 C:/dict project/e-certify/e-certify/vendor/laravel/framework/src/Illuminate/Database/Query/Builder.php(3460): Illuminate/Database/Query/Builder->runSelect()
#4 C:/dict project/e-certify/e-certify/vendor/laravel/framework/src/Illuminate/Database/Query/Builder.php(4050): Illuminate/Database/Query/Builder->{closure:Illuminate/Database/Query/Builder::get():3459}()
#5 C:/dict project/e-certify/e-certify/vendor/laravel/framework/src/Illuminate/Database/Query/Builder.php(3459): Illuminate/Database/Query/Builder->onceWithColumns()
#6 C:/dict project/e-certify/e-certify/vendor/laravel/framework/src/Illuminate/Database/Query/Builder.php(3654): Illuminate/Database/Query/Builder->get()
#7 C:/dict project/e-certify/e-certify/vendor/laravel/framework/src/Illuminate/Database/Query/Builder.php(3613): Illuminate/Database/Query/Builder->runPaginationCountQuery()
#8 C:/dict project/e-certify/e-certify/vendor/laravel/framework/src/Illuminate/Database/Eloquent/Builder.php(1120): Illuminate/Database/Query/Builder->getCountForPagination()
#9 C:/dict project/e-certify/e-certify/app/Livewire/Events/ManageEvents.php(184): Illuminate/Database/Eloquent/Builder->paginate()
#10 C:/dict project/e-certify/e-certify/vendor/laravel/framework/src/Illuminate/Container/BoundMethod.php(36): App/Livewire/Events/ManageEvents->render()
#11 C:/dict project/e-certify/e-certify/vendor/laravel/framework/src/Illuminate/Container/Util.php(43): Illuminate/Container/BoundMethod::{closure:Illuminate/Container/BoundMethod::call():35}()
#12 C:/dict project/e-certify/e-certify/vendor/laravel/framework/src/Illuminate/Container/BoundMethod.php(96): Illuminate/Container/Util::unwrapIfClosure()
#13 C:/dict project/e-certify/e-certify/vendor/laravel/framework/src/Illuminate/Container/BoundMethod.php(35): Illuminate/Container/BoundMethod::callBoundMethod()
#14 C:/dict project/e-certify/e-certify/vendor/livewire/livewire/src/Wrapped.php(23): Illuminate/Container/BoundMethod::call()
#15 C:/dict project/e-certify/e-certify/vendor/livewire/livewire/src/Mechanisms/HandleComponents/HandleComponents.php(442): Livewire/Wrapped->__call()
#16 C:/dict project/e-certify/e-certify/vendor/livewire/livewire/src/Mechanisms/HandleComponents/HandleComponents.php(399): Livewire/Mechanisms/HandleComponents/HandleComponents->getView()
#17 C:/dict project/e-certify/e-certify/vendor/livewire/livewire/src/Mechanisms/HandleComponents/HandleComponents.php(80): Livewire/Mechanisms/HandleComponents/HandleComponents->render()
#18 C:/dict project/e-certify/e-certify/vendor/livewire/livewire/src/LivewireManager.php(102): Livewire/Mechanisms/HandleComponents/HandleComponents->mount()
#19 C:/dict project/e-certify/e-certify/vendor/livewire/livewire/src/Features/SupportPageComponents/HandlesPageComponents.php(19): Livewire/LivewireManager->mount()
#20 C:/dict project/e-certify/e-certify/vendor/livewire/livewire/src/Features/SupportPageComponents/SupportPageComponents.php(118): Livewire/Component->{closure:Livewire/Features/SupportPageComponents/HandlesPageComponents::__invoke():14}()
#21 C:/dict project/e-certify/e-certify/vendor/livewire/livewire/src/Features/SupportPageComponents/HandlesPageComponents.php(14): Livewire/Features/SupportPageComponents/SupportPageComponents::interceptTheRenderOfTheComponentAndRetreiveTheLayoutConfiguration()
#22 C:/dict project/e-certify/e-certify/vendor/laravel/framework/src/Illuminate/Routing/ControllerDispatcher.php(46): Livewire/Component->__invoke()
#23 C:/dict project/e-certify/e-certify/vendor/laravel/framework/src/Illuminate/Routing/Route.php(265): Illuminate/Routing/ControllerDispatcher->dispatch()
#24 C:/dict project/e-certify/e-certify/vendor/laravel/framework/src/Illuminate/Routing/Route.php(211): Illuminate/Routing/Route->runController()
#25 C:/dict project/e-certify/e-certify/vendor/laravel/framework/src/Illuminate/Routing/Router.php(822): Illuminate/Routing/Route->run()
#26 C:/dict project/e-certify/e-certify/vendor/laravel/framework/src/Illuminate/Pipeline/Pipeline.php(180): Illuminate/Routing/Router->{closure:Illuminate/Routing/Router::runRouteWithinStack():821}()
#27 C:/dict project/e-certify/e-certify/vendor/laravel/framework/src/Illuminate/Auth/Middleware/EnsureEmailIsVerified.php(41): Illuminate/Pipeline/Pipeline->{closure:Illuminate/Pipeline/Pipeline::prepareDestination():178}()
#28 C:/dict project/e-certify/e-certify/vendor/laravel/framework/src/Illuminate/Pipeline/Pipeline.php(219): Illuminate/Auth/Middleware/EnsureEmailIsVerified->handle()
#29 C:/dict project/e-certify/e-certify/vendor/laravel/boost/src/Middleware/InjectBoost.php(22): Illuminate/Pipeline/Pipeline->{closure:{closure:Illuminate/Pipeline/Pipeline::carry():194}:195}()
#30 C:/dict project/e-certify/e-certify/vendor/laravel/framework/src/Illuminate/Pipeline/Pipeline.php(219): Laravel/Boost/Middleware/InjectBoost->handle()
#31 C:/dict project/e-certify/e-certify/vendor/laravel/framework/src/Illuminate/Routing/Middleware/SubstituteBindings.php(50): Illuminate/Pipeline/Pipeline->{closure:{closure:Illuminate/Pipeline/Pipeline::carry():194}:195}()
#32 C:/dict project/e-certify/e-certify/vendor/laravel/framework/src/Illuminate/Pipeline/Pipeline.php(219): Illuminate/Routing/Middleware/SubstituteBindings->handle()
#33 C:/dict project/e-certify/e-certify/vendor/laravel/framework/src/Illuminate/Auth/Middleware/Authenticate.php(63): Illuminate/Pipeline/Pipeline->{closure:{closure:Illuminate/Pipeline/Pipeline::carry():194}:195}()
#34 C:/dict project/e-certify/e-certify/vendor/laravel/framework/src/Illuminate/Pipeline/Pipeline.php(219): Illuminate/Auth/Middleware/Authenticate->handle()
#35 C:/dict project/e-certify/e-certify/vendor/laravel/framework/src/Illuminate/Foundation/Http/Middleware/VerifyCsrfToken.php(87): Illuminate/Pipeline/Pipeline->{closure:{closure:Illuminate/Pipeline/Pipeline::carry():194}:195}()
#36 C:/dict project/e-certify/e-certify/vendor/laravel/framework/src/Illuminate/Pipeline/Pipeline.php(219): Illuminate/Foundation/Http/Middleware/VerifyCsrfToken->handle()
#37 C:/dict project/e-certify/e-certify/vendor/laravel/framework/src/Illuminate/View/Middleware/ShareErrorsFromSession.php(48): Illuminate/Pipeline/Pipeline->{closure:{closure:Illuminate/Pipeline/Pipeline::carry():194}:195}()
#38 C:/dict project/e-certify/e-certify/vendor/laravel/framework/src/Illuminate/Pipeline/Pipeline.php(219): Illuminate/View/Middleware/ShareErrorsFromSession->handle()
#39 C:/dict project/e-certify/e-certify/vendor/laravel/framework/src/Illuminate/Session/Middleware/StartSession.php(120): Illuminate/Pipeline/Pipeline->{closure:{closure:Illuminate/Pipeline/Pipeline::carry():194}:195}()
#40 C:/dict project/e-certify/e-certify/vendor/laravel/framework/src/Illuminate/Session/Middleware/StartSession.php(63): Illuminate/Session/Middleware/StartSession->handleStatefulRequest()
#41 C:/dict project/e-certify/e-certify/vendor/laravel/framework/src/Illuminate/Pipeline/Pipeline.php(219): Illuminate/Session/Middleware/StartSession->handle()
#42 C:/dict project/e-certify/e-certify/vendor/laravel/framework/src/Illuminate/Cookie/Middleware/AddQueuedCookiesToResponse.php(36): Illuminate/Pipeline/Pipeline->{closure:{closure:Illuminate/Pipeline/Pipeline::carry():194}:195}()
#43 C:/dict project/e-certify/e-certify/vendor/laravel/framework/src/Illuminate/Pipeline/Pipeline.php(219): Illuminate/Cookie/Middleware/AddQueuedCookiesToResponse->handle()
#44 C:/dict project/e-certify/e-certify/vendor/laravel/framework/src/Illuminate/Cookie/Middleware/EncryptCookies.php(74): Illuminate/Pipeline/Pipeline->{closure:{closure:Illuminate/Pipeline/Pipeline::carry():194}:195}()
#45 C:/dict project/e-certify/e-certify/vendor/laravel/framework/src/Illuminate/Pipeline/Pipeline.php(219): Illuminate/Cookie/Middleware/EncryptCookies->handle()
#46 C:/dict project/e-certify/e-certify/vendor/laravel/framework/src/Illuminate/Pipeline/Pipeline.php(137): Illuminate/Pipeline/Pipeline->{closure:{closure:Illuminate/Pipeline/Pipeline::carry():194}:195}()
#47 C:/dict project/e-certify/e-certify/vendor/laravel/framework/src/Illuminate/Routing/Router.php(821): Illuminate/Pipeline/Pipeline->then()
#48 C:/dict project/e-certify/e-certify/vendor/laravel/framework/src/Illuminate/Routing/Router.php(800): Illuminate/Routing/Router->runRouteWithinStack()
#49 C:/dict project/e-certify/e-certify/vendor/laravel/framework/src/Illuminate/Routing/Router.php(764): Illuminate/Routing/Router->runRoute()
#50 C:/dict project/e-certify/e-certify/vendor/laravel/framework/src/Illuminate/Routing/Router.php(753): Illuminate/Routing/Router->dispatchToRoute()
#51 C:/dict project/e-certify/e-certify/vendor/laravel/framework/src/Illuminate/Foundation/Http/Kernel.php(200): Illuminate/Routing/Router->dispatch()
#52 C:/dict project/e-certify/e-certify/vendor/laravel/framework/src/Illuminate/Pipeline/Pipeline.php(180): Illuminate/Foundation/Http/Kernel->{closure:Illuminate/Foundation/Http/Kernel::dispatchToRouter():197}()
#53 C:/dict project/e-certify/e-certify/vendor/livewire/livewire/src/Features/SupportDisablingBackButtonCache/DisableBackButtonCacheMiddleware.php(19): Illuminate/Pipeline/Pipeline->{closure:Illuminate/Pipeline/Pipeline::prepareDestination():178}()
#54 C:/dict project/e-certify/e-certify/vendor/laravel/framework/src/Illuminate/Pipeline/Pipeline.php(219): Livewire/Features/SupportDisablingBackButtonCache/DisableBackButtonCacheMiddleware->handle()
#55 C:/dict project/e-certify/e-certify/vendor/laravel/framework/src/Illuminate/Foundation/Http/Middleware/TransformsRequest.php(21): Illuminate/Pipeline/Pipeline->{closure:{closure:Illuminate/Pipeline/Pipeline::carry():194}:195}()
#56 C:/dict project/e-certify/e-certify/vendor/laravel/framework/src/Illuminate/Foundation/Http/Middleware/ConvertEmptyStringsToNull.php(31): Illuminate/Foundation/Http/Middleware/TransformsRequest->handle()
#57 C:/dict project/e-certify/e-certify/vendor/laravel/framework/src/Illuminate/Pipeline/Pipeline.php(219): Illuminate/Foundation/Http/Middleware/ConvertEmptyStringsToNull->handle()
#58 C:/dict project/e-certify/e-certify/vendor/laravel/framework/src/Illuminate/Foundation/Http/Middleware/TransformsRequest.php(21): Illuminate/Pipeline/Pipeline->{closure:{closure:Illuminate/Pipeline/Pipeline::carry():194}:195}()
#59 C:/dict project/e-certify/e-certify/vendor/laravel/framework/src/Illuminate/Foundation/Http/Middleware/TrimStrings.php(51): Illuminate/Foundation/Http/Middleware/TransformsRequest->handle()
#60 C:/dict project/e-certify/e-certify/vendor/laravel/framework/src/Illuminate/Pipeline/Pipeline.php(219): Illuminate/Foundation/Http/Middleware/TrimStrings->handle()
#61 C:/dict project/e-certify/e-certify/vendor/laravel/framework/src/Illuminate/Http/Middleware/ValidatePostSize.php(27): Illuminate/Pipeline/Pipeline->{closure:{closure:Illuminate/Pipeline/Pipeline::carry():194}:195}()
#62 C:/dict project/e-certify/e-certify/vendor/laravel/framework/src/Illuminate/Pipeline/Pipeline.php(219): Illuminate/Http/Middleware/ValidatePostSize->handle()
#63 C:/dict project/e-certify/e-certify/vendor/laravel/framework/src/Illuminate/Foundation/Http/Middleware/PreventRequestsDuringMaintenance.php(109): Illuminate/Pipeline/Pipeline->{closure:{closure:Illuminate/Pipeline/Pipeline::carry():194}:195}()
#64 C:/dict project/e-certify/e-certify/vendor/laravel/framework/src/Illuminate/Pipeline/Pipeline.php(219): Illuminate/Foundation/Http/Middleware/PreventRequestsDuringMaintenance->handle()
#65 C:/dict project/e-certify/e-certify/vendor/laravel/framework/src/Illuminate/Http/Middleware/HandleCors.php(61): Illuminate/Pipeline/Pipeline->{closure:{closure:Illuminate/Pipeline/Pipeline::carry():194}:195}()
#66 C:/dict project/e-certify/e-certify/vendor/laravel/framework/src/Illuminate/Pipeline/Pipeline.php(219): Illuminate/Http/Middleware/HandleCors->handle()
#67 C:/dict project/e-certify/e-certify/vendor/laravel/framework/src/Illuminate/Http/Middleware/TrustProxies.php(58): Illuminate/Pipeline/Pipeline->{closure:{closure:Illuminate/Pipeline/Pipeline::carry():194}:195}()
#68 C:/dict project/e-certify/e-certify/vendor/laravel/framework/src/Illuminate/Pipeline/Pipeline.php(219): Illuminate/Http/Middleware/TrustProxies->handle()
#69 C:/dict project/e-certify/e-certify/vendor/laravel/framework/src/Illuminate/Foundation/Http/Middleware/InvokeDeferredCallbacks.php(22): Illuminate/Pipeline/Pipeline->{closure:{closure:Illuminate/Pipeline/Pipeline::carry():194}:195}()
#70 C:/dict project/e-certify/e-certify/vendor/laravel/framework/src/Illuminate/Pipeline/Pipeline.php(219): Illuminate/Foundation/Http/Middleware/InvokeDeferredCallbacks->handle()
#71 C:/dict project/e-certify/e-certify/vendor/laravel/framework/src/Illuminate/Http/Middleware/ValidatePathEncoding.php(26): Illuminate/Pipeline/Pipeline->{closure:{closure:Illuminate/Pipeline/Pipeline::carry():194}:195}()
#72 C:/dict project/e-certify/e-certify/vendor/laravel/framework/src/Illuminate/Pipeline/Pipeline.php(219): Illuminate/Http/Middleware/ValidatePathEncoding->handle()
#73 C:/dict project/e-certify/e-certify/vendor/laravel/framework/src/Illuminate/Pipeline/Pipeline.php(137): Illuminate/Pipeline/Pipeline->{closure:{closure:Illuminate/Pipeline/Pipeline::carry():194}:195}()
#74 C:/dict project/e-certify/e-certify/vendor/laravel/framework/src/Illuminate/Foundation/Http/Kernel.php(175): Illuminate/Pipeline/Pipeline->then()
#75 C:/dict project/e-certify/e-certify/vendor/laravel/framework/src/Illuminate/Foundation/Http/Kernel.php(144): Illuminate/Foundation/Http/Kernel->sendRequestThroughRouter()
#76 C:/dict project/e-certify/e-certify/vendor/laravel/framework/src/Illuminate/Foundation/Application.php(1220): Illuminate/Foundation/Http/Kernel->handle()
#77 C:/dict project/e-certify/e-certify/public/index.php(20): Illuminate/Foundation/Application->handleRequest()
#78 C:/dict project/e-certify/e-certify/vendor/laravel/framework/src/Illuminate/Foundation/resources/server.php(23): require_once('...')
#79 {main}

[previous exception] [object] (PDOException(code: 42S02): SQLSTATE[42S02]: Base table or view not found: 1146 Table 'ecertify_db.training_events' doesn't exist at C:/dict project/e-certify/e-certify/vendor/laravel/framework/src/Illuminate/Database/Connection.php:420)
[stacktrace]
#0 C:/dict project/e-certify/e-certify/vendor/laravel/framework/src/Illuminate/Database/Connection.php(420): PDO->prepare()
#1 C:/dict project/e-certify/e-certify/vendor/laravel/framework/src/Illuminate/Database/Connection.php(827): Illuminate/Database/Connection->{closure:Illuminate/Database/Connection::select():411}()
#2 C:/dict project/e-certify/e-certify/vendor/laravel/framework/src/Illuminate/Database/Connection.php(794): Illuminate/Database/Connection->runQueryCallback()
#3 C:/dict project/e-certify/e-certify/vendor/laravel/framework/src/Illuminate/Database/Connection.php(411): Illuminate/Database/Connection->run()
#4 C:/dict project/e-certify/e-certify/vendor/laravel/framework/src/Illuminate/Database/Query/Builder.php(3475): Illuminate/Database/Connection->select()
#5 C:/dict project/e-certify/e-certify/vendor/laravel/framework/src/Illuminate/Database/Query/Builder.php(3460): Illuminate/Database/Query/Builder->runSelect()
#6 C:/dict project/e-certify/e-certify/vendor/laravel/framework/src/Illuminate/Database/Query/Builder.php(4050): Illuminate/Database/Query/Builder->{closure:Illuminate/Database/Query/Builder::get():3459}()
#7 C:/dict project/e-certify/e-certify/vendor/laravel/framework/src/Illuminate/Database/Query/Builder.php(3459): Illuminate/Database/Query/Builder->onceWithColumns()
#8 C:/dict project/e-certify/e-certify/vendor/laravel/framework/src/Illuminate/Database/Query/Builder.php(3654): Illuminate/Database/Query/Builder->get()
#9 C:/dict project/e-certify/e-certify/vendor/laravel/framework/src/Illuminate/Database/Query/Builder.php(3613): Illuminate/Database/Query/Builder->runPaginationCountQuery()
#10 C:/dict project/e-certify/e-certify/vendor/laravel/framework/src/Illuminate/Database/Eloquent/Builder.php(1120): Illuminate/Database/Query/Builder->getCountForPagination()
#11 C:/dict project/e-certify/e-certify/app/Livewire/Events/ManageEvents.php(184): Illuminate/Database/Eloquent/Builder->paginate()
#12 C:/dict project/e-certify/e-certify/vendor/laravel/framework/src/Illuminate/Container/BoundMethod.php(36): App/Livewire/Events/ManageEvents->render()
#13 C:/dict project/e-certify/e-certify/vendor/laravel/framework/src/Illuminate/Container/Util.php(43): Illuminate/Container/BoundMethod::{closure:Illuminate/Container/BoundMethod::call():35}()
#14 C:/dict project/e-certify/e-certify/vendor/laravel/framework/src/Illuminate/Container/BoundMethod.php(96): Illuminate/Container/Util::unwrapIfClosure()
#15 C:/dict project/e-certify/e-certify/vendor/laravel/framework/src/Illuminate/Container/BoundMethod.php(35): Illuminate/Container/BoundMethod::callBoundMethod()
#16 C:/dict project/e-certify/e-certify/vendor/livewire/livewire/src/Wrapped.php(23): Illuminate/Container/BoundMethod::call()
#17 C:/dict project/e-certify/e-certify/vendor/livewire/livewire/src/Mechanisms/HandleComponents/HandleComponents.php(442): Livewire/Wrapped->__call()
#18 C:/dict project/e-certify/e-certify/vendor/livewire/livewire/src/Mechanisms/HandleComponents/HandleComponents.php(399): Livewire/Mechanisms/HandleComponents/HandleComponents->getView()
#19 C:/dict project/e-certify/e-certify/vendor/livewire/livewire/src/Mechanisms/HandleComponents/HandleComponents.php(80): Livewire/Mechanisms/HandleComponents/HandleComponents->render()
#20 C:/dict project/e-certify/e-certify/vendor/livewire/livewire/src/LivewireManager.php(102): Livewire/Mechanisms/HandleComponents/HandleComponents->mount()
#21 C:/dict project/e-certify/e-certify/vendor/livewire/livewire/src/Features/SupportPageComponents/HandlesPageComponents.php(19): Livewire/LivewireManager->mount()
#22 C:/dict project/e-certify/e-certify/vendor/livewire/livewire/src/Features/SupportPageComponents/SupportPageComponents.php(118): Livewire/Component->{closure:Livewire/Features/SupportPageComponents/HandlesPageComponents::__invoke():14}()
#23 C:/dict project/e-certify/e-certify/vendor/livewire/livewire/src/Features/SupportPageComponents/HandlesPageComponents.php(14): Livewire/Features/SupportPageComponents/SupportPageComponents::interceptTheRenderOfTheComponentAndRetreiveTheLayoutConfiguration()
#24 C:/dict project/e-certify/e-certify/vendor/laravel/framework/src/Illuminate/Routing/ControllerDispatcher.php(46): Livewire/Component->__invoke()
#25 C:/dict project/e-certify/e-certify/vendor/laravel/framework/src/Illuminate/Routing/Route.php(265): Illuminate/Routing/ControllerDispatcher->dispatch()
#26 C:/dict project/e-certify/e-certify/vendor/laravel/framework/src/Illuminate/Routing/Route.php(211): Illuminate/Routing/Route->runController()
#27 C:/dict project/e-certify/e-certify/vendor/laravel/framework/src/Illuminate/Routing/Router.php(822): Illuminate/Routing/Route->run()
#28 C:/dict project/e-certify/e-certify/vendor/laravel/framework/src/Illuminate/Pipeline/Pipeline.php(180): Illuminate/Routing/Router->{closure:Illuminate/Routing/Router::runRouteWithinStack():821}()
#29 C:/dict project/e-certify/e-certify/vendor/laravel/framework/src/Illuminate/Auth/Middleware/EnsureEmailIsVerified.php(41): Illuminate/Pipeline/Pipeline->{closure:Illuminate/Pipeline/Pipeline::prepareDestination():178}()
#30 C:/dict project/e-certify/e-certify/vendor/laravel/framework/src/Illuminate/Pipeline/Pipeline.php(219): Illuminate/Auth/Middleware/EnsureEmailIsVerified->handle()
#31 C:/dict project/e-certify/e-certify/vendor/laravel/boost/src/Middleware/InjectBoost.php(22): Illuminate/Pipeline/Pipeline->{closure:{closure:Illuminate/Pipeline/Pipeline::carry():194}:195}()
#32 C:/dict project/e-certify/e-certify/vendor/laravel/framework/src/Illuminate/Pipeline/Pipeline.php(219): Laravel/Boost/Middleware/InjectBoost->handle()
#33 C:/dict project/e-certify/e-certify/vendor/laravel/framework/src/Illuminate/Routing/Middleware/SubstituteBindings.php(50): Illuminate/Pipeline/Pipeline->{closure:{closure:Illuminate/Pipeline/Pipeline::carry():194}:195}()
#34 C:/dict project/e-certify/e-certify/vendor/laravel/framework/src/Illuminate/Pipeline/Pipeline.php(219): Illuminate/Routing/Middleware/SubstituteBindings->handle()
#35 C:/dict project/e-certify/e-certify/vendor/laravel/framework/src/Illuminate/Auth/Middleware/Authenticate.php(63): Illuminate/Pipeline/Pipeline->{closure:{closure:Illuminate/Pipeline/Pipeline::carry():194}:195}()
#36 C:/dict project/e-certify/e-certify/vendor/laravel/framework/src/Illuminate/Pipeline/Pipeline.php(219): Illuminate/Auth/Middleware/Authenticate->handle()
#37 C:/dict project/e-certify/e-certify/vendor/laravel/framework/src/Illuminate/Foundation/Http/Middleware/VerifyCsrfToken.php(87): Illuminate/Pipeline/Pipeline->{closure:{closure:Illuminate/Pipeline/Pipeline::carry():194}:195}()
#38 C:/dict project/e-certify/e-certify/vendor/laravel/framework/src/Illuminate/Pipeline/Pipeline.php(219): Illuminate/Foundation/Http/Middleware/VerifyCsrfToken->handle()
#39 C:/dict project/e-certify/e-certify/vendor/laravel/framework/src/Illuminate/View/Middleware/ShareErrorsFromSession.php(48): Illuminate/Pipeline/Pipeline->{closure:{closure:Illuminate/Pipeline/Pipeline::carry():194}:195}()
#40 C:/dict project/e-certify/e-certify/vendor/laravel/framework/src/Illuminate/Pipeline/Pipeline.php(219): Illuminate/View/Middleware/ShareErrorsFromSession->handle()
#41 C:/dict project/e-certify/e-certify/vendor/laravel/framework/src/Illuminate/Session/Middleware/StartSession.php(120): Illuminate/Pipeline/Pipeline->{closure:{closure:Illuminate/Pipeline/Pipeline::carry():194}:195}()
#42 C:/dict project/e-certify/e-certify/vendor/laravel/framework/src/Illuminate/Session/Middleware/StartSession.php(63): Illuminate/Session/Middleware/StartSession->handleStatefulRequest()
#43 C:/dict project/e-certify/e-certify/vendor/laravel/framework/src/Illuminate/Pipeline/Pipeline.php(219): Illuminate/Session/Middleware/StartSession->handle()
#44 C:/dict project/e-certify/e-certify/vendor/laravel/framework/src/Illuminate/Cookie/Middleware/AddQueuedCookiesToResponse.php(36): Illuminate/Pipeline/Pipeline->{closure:{closure:Illuminate/Pipeline/Pipeline::carry():194}:195}()
#45 C:/dict project/e-certify/e-certify/vendor/laravel/framework/src/Illuminate/Pipeline/Pipeline.php(219): Illuminate/Cookie/Middleware/AddQueuedCookiesToResponse->handle()
#46 C:/dict project/e-certify/e-certify/vendor/laravel/framework/src/Illuminate/Cookie/Middleware/EncryptCookies.php(74): Illuminate/Pipeline/Pipeline->{closure:{closure:Illuminate/Pipeline/Pipeline::carry():194}:195}()
#47 C:/dict project/e-certify/e-certify/vendor/laravel/framework/src/Illuminate/Pipeline/Pipeline.php(219): Illuminate/Cookie/Middleware/EncryptCookies->handle()
#48 C:/dict project/e-certify/e-certify/vendor/laravel/framework/src/Illuminate/Pipeline/Pipeline.php(137): Illuminate/Pipeline/Pipeline->{closure:{closure:Illuminate/Pipeline/Pipeline::carry():194}:195}()
#49 C:/dict project/e-certify/e-certify/vendor/laravel/framework/src/Illuminate/Routing/Router.php(821): Illuminate/Pipeline/Pipeline->then()
#50 C:/dict project/e-certify/e-certify/vendor/laravel/framework/src/Illuminate/Routing/Router.php(800): Illuminate/Routing/Router->runRouteWithinStack()
#51 C:/dict project/e-certify/e-certify/vendor/laravel/framework/src/Illuminate/Routing/Router.php(764): Illuminate/Routing/Router->runRoute()
#52 C:/dict project/e-certify/e-certify/vendor/laravel/framework/src/Illuminate/Routing/Router.php(753): Illuminate/Routing/Router->dispatchToRoute()
#53 C:/dict project/e-certify/e-certify/vendor/laravel/framework/src/Illuminate/Foundation/Http/Kernel.php(200): Illuminate/Routing/Router->dispatch()
#54 C:/dict project/e-certify/e-certify/vendor/laravel/framework/src/Illuminate/Pipeline/Pipeline.php(180): Illuminate/Foundation/Http/Kernel->{closure:Illuminate/Foundation/Http/Kernel::dispatchToRouter():197}()
#55 C:/dict project/e-certify/e-certify/vendor/livewire/livewire/src/Features/SupportDisablingBackButtonCache/DisableBackButtonCacheMiddleware.php(19): Illuminate/Pipeline/Pipeline->{closure:Illuminate/Pipeline/Pipeline::prepareDestination():178}()
#56 C:/dict project/e-certify/e-certify/vendor/laravel/framework/src/Illuminate/Pipeline/Pipeline.php(219): Livewire/Features/SupportDisablingBackButtonCache/DisableBackButtonCacheMiddleware->handle()
#57 C:/dict project/e-certify/e-certify/vendor/laravel/framework/src/Illuminate/Foundation/Http/Middleware/TransformsRequest.php(21): Illuminate/Pipeline/Pipeline->{closure:{closure:Illuminate/Pipeline/Pipeline::carry():194}:195}()
#58 C:/dict project/e-certify/e-certify/vendor/laravel/framework/src/Illuminate/Foundation/Http/Middleware/ConvertEmptyStringsToNull.php(31): Illuminate/Foundation/Http/Middleware/TransformsRequest->handle()
#59 C:/dict project/e-certify/e-certify/vendor/laravel/framework/src/Illuminate/Pipeline/Pipeline.php(219): Illuminate/Foundation/Http/Middleware/ConvertEmptyStringsToNull->handle()
#60 C:/dict project/e-certify/e-certify/vendor/laravel/framework/src/Illuminate/Foundation/Http/Middleware/TransformsRequest.php(21): Illuminate/Pipeline/Pipeline->{closure:{closure:Illuminate/Pipeline/Pipeline::carry():194}:195}()
#61 C:/dict project/e-certify/e-certify/vendor/laravel/framework/src/Illuminate/Foundation/Http/Middleware/TrimStrings.php(51): Illuminate/Foundation/Http/Middleware/TransformsRequest->handle()
#62 C:/dict project/e-certify/e-certify/vendor/laravel/framework/src/Illuminate/Pipeline/Pipeline.php(219): Illuminate/Foundation/Http/Middleware/TrimStrings->handle()
#63 C:/dict project/e-certify/e-certify/vendor/laravel/framework/src/Illuminate/Http/Middleware/ValidatePostSize.php(27): Illuminate/Pipeline/Pipeline->{closure:{closure:Illuminate/Pipeline/Pipeline::carry():194}:195}()
#64 C:/dict project/e-certify/e-certify/vendor/laravel/framework/src/Illuminate/Pipeline/Pipeline.php(219): Illuminate/Http/Middleware/ValidatePostSize->handle()
#65 C:/dict project/e-certify/e-certify/vendor/laravel/framework/src/Illuminate/Foundation/Http/Middleware/PreventRequestsDuringMaintenance.php(109): Illuminate/Pipeline/Pipeline->{closure:{closure:Illuminate/Pipeline/Pipeline::carry():194}:195}()
#66 C:/dict project/e-certify/e-certify/vendor/laravel/framework/src/Illuminate/Pipeline/Pipeline.php(219): Illuminate/Foundation/Http/Middleware/PreventRequestsDuringMaintenance->handle()
#67 C:/dict project/e-certify/e-certify/vendor/laravel/framework/src/Illuminate/Http/Middleware/HandleCors.php(61): Illuminate/Pipeline/Pipeline->{closure:{closure:Illuminate/Pipeline/Pipeline::carry():194}:195}()
#68 C:/dict project/e-certify/e-certify/vendor/laravel/framework/src/Illuminate/Pipeline/Pipeline.php(219): Illuminate/Http/Middleware/HandleCors->handle()
#69 C:/dict project/e-certify/e-certify/vendor/laravel/framework/src/Illuminate/Http/Middleware/TrustProxies.php(58): Illuminate/Pipeline/Pipeline->{closure:{closure:Illuminate/Pipeline/Pipeline::carry():194}:195}()
#70 C:/dict project/e-certify/e-certify/vendor/laravel/framework/src/Illuminate/Pipeline/Pipeline.php(219): Illuminate/Http/Middleware/TrustProxies->handle()
#71 C:/dict project/e-certify/e-certify/vendor/laravel/framework/src/Illuminate/Foundation/Http/Middleware/InvokeDeferredCallbacks.php(22): Illuminate/Pipeline/Pipeline->{closure:{closure:Illuminate/Pipeline/Pipeline::carry():194}:195}()
#72 C:/dict project/e-certify/e-certify/vendor/laravel/framework/src/Illuminate/Pipeline/Pipeline.php(219): Illuminate/Foundation/Http/Middleware/InvokeDeferredCallbacks->handle()
#73 C:/dict project/e-certify/e-certify/vendor/laravel/framework/src/Illuminate/Http/Middleware/ValidatePathEncoding.php(26): Illuminate/Pipeline/Pipeline->{closure:{closure:Illuminate/Pipeline/Pipeline::carry():194}:195}()
#74 C:/dict project/e-certify/e-certify/vendor/laravel/framework/src/Illuminate/Pipeline/Pipeline.php(219): Illuminate/Http/Middleware/ValidatePathEncoding->handle()
#75 C:/dict project/e-certify/e-certify/vendor/laravel/framework/src/Illuminate/Pipeline/Pipeline.php(137): Illuminate/Pipeline/Pipeline->{closure:{closure:Illuminate/Pipeline/Pipeline::carry():194}:195}()
#76 C:/dict project/e-certify/e-certify/vendor/laravel/framework/src/Illuminate/Foundation/Http/Kernel.php(175): Illuminate/Pipeline/Pipeline->then()
#77 C:/dict project/e-certify/e-certify/vendor/laravel/framework/src/Illuminate/Foundation/Http/Kernel.php(144): Illuminate/Foundation/Http/Kernel->sendRequestThroughRouter()
#78 C:/dict project/e-certify/e-certify/vendor/laravel/framework/src/Illuminate/Foundation/Application.php(1220): Illuminate/Foundation/Http/Kernel->handle()
#79 C:/dict project/e-certify/e-certify/public/index.php(20): Illuminate/Foundation/Application->handleRequest()
#80 C:/dict project/e-certify/e-certify/vendor/laravel/framework/src/Illuminate/Foundation/resources/server.php(23): require_once('...')
#81 {main}
"} 
[2026-03-17 00:29:47] local.ERROR: SQLSTATE[HY000] [2002] No connection could be made because the target machine actively refused it (Connection: mysql, Host: 127.0.0.1, Port: 3306, Database: ecertify_db, SQL: delete from `cache`) {"exception":"[object] (Illuminate\\Database\\QueryException(code: 2002): SQLSTATE[HY000] [2002] No connection could be made because the target machine actively refused it (Connection: mysql, Host: 127.0.0.1, Port: 3306, Database: ecertify_db, SQL: delete from `cache`) at C:/dict project/e-certify/e-certify/vendor/laravel/framework/src/Illuminate/Database/Connection.php:838)
[stacktrace]
#0 C:/dict project/e-certify/e-certify/vendor/laravel/framework/src/Illuminate/Database/Connection.php(999): Illuminate/Database/Connection->runQueryCallback()
#1 C:/dict project/e-certify/e-certify/vendor/laravel/framework/src/Illuminate/Database/Connection.php(978): Illuminate/Database/Connection->tryAgainIfCausedByLostConnection()
#2 C:/dict project/e-certify/e-certify/vendor/laravel/framework/src/Illuminate/Database/Connection.php(796): Illuminate/Database/Connection->handleQueryException()
#3 C:/dict project/e-certify/e-certify/vendor/laravel/framework/src/Illuminate/Database/Connection.php(597): Illuminate/Database/Connection->run()
#4 C:/dict project/e-certify/e-certify/vendor/laravel/framework/src/Illuminate/Database/Connection.php(561): Illuminate/Database/Connection->affectingStatement()
#5 C:/dict project/e-certify/e-certify/vendor/laravel/framework/src/Illuminate/Database/Query/Builder.php(4396): Illuminate/Database/Connection->delete()
#6 C:/dict project/e-certify/e-certify/vendor/laravel/framework/src/Illuminate/Cache/DatabaseStore.php(433): Illuminate/Database/Query/Builder->delete()
#7 C:/dict project/e-certify/e-certify/vendor/laravel/framework/src/Illuminate/Cache/Repository.php(979): Illuminate/Cache/DatabaseStore->flush()
#8 C:/dict project/e-certify/e-certify/vendor/laravel/framework/src/Illuminate/Cache/Console/ClearCommand.php(68): Illuminate/Cache/Repository->__call()
#9 C:/dict project/e-certify/e-certify/vendor/laravel/framework/src/Illuminate/Container/BoundMethod.php(36): Illuminate/Cache/Console/ClearCommand->handle()
#10 C:/dict project/e-certify/e-certify/vendor/laravel/framework/src/Illuminate/Container/Util.php(43): Illuminate/Container/BoundMethod::{closure:Illuminate/Container/BoundMethod::call():35}()
#11 C:/dict project/e-certify/e-certify/vendor/laravel/framework/src/Illuminate/Container/BoundMethod.php(96): Illuminate/Container/Util::unwrapIfClosure()
#12 C:/dict project/e-certify/e-certify/vendor/laravel/framework/src/Illuminate/Container/BoundMethod.php(35): Illuminate/Container/BoundMethod::callBoundMethod()
#13 C:/dict project/e-certify/e-certify/vendor/laravel/framework/src/Illuminate/Container/Container.php(799): Illuminate/Container/BoundMethod::call()
#14 C:/dict project/e-certify/e-certify/vendor/laravel/framework/src/Illuminate/Console/Command.php(211): Illuminate/Container/Container->call()
#15 C:/dict project/e-certify/e-certify/vendor/symfony/console/Command/Command.php(341): Illuminate/Console/Command->execute()
#16 C:/dict project/e-certify/e-certify/vendor/laravel/framework/src/Illuminate/Console/Command.php(180): Symfony/Component/Console/Command/Command->run()
#17 C:/dict project/e-certify/e-certify/vendor/laravel/framework/src/Illuminate/Console/Concerns/CallsCommands.php(68): Illuminate/Console/Command->run()
#18 C:/dict project/e-certify/e-certify/vendor/laravel/framework/src/Illuminate/Console/Concerns/CallsCommands.php(41): Illuminate/Console/Command->runCommand()
#19 C:/dict project/e-certify/e-certify/vendor/laravel/framework/src/Illuminate/Console/Concerns/CallsCommands.php(53): Illuminate/Console/Command->callSilent()
#20 C:/dict project/e-certify/e-certify/vendor/laravel/framework/src/Illuminate/Foundation/Console/OptimizeClearCommand.php(48): Illuminate/Console/Command->callSilently()
#21 C:/dict project/e-certify/e-certify/vendor/laravel/framework/src/Illuminate/Console/View/Components/Task.php(41): Illuminate/Foundation/Console/OptimizeClearCommand->{closure:Illuminate/Foundation/Console/OptimizeClearCommand::handle():48}()
#22 C:/dict project/e-certify/e-certify/vendor/laravel/framework/src/Illuminate/Console/View/Components/Factory.php(59): Illuminate/Console/View/Components/Task->render()
#23 C:/dict project/e-certify/e-certify/vendor/laravel/framework/src/Illuminate/Foundation/Console/OptimizeClearCommand.php(48): Illuminate/Console/View/Components/Factory->__call()
#24 C:/dict project/e-certify/e-certify/vendor/laravel/framework/src/Illuminate/Container/BoundMethod.php(36): Illuminate/Foundation/Console/OptimizeClearCommand->handle()
#25 C:/dict project/e-certify/e-certify/vendor/laravel/framework/src/Illuminate/Container/Util.php(43): Illuminate/Container/BoundMethod::{closure:Illuminate/Container/BoundMethod::call():35}()
#26 C:/dict project/e-certify/e-certify/vendor/laravel/framework/src/Illuminate/Container/BoundMethod.php(96): Illuminate/Container/Util::unwrapIfClosure()
#27 C:/dict project/e-certify/e-certify/vendor/laravel/framework/src/Illuminate/Container/BoundMethod.php(35): Illuminate/Container/BoundMethod::callBoundMethod()
#28 C:/dict project/e-certify/e-certify/vendor/laravel/framework/src/Illuminate/Container/Container.php(799): Illuminate/Container/BoundMethod::call()
#29 C:/dict project/e-certify/e-certify/vendor/laravel/framework/src/Illuminate/Console/Command.php(211): Illuminate/Container/Container->call()
#30 C:/dict project/e-certify/e-certify/vendor/symfony/console/Command/Command.php(341): Illuminate/Console/Command->execute()
#31 C:/dict project/e-certify/e-certify/vendor/laravel/framework/src/Illuminate/Console/Command.php(180): Symfony/Component/Console/Command/Command->run()
#32 C:/dict project/e-certify/e-certify/vendor/symfony/console/Application.php(1117): Illuminate/Console/Command->run()
#33 C:/dict project/e-certify/e-certify/vendor/symfony/console/Application.php(356): Symfony/Component/Console/Application->doRunCommand()
#34 C:/dict project/e-certify/e-certify/vendor/symfony/console/Application.php(195): Symfony/Component/Console/Application->doRun()
#35 C:/dict project/e-certify/e-certify/vendor/laravel/framework/src/Illuminate/Foundation/Console/Kernel.php(198): Symfony/Component/Console/Application->run()
#36 C:/dict project/e-certify/e-certify/vendor/laravel/framework/src/Illuminate/Foundation/Application.php(1235): Illuminate/Foundation/Console/Kernel->handle()
#37 C:/dict project/e-certify/e-certify/artisan(16): Illuminate/Foundation/Application->handleCommand()
#38 {main}

[previous exception] [object] (PDOException(code: 2002): SQLSTATE[HY000] [2002] No connection could be made because the target machine actively refused it at C:/dict project/e-certify/e-certify/vendor/laravel/framework/src/Illuminate/Database/Connectors/Connector.php:67)
[stacktrace]
#0 C:/dict project/e-certify/e-certify/vendor/laravel/framework/src/Illuminate/Database/Connectors/Connector.php(67): PDO::connect()
#1 C:/dict project/e-certify/e-certify/vendor/laravel/framework/src/Illuminate/Database/Connectors/Connector.php(85): Illuminate/Database/Connectors/Connector->createPdoConnection()
#2 C:/dict project/e-certify/e-certify/vendor/laravel/framework/src/Illuminate/Database/Connectors/Connector.php(48): Illuminate/Database/Connectors/Connector->tryAgainIfCausedByLostConnection()
#3 C:/dict project/e-certify/e-certify/vendor/laravel/framework/src/Illuminate/Database/Connectors/MySqlConnector.php(24): Illuminate/Database/Connectors/Connector->createConnection()
#4 C:/dict project/e-certify/e-certify/vendor/laravel/framework/src/Illuminate/Database/Connectors/ConnectionFactory.php(186): Illuminate/Database/Connectors/MySqlConnector->connect()
#5 [internal function]: Illuminate/Database/Connectors/ConnectionFactory->{closure:Illuminate/Database/Connectors/ConnectionFactory::createPdoResolverWithHosts():181}()
#6 C:/dict project/e-certify/e-certify/vendor/laravel/framework/src/Illuminate/Database/Connection.php(1257): call_user_func()
#7 C:/dict project/e-certify/e-certify/vendor/laravel/framework/src/Illuminate/Database/Connection.php(605): Illuminate/Database/Connection->getPdo()
#8 C:/dict project/e-certify/e-certify/vendor/laravel/framework/src/Illuminate/Database/Connection.php(827): Illuminate/Database/Connection->{closure:Illuminate/Database/Connection::affectingStatement():597}()
#9 C:/dict project/e-certify/e-certify/vendor/laravel/framework/src/Illuminate/Database/Connection.php(999): Illuminate/Database/Connection->runQueryCallback()
#10 C:/dict project/e-certify/e-certify/vendor/laravel/framework/src/Illuminate/Database/Connection.php(978): Illuminate/Database/Connection->tryAgainIfCausedByLostConnection()
#11 C:/dict project/e-certify/e-certify/vendor/laravel/framework/src/Illuminate/Database/Connection.php(796): Illuminate/Database/Connection->handleQueryException()
#12 C:/dict project/e-certify/e-certify/vendor/laravel/framework/src/Illuminate/Database/Connection.php(597): Illuminate/Database/Connection->run()
#13 C:/dict project/e-certify/e-certify/vendor/laravel/framework/src/Illuminate/Database/Connection.php(561): Illuminate/Database/Connection->affectingStatement()
#14 C:/dict project/e-certify/e-certify/vendor/laravel/framework/src/Illuminate/Database/Query/Builder.php(4396): Illuminate/Database/Connection->delete()
#15 C:/dict project/e-certify/e-certify/vendor/laravel/framework/src/Illuminate/Cache/DatabaseStore.php(433): Illuminate/Database/Query/Builder->delete()
#16 C:/dict project/e-certify/e-certify/vendor/laravel/framework/src/Illuminate/Cache/Repository.php(979): Illuminate/Cache/DatabaseStore->flush()
#17 C:/dict project/e-certify/e-certify/vendor/laravel/framework/src/Illuminate/Cache/Console/ClearCommand.php(68): Illuminate/Cache/Repository->__call()
#18 C:/dict project/e-certify/e-certify/vendor/laravel/framework/src/Illuminate/Container/BoundMethod.php(36): Illuminate/Cache/Console/ClearCommand->handle()
#19 C:/dict project/e-certify/e-certify/vendor/laravel/framework/src/Illuminate/Container/Util.php(43): Illuminate/Container/BoundMethod::{closure:Illuminate/Container/BoundMethod::call():35}()
#20 C:/dict project/e-certify/e-certify/vendor/laravel/framework/src/Illuminate/Container/BoundMethod.php(96): Illuminate/Container/Util::unwrapIfClosure()
#21 C:/dict project/e-certify/e-certify/vendor/laravel/framework/src/Illuminate/Container/BoundMethod.php(35): Illuminate/Container/BoundMethod::callBoundMethod()
#22 C:/dict project/e-certify/e-certify/vendor/laravel/framework/src/Illuminate/Container/Container.php(799): Illuminate/Container/BoundMethod::call()
#23 C:/dict project/e-certify/e-certify/vendor/laravel/framework/src/Illuminate/Console/Command.php(211): Illuminate/Container/Container->call()
#24 C:/dict project/e-certify/e-certify/vendor/symfony/console/Command/Command.php(341): Illuminate/Console/Command->execute()
#25 C:/dict project/e-certify/e-certify/vendor/laravel/framework/src/Illuminate/Console/Command.php(180): Symfony/Component/Console/Command/Command->run()
#26 C:/dict project/e-certify/e-certify/vendor/laravel/framework/src/Illuminate/Console/Concerns/CallsCommands.php(68): Illuminate/Console/Command->run()
#27 C:/dict project/e-certify/e-certify/vendor/laravel/framework/src/Illuminate/Console/Concerns/CallsCommands.php(41): Illuminate/Console/Command->runCommand()
#28 C:/dict project/e-certify/e-certify/vendor/laravel/framework/src/Illuminate/Console/Concerns/CallsCommands.php(53): Illuminate/Console/Command->callSilent()
#29 C:/dict project/e-certify/e-certify/vendor/laravel/framework/src/Illuminate/Foundation/Console/OptimizeClearCommand.php(48): Illuminate/Console/Command->callSilently()
#30 C:/dict project/e-certify/e-certify/vendor/laravel/framework/src/Illuminate/Console/View/Components/Task.php(41): Illuminate/Foundation/Console/OptimizeClearCommand->{closure:Illuminate/Foundation/Console/OptimizeClearCommand::handle():48}()
#31 C:/dict project/e-certify/e-certify/vendor/laravel/framework/src/Illuminate/Console/View/Components/Factory.php(59): Illuminate/Console/View/Components/Task->render()
#32 C:/dict project/e-certify/e-certify/vendor/laravel/framework/src/Illuminate/Foundation/Console/OptimizeClearCommand.php(48): Illuminate/Console/View/Components/Factory->__call()
#33 C:/dict project/e-certify/e-certify/vendor/laravel/framework/src/Illuminate/Container/BoundMethod.php(36): Illuminate/Foundation/Console/OptimizeClearCommand->handle()
#34 C:/dict project/e-certify/e-certify/vendor/laravel/framework/src/Illuminate/Container/Util.php(43): Illuminate/Container/BoundMethod::{closure:Illuminate/Container/BoundMethod::call():35}()
#35 C:/dict project/e-certify/e-certify/vendor/laravel/framework/src/Illuminate/Container/BoundMethod.php(96): Illuminate/Container/Util::unwrapIfClosure()
#36 C:/dict project/e-certify/e-certify/vendor/laravel/framework/src/Illuminate/Container/BoundMethod.php(35): Illuminate/Container/BoundMethod::callBoundMethod()
#37 C:/dict project/e-certify/e-certify/vendor/laravel/framework/src/Illuminate/Container/Container.php(799): Illuminate/Container/BoundMethod::call()
#38 C:/dict project/e-certify/e-certify/vendor/laravel/framework/src/Illuminate/Console/Command.php(211): Illuminate/Container/Container->call()
#39 C:/dict project/e-certify/e-certify/vendor/symfony/console/Command/Command.php(341): Illuminate/Console/Command->execute()
#40 C:/dict project/e-certify/e-certify/vendor/laravel/framework/src/Illuminate/Console/Command.php(180): Symfony/Component/Console/Command/Command->run()
#41 C:/dict project/e-certify/e-certify/vendor/symfony/console/Application.php(1117): Illuminate/Console/Command->run()
#42 C:/dict project/e-certify/e-certify/vendor/symfony/console/Application.php(356): Symfony/Component/Console/Application->doRunCommand()
#43 C:/dict project/e-certify/e-certify/vendor/symfony/console/Application.php(195): Symfony/Component/Console/Application->doRun()
#44 C:/dict project/e-certify/e-certify/vendor/laravel/framework/src/Illuminate/Foundation/Console/Kernel.php(198): Symfony/Component/Console/Application->run()
#45 C:/dict project/e-certify/e-certify/vendor/laravel/framework/src/Illuminate/Foundation/Application.php(1235): Illuminate/Foundation/Console/Kernel->handle()
#46 C:/dict project/e-certify/e-certify/artisan(16): Illuminate/Foundation/Application->handleCommand()
#47 {main}
"} 
[2026-03-17 00:30:22] local.ERROR: SQLSTATE[HY000] [2002] No connection could be made because the target machine actively refused it (Connection: mysql, Host: 127.0.0.1, Port: 3306, Database: ecertify_db, SQL: select exists (select 1 from information_schema.tables where table_schema = schema() and table_name = 'migrations' and table_type in ('BASE TABLE', 'SYSTEM VERSIONED')) as `exists`) {"exception":"[object] (Illuminate\\Database\\QueryException(code: 2002): SQLSTATE[HY000] [2002] No connection could be made because the target machine actively refused it (Connection: mysql, Host: 127.0.0.1, Port: 3306, Database: ecertify_db, SQL: select exists (select 1 from information_schema.tables where table_schema = schema() and table_name = 'migrations' and table_type in ('BASE TABLE', 'SYSTEM VERSIONED')) as `exists`) at C:/dict project/e-certify/e-certify/vendor/laravel/framework/src/Illuminate/Database/Connection.php:838)
[stacktrace]
#0 C:/dict project/e-certify/e-certify/vendor/laravel/framework/src/Illuminate/Database/Connection.php(999): Illuminate/Database/Connection->runQueryCallback()
#1 C:/dict project/e-certify/e-certify/vendor/laravel/framework/src/Illuminate/Database/Connection.php(978): Illuminate/Database/Connection->tryAgainIfCausedByLostConnection()
#2 C:/dict project/e-certify/e-certify/vendor/laravel/framework/src/Illuminate/Database/Connection.php(796): Illuminate/Database/Connection->handleQueryException()
#3 C:/dict project/e-certify/e-certify/vendor/laravel/framework/src/Illuminate/Database/Connection.php(411): Illuminate/Database/Connection->run()
#4 C:/dict project/e-certify/e-certify/vendor/laravel/framework/src/Illuminate/Database/Connection.php(357): Illuminate/Database/Connection->select()
#5 C:/dict project/e-certify/e-certify/vendor/laravel/framework/src/Illuminate/Database/Connection.php(374): Illuminate/Database/Connection->selectOne()
#6 C:/dict project/e-certify/e-certify/vendor/laravel/framework/src/Illuminate/Database/Schema/Builder.php(176): Illuminate/Database/Connection->scalar()
#7 C:/dict project/e-certify/e-certify/vendor/laravel/framework/src/Illuminate/Database/Migrations/DatabaseMigrationRepository.php(185): Illuminate/Database/Schema/Builder->hasTable()
#8 C:/dict project/e-certify/e-certify/vendor/laravel/framework/src/Illuminate/Database/Migrations/Migrator.php(758): Illuminate/Database/Migrations/DatabaseMigrationRepository->repositoryExists()
#9 C:/dict project/e-certify/e-certify/vendor/laravel/framework/src/Illuminate/Database/Console/Migrations/MigrateCommand.php(164): Illuminate/Database/Migrations/Migrator->repositoryExists()
#10 C:/dict project/e-certify/e-certify/vendor/laravel/framework/src/Illuminate/Support/helpers.php(327): Illuminate/Database/Console/Migrations/MigrateCommand->{closure:Illuminate/Database/Console/Migrations/MigrateCommand::repositoryExists():164}()
#11 C:/dict project/e-certify/e-certify/vendor/laravel/framework/src/Illuminate/Database/Console/Migrations/MigrateCommand.php(164): retry()
#12 C:/dict project/e-certify/e-certify/vendor/laravel/framework/src/Illuminate/Database/Console/Migrations/MigrateCommand.php(140): Illuminate/Database/Console/Migrations/MigrateCommand->repositoryExists()
#13 C:/dict project/e-certify/e-certify/vendor/laravel/framework/src/Illuminate/Database/Console/Migrations/MigrateCommand.php(110): Illuminate/Database/Console/Migrations/MigrateCommand->prepareDatabase()
#14 C:/dict project/e-certify/e-certify/vendor/laravel/framework/src/Illuminate/Database/Migrations/Migrator.php(671): Illuminate/Database/Console/Migrations/MigrateCommand->{closure:Illuminate/Database/Console/Migrations/MigrateCommand::runMigrations():109}()
#15 C:/dict project/e-certify/e-certify/vendor/laravel/framework/src/Illuminate/Database/Console/Migrations/MigrateCommand.php(109): Illuminate/Database/Migrations/Migrator->usingConnection()
#16 C:/dict project/e-certify/e-certify/vendor/laravel/framework/src/Illuminate/Database/Console/Migrations/MigrateCommand.php(88): Illuminate/Database/Console/Migrations/MigrateCommand->runMigrations()
#17 C:/dict project/e-certify/e-certify/vendor/laravel/framework/src/Illuminate/Container/BoundMethod.php(36): Illuminate/Database/Console/Migrations/MigrateCommand->handle()
#18 C:/dict project/e-certify/e-certify/vendor/laravel/framework/src/Illuminate/Container/Util.php(43): Illuminate/Container/BoundMethod::{closure:Illuminate/Container/BoundMethod::call():35}()
#19 C:/dict project/e-certify/e-certify/vendor/laravel/framework/src/Illuminate/Container/BoundMethod.php(96): Illuminate/Container/Util::unwrapIfClosure()
#20 C:/dict project/e-certify/e-certify/vendor/laravel/framework/src/Illuminate/Container/BoundMethod.php(35): Illuminate/Container/BoundMethod::callBoundMethod()
#21 C:/dict project/e-certify/e-certify/vendor/laravel/framework/src/Illuminate/Container/Container.php(799): Illuminate/Container/BoundMethod::call()
#22 C:/dict project/e-certify/e-certify/vendor/laravel/framework/src/Illuminate/Console/Command.php(211): Illuminate/Container/Container->call()
#23 C:/dict project/e-certify/e-certify/vendor/symfony/console/Command/Command.php(341): Illuminate/Console/Command->execute()
#24 C:/dict project/e-certify/e-certify/vendor/laravel/framework/src/Illuminate/Console/Command.php(180): Symfony/Component/Console/Command/Command->run()
#25 C:/dict project/e-certify/e-certify/vendor/symfony/console/Application.php(1117): Illuminate/Console/Command->run()
#26 C:/dict project/e-certify/e-certify/vendor/symfony/console/Application.php(356): Symfony/Component/Console/Application->doRunCommand()
#27 C:/dict project/e-certify/e-certify/vendor/symfony/console/Application.php(195): Symfony/Component/Console/Application->doRun()
#28 C:/dict project/e-certify/e-certify/vendor/laravel/framework/src/Illuminate/Foundation/Console/Kernel.php(198): Symfony/Component/Console/Application->run()
#29 C:/dict project/e-certify/e-certify/vendor/laravel/framework/src/Illuminate/Foundation/Application.php(1235): Illuminate/Foundation/Console/Kernel->handle()
#30 C:/dict project/e-certify/e-certify/artisan(16): Illuminate/Foundation/Application->handleCommand()
#31 {main}

[previous exception] [object] (PDOException(code: 2002): SQLSTATE[HY000] [2002] No connection could be made because the target machine actively refused it at C:/dict project/e-certify/e-certify/vendor/laravel/framework/src/Illuminate/Database/Connectors/Connector.php:67)
[stacktrace]
#0 C:/dict project/e-certify/e-certify/vendor/laravel/framework/src/Illuminate/Database/Connectors/Connector.php(67): PDO::connect()
#1 C:/dict project/e-certify/e-certify/vendor/laravel/framework/src/Illuminate/Database/Connectors/Connector.php(85): Illuminate/Database/Connectors/Connector->createPdoConnection()
#2 C:/dict project/e-certify/e-certify/vendor/laravel/framework/src/Illuminate/Database/Connectors/Connector.php(48): Illuminate/Database/Connectors/Connector->tryAgainIfCausedByLostConnection()
#3 C:/dict project/e-certify/e-certify/vendor/laravel/framework/src/Illuminate/Database/Connectors/MySqlConnector.php(24): Illuminate/Database/Connectors/Connector->createConnection()
#4 C:/dict project/e-certify/e-certify/vendor/laravel/framework/src/Illuminate/Database/Connectors/ConnectionFactory.php(186): Illuminate/Database/Connectors/MySqlConnector->connect()
#5 [internal function]: Illuminate/Database/Connectors/ConnectionFactory->{closure:Illuminate/Database/Connectors/ConnectionFactory::createPdoResolverWithHosts():181}()
#6 C:/dict project/e-certify/e-certify/vendor/laravel/framework/src/Illuminate/Database/Connection.php(1257): call_user_func()
#7 C:/dict project/e-certify/e-certify/vendor/laravel/framework/src/Illuminate/Database/Connection.php(1295): Illuminate/Database/Connection->getPdo()
#8 C:/dict project/e-certify/e-certify/vendor/laravel/framework/src/Illuminate/Database/Connection.php(525): Illuminate/Database/Connection->getReadPdo()
#9 C:/dict project/e-certify/e-certify/vendor/laravel/framework/src/Illuminate/Database/Connection.php(420): Illuminate/Database/Connection->getPdoForSelect()
#10 C:/dict project/e-certify/e-certify/vendor/laravel/framework/src/Illuminate/Database/Connection.php(827): Illuminate/Database/Connection->{closure:Illuminate/Database/Connection::select():411}()
#11 C:/dict project/e-certify/e-certify/vendor/laravel/framework/src/Illuminate/Database/Connection.php(999): Illuminate/Database/Connection->runQueryCallback()
#12 C:/dict project/e-certify/e-certify/vendor/laravel/framework/src/Illuminate/Database/Connection.php(978): Illuminate/Database/Connection->tryAgainIfCausedByLostConnection()
#13 C:/dict project/e-certify/e-certify/vendor/laravel/framework/src/Illuminate/Database/Connection.php(796): Illuminate/Database/Connection->handleQueryException()
#14 C:/dict project/e-certify/e-certify/vendor/laravel/framework/src/Illuminate/Database/Connection.php(411): Illuminate/Database/Connection->run()
#15 C:/dict project/e-certify/e-certify/vendor/laravel/framework/src/Illuminate/Database/Connection.php(357): Illuminate/Database/Connection->select()
#16 C:/dict project/e-certify/e-certify/vendor/laravel/framework/src/Illuminate/Database/Connection.php(374): Illuminate/Database/Connection->selectOne()
#17 C:/dict project/e-certify/e-certify/vendor/laravel/framework/src/Illuminate/Database/Schema/Builder.php(176): Illuminate/Database/Connection->scalar()
#18 C:/dict project/e-certify/e-certify/vendor/laravel/framework/src/Illuminate/Database/Migrations/DatabaseMigrationRepository.php(185): Illuminate/Database/Schema/Builder->hasTable()
#19 C:/dict project/e-certify/e-certify/vendor/laravel/framework/src/Illuminate/Database/Migrations/Migrator.php(758): Illuminate/Database/Migrations/DatabaseMigrationRepository->repositoryExists()
#20 C:/dict project/e-certify/e-certify/vendor/laravel/framework/src/Illuminate/Database/Console/Migrations/MigrateCommand.php(164): Illuminate/Database/Migrations/Migrator->repositoryExists()
#21 C:/dict project/e-certify/e-certify/vendor/laravel/framework/src/Illuminate/Support/helpers.php(327): Illuminate/Database/Console/Migrations/MigrateCommand->{closure:Illuminate/Database/Console/Migrations/MigrateCommand::repositoryExists():164}()
#22 C:/dict project/e-certify/e-certify/vendor/laravel/framework/src/Illuminate/Database/Console/Migrations/MigrateCommand.php(164): retry()
#23 C:/dict project/e-certify/e-certify/vendor/laravel/framework/src/Illuminate/Database/Console/Migrations/MigrateCommand.php(140): Illuminate/Database/Console/Migrations/MigrateCommand->repositoryExists()
#24 C:/dict project/e-certify/e-certify/vendor/laravel/framework/src/Illuminate/Database/Console/Migrations/MigrateCommand.php(110): Illuminate/Database/Console/Migrations/MigrateCommand->prepareDatabase()
#25 C:/dict project/e-certify/e-certify/vendor/laravel/framework/src/Illuminate/Database/Migrations/Migrator.php(671): Illuminate/Database/Console/Migrations/MigrateCommand->{closure:Illuminate/Database/Console/Migrations/MigrateCommand::runMigrations():109}()
#26 C:/dict project/e-certify/e-certify/vendor/laravel/framework/src/Illuminate/Database/Console/Migrations/MigrateCommand.php(109): Illuminate/Database/Migrations/Migrator->usingConnection()
#27 C:/dict project/e-certify/e-certify/vendor/laravel/framework/src/Illuminate/Database/Console/Migrations/MigrateCommand.php(88): Illuminate/Database/Console/Migrations/MigrateCommand->runMigrations()
#28 C:/dict project/e-certify/e-certify/vendor/laravel/framework/src/Illuminate/Container/BoundMethod.php(36): Illuminate/Database/Console/Migrations/MigrateCommand->handle()
#29 C:/dict project/e-certify/e-certify/vendor/laravel/framework/src/Illuminate/Container/Util.php(43): Illuminate/Container/BoundMethod::{closure:Illuminate/Container/BoundMethod::call():35}()
#30 C:/dict project/e-certify/e-certify/vendor/laravel/framework/src/Illuminate/Container/BoundMethod.php(96): Illuminate/Container/Util::unwrapIfClosure()
#31 C:/dict project/e-certify/e-certify/vendor/laravel/framework/src/Illuminate/Container/BoundMethod.php(35): Illuminate/Container/BoundMethod::callBoundMethod()
#32 C:/dict project/e-certify/e-certify/vendor/laravel/framework/src/Illuminate/Container/Container.php(799): Illuminate/Container/BoundMethod::call()
#33 C:/dict project/e-certify/e-certify/vendor/laravel/framework/src/Illuminate/Console/Command.php(211): Illuminate/Container/Container->call()
#34 C:/dict project/e-certify/e-certify/vendor/symfony/console/Command/Command.php(341): Illuminate/Console/Command->execute()
#35 C:/dict project/e-certify/e-certify/vendor/laravel/framework/src/Illuminate/Console/Command.php(180): Symfony/Component/Console/Command/Command->run()
#36 C:/dict project/e-certify/e-certify/vendor/symfony/console/Application.php(1117): Illuminate/Console/Command->run()
#37 C:/dict project/e-certify/e-certify/vendor/symfony/console/Application.php(356): Symfony/Component/Console/Application->doRunCommand()
#38 C:/dict project/e-certify/e-certify/vendor/symfony/console/Application.php(195): Symfony/Component/Console/Application->doRun()
#39 C:/dict project/e-certify/e-certify/vendor/laravel/framework/src/Illuminate/Foundation/Console/Kernel.php(198): Symfony/Component/Console/Application->run()
#40 C:/dict project/e-certify/e-certify/vendor/laravel/framework/src/Illuminate/Foundation/Application.php(1235): Illuminate/Foundation/Console/Kernel->handle()
#41 C:/dict project/e-certify/e-certify/artisan(16): Illuminate/Foundation/Application->handleCommand()
#42 {main}
"} 
[2026-03-17 00:31:14] local.ERROR: SQLSTATE[HY000] [2002] No connection could be made because the target machine actively refused it (Connection: mysql, Host: 127.0.0.1, Port: 3306, Database: ecertify_db, SQL: delete from `cache`) {"exception":"[object] (Illuminate\\Database\\QueryException(code: 2002): SQLSTATE[HY000] [2002] No connection could be made because the target machine actively refused it (Connection: mysql, Host: 127.0.0.1, Port: 3306, Database: ecertify_db, SQL: delete from `cache`) at C:/dict project/e-certify/e-certify/vendor/laravel/framework/src/Illuminate/Database/Connection.php:838)
[stacktrace]
#0 C:/dict project/e-certify/e-certify/vendor/laravel/framework/src/Illuminate/Database/Connection.php(999): Illuminate/Database/Connection->runQueryCallback()
#1 C:/dict project/e-certify/e-certify/vendor/laravel/framework/src/Illuminate/Database/Connection.php(978): Illuminate/Database/Connection->tryAgainIfCausedByLostConnection()
#2 C:/dict project/e-certify/e-certify/vendor/laravel/framework/src/Illuminate/Database/Connection.php(796): Illuminate/Database/Connection->handleQueryException()
#3 C:/dict project/e-certify/e-certify/vendor/laravel/framework/src/Illuminate/Database/Connection.php(597): Illuminate/Database/Connection->run()
#4 C:/dict project/e-certify/e-certify/vendor/laravel/framework/src/Illuminate/Database/Connection.php(561): Illuminate/Database/Connection->affectingStatement()
#5 C:/dict project/e-certify/e-certify/vendor/laravel/framework/src/Illuminate/Database/Query/Builder.php(4396): Illuminate/Database/Connection->delete()
#6 C:/dict project/e-certify/e-certify/vendor/laravel/framework/src/Illuminate/Cache/DatabaseStore.php(433): Illuminate/Database/Query/Builder->delete()
#7 C:/dict project/e-certify/e-certify/vendor/laravel/framework/src/Illuminate/Cache/Repository.php(979): Illuminate/Cache/DatabaseStore->flush()
#8 C:/dict project/e-certify/e-certify/vendor/laravel/framework/src/Illuminate/Cache/Console/ClearCommand.php(68): Illuminate/Cache/Repository->__call()
#9 C:/dict project/e-certify/e-certify/vendor/laravel/framework/src/Illuminate/Container/BoundMethod.php(36): Illuminate/Cache/Console/ClearCommand->handle()
#10 C:/dict project/e-certify/e-certify/vendor/laravel/framework/src/Illuminate/Container/Util.php(43): Illuminate/Container/BoundMethod::{closure:Illuminate/Container/BoundMethod::call():35}()
#11 C:/dict project/e-certify/e-certify/vendor/laravel/framework/src/Illuminate/Container/BoundMethod.php(96): Illuminate/Container/Util::unwrapIfClosure()
#12 C:/dict project/e-certify/e-certify/vendor/laravel/framework/src/Illuminate/Container/BoundMethod.php(35): Illuminate/Container/BoundMethod::callBoundMethod()
#13 C:/dict project/e-certify/e-certify/vendor/laravel/framework/src/Illuminate/Container/Container.php(799): Illuminate/Container/BoundMethod::call()
#14 C:/dict project/e-certify/e-certify/vendor/laravel/framework/src/Illuminate/Console/Command.php(211): Illuminate/Container/Container->call()
#15 C:/dict project/e-certify/e-certify/vendor/symfony/console/Command/Command.php(341): Illuminate/Console/Command->execute()
#16 C:/dict project/e-certify/e-certify/vendor/laravel/framework/src/Illuminate/Console/Command.php(180): Symfony/Component/Console/Command/Command->run()
#17 C:/dict project/e-certify/e-certify/vendor/laravel/framework/src/Illuminate/Console/Concerns/CallsCommands.php(68): Illuminate/Console/Command->run()
#18 C:/dict project/e-certify/e-certify/vendor/laravel/framework/src/Illuminate/Console/Concerns/CallsCommands.php(41): Illuminate/Console/Command->runCommand()
#19 C:/dict project/e-certify/e-certify/vendor/laravel/framework/src/Illuminate/Console/Concerns/CallsCommands.php(53): Illuminate/Console/Command->callSilent()
#20 C:/dict project/e-certify/e-certify/vendor/laravel/framework/src/Illuminate/Foundation/Console/OptimizeClearCommand.php(48): Illuminate/Console/Command->callSilently()
#21 C:/dict project/e-certify/e-certify/vendor/laravel/framework/src/Illuminate/Console/View/Components/Task.php(41): Illuminate/Foundation/Console/OptimizeClearCommand->{closure:Illuminate/Foundation/Console/OptimizeClearCommand::handle():48}()
#22 C:/dict project/e-certify/e-certify/vendor/laravel/framework/src/Illuminate/Console/View/Components/Factory.php(59): Illuminate/Console/View/Components/Task->render()
#23 C:/dict project/e-certify/e-certify/vendor/laravel/framework/src/Illuminate/Foundation/Console/OptimizeClearCommand.php(48): Illuminate/Console/View/Components/Factory->__call()
#24 C:/dict project/e-certify/e-certify/vendor/laravel/framework/src/Illuminate/Container/BoundMethod.php(36): Illuminate/Foundation/Console/OptimizeClearCommand->handle()
#25 C:/dict project/e-certify/e-certify/vendor/laravel/framework/src/Illuminate/Container/Util.php(43): Illuminate/Container/BoundMethod::{closure:Illuminate/Container/BoundMethod::call():35}()
#26 C:/dict project/e-certify/e-certify/vendor/laravel/framework/src/Illuminate/Container/BoundMethod.php(96): Illuminate/Container/Util::unwrapIfClosure()
#27 C:/dict project/e-certify/e-certify/vendor/laravel/framework/src/Illuminate/Container/BoundMethod.php(35): Illuminate/Container/BoundMethod::callBoundMethod()
#28 C:/dict project/e-certify/e-certify/vendor/laravel/framework/src/Illuminate/Container/Container.php(799): Illuminate/Container/BoundMethod::call()
#29 C:/dict project/e-certify/e-certify/vendor/laravel/framework/src/Illuminate/Console/Command.php(211): Illuminate/Container/Container->call()
#30 C:/dict project/e-certify/e-certify/vendor/symfony/console/Command/Command.php(341): Illuminate/Console/Command->execute()
#31 C:/dict project/e-certify/e-certify/vendor/laravel/framework/src/Illuminate/Console/Command.php(180): Symfony/Component/Console/Command/Command->run()
#32 C:/dict project/e-certify/e-certify/vendor/symfony/console/Application.php(1117): Illuminate/Console/Command->run()
#33 C:/dict project/e-certify/e-certify/vendor/symfony/console/Application.php(356): Symfony/Component/Console/Application->doRunCommand()
#34 C:/dict project/e-certify/e-certify/vendor/symfony/console/Application.php(195): Symfony/Component/Console/Application->doRun()
#35 C:/dict project/e-certify/e-certify/vendor/laravel/framework/src/Illuminate/Foundation/Console/Kernel.php(198): Symfony/Component/Console/Application->run()
#36 C:/dict project/e-certify/e-certify/vendor/laravel/framework/src/Illuminate/Foundation/Application.php(1235): Illuminate/Foundation/Console/Kernel->handle()
#37 C:/dict project/e-certify/e-certify/artisan(16): Illuminate/Foundation/Application->handleCommand()
#38 {main}

[previous exception] [object] (PDOException(code: 2002): SQLSTATE[HY000] [2002] No connection could be made because the target machine actively refused it at C:/dict project/e-certify/e-certify/vendor/laravel/framework/src/Illuminate/Database/Connectors/Connector.php:67)
[stacktrace]
#0 C:/dict project/e-certify/e-certify/vendor/laravel/framework/src/Illuminate/Database/Connectors/Connector.php(67): PDO::connect()
#1 C:/dict project/e-certify/e-certify/vendor/laravel/framework/src/Illuminate/Database/Connectors/Connector.php(85): Illuminate/Database/Connectors/Connector->createPdoConnection()
#2 C:/dict project/e-certify/e-certify/vendor/laravel/framework/src/Illuminate/Database/Connectors/Connector.php(48): Illuminate/Database/Connectors/Connector->tryAgainIfCausedByLostConnection()
#3 C:/dict project/e-certify/e-certify/vendor/laravel/framework/src/Illuminate/Database/Connectors/MySqlConnector.php(24): Illuminate/Database/Connectors/Connector->createConnection()
#4 C:/dict project/e-certify/e-certify/vendor/laravel/framework/src/Illuminate/Database/Connectors/ConnectionFactory.php(186): Illuminate/Database/Connectors/MySqlConnector->connect()
#5 [internal function]: Illuminate/Database/Connectors/ConnectionFactory->{closure:Illuminate/Database/Connectors/ConnectionFactory::createPdoResolverWithHosts():181}()
#6 C:/dict project/e-certify/e-certify/vendor/laravel/framework/src/Illuminate/Database/Connection.php(1257): call_user_func()
#7 C:/dict project/e-certify/e-certify/vendor/laravel/framework/src/Illuminate/Database/Connection.php(605): Illuminate/Database/Connection->getPdo()
#8 C:/dict project/e-certify/e-certify/vendor/laravel/framework/src/Illuminate/Database/Connection.php(827): Illuminate/Database/Connection->{closure:Illuminate/Database/Connection::affectingStatement():597}()
#9 C:/dict project/e-certify/e-certify/vendor/laravel/framework/src/Illuminate/Database/Connection.php(999): Illuminate/Database/Connection->runQueryCallback()
#10 C:/dict project/e-certify/e-certify/vendor/laravel/framework/src/Illuminate/Database/Connection.php(978): Illuminate/Database/Connection->tryAgainIfCausedByLostConnection()
#11 C:/dict project/e-certify/e-certify/vendor/laravel/framework/src/Illuminate/Database/Connection.php(796): Illuminate/Database/Connection->handleQueryException()
#12 C:/dict project/e-certify/e-certify/vendor/laravel/framework/src/Illuminate/Database/Connection.php(597): Illuminate/Database/Connection->run()
#13 C:/dict project/e-certify/e-certify/vendor/laravel/framework/src/Illuminate/Database/Connection.php(561): Illuminate/Database/Connection->affectingStatement()
#14 C:/dict project/e-certify/e-certify/vendor/laravel/framework/src/Illuminate/Database/Query/Builder.php(4396): Illuminate/Database/Connection->delete()
#15 C:/dict project/e-certify/e-certify/vendor/laravel/framework/src/Illuminate/Cache/DatabaseStore.php(433): Illuminate/Database/Query/Builder->delete()
#16 C:/dict project/e-certify/e-certify/vendor/laravel/framework/src/Illuminate/Cache/Repository.php(979): Illuminate/Cache/DatabaseStore->flush()
#17 C:/dict project/e-certify/e-certify/vendor/laravel/framework/src/Illuminate/Cache/Console/ClearCommand.php(68): Illuminate/Cache/Repository->__call()
#18 C:/dict project/e-certify/e-certify/vendor/laravel/framework/src/Illuminate/Container/BoundMethod.php(36): Illuminate/Cache/Console/ClearCommand->handle()
#19 C:/dict project/e-certify/e-certify/vendor/laravel/framework/src/Illuminate/Container/Util.php(43): Illuminate/Container/BoundMethod::{closure:Illuminate/Container/BoundMethod::call():35}()
#20 C:/dict project/e-certify/e-certify/vendor/laravel/framework/src/Illuminate/Container/BoundMethod.php(96): Illuminate/Container/Util::unwrapIfClosure()
#21 C:/dict project/e-certify/e-certify/vendor/laravel/framework/src/Illuminate/Container/BoundMethod.php(35): Illuminate/Container/BoundMethod::callBoundMethod()
#22 C:/dict project/e-certify/e-certify/vendor/laravel/framework/src/Illuminate/Container/Container.php(799): Illuminate/Container/BoundMethod::call()
#23 C:/dict project/e-certify/e-certify/vendor/laravel/framework/src/Illuminate/Console/Command.php(211): Illuminate/Container/Container->call()
#24 C:/dict project/e-certify/e-certify/vendor/symfony/console/Command/Command.php(341): Illuminate/Console/Command->execute()
#25 C:/dict project/e-certify/e-certify/vendor/laravel/framework/src/Illuminate/Console/Command.php(180): Symfony/Component/Console/Command/Command->run()
#26 C:/dict project/e-certify/e-certify/vendor/laravel/framework/src/Illuminate/Console/Concerns/CallsCommands.php(68): Illuminate/Console/Command->run()
#27 C:/dict project/e-certify/e-certify/vendor/laravel/framework/src/Illuminate/Console/Concerns/CallsCommands.php(41): Illuminate/Console/Command->runCommand()
#28 C:/dict project/e-certify/e-certify/vendor/laravel/framework/src/Illuminate/Console/Concerns/CallsCommands.php(53): Illuminate/Console/Command->callSilent()
#29 C:/dict project/e-certify/e-certify/vendor/laravel/framework/src/Illuminate/Foundation/Console/OptimizeClearCommand.php(48): Illuminate/Console/Command->callSilently()
#30 C:/dict project/e-certify/e-certify/vendor/laravel/framework/src/Illuminate/Console/View/Components/Task.php(41): Illuminate/Foundation/Console/OptimizeClearCommand->{closure:Illuminate/Foundation/Console/OptimizeClearCommand::handle():48}()
#31 C:/dict project/e-certify/e-certify/vendor/laravel/framework/src/Illuminate/Console/View/Components/Factory.php(59): Illuminate/Console/View/Components/Task->render()
#32 C:/dict project/e-certify/e-certify/vendor/laravel/framework/src/Illuminate/Foundation/Console/OptimizeClearCommand.php(48): Illuminate/Console/View/Components/Factory->__call()
#33 C:/dict project/e-certify/e-certify/vendor/laravel/framework/src/Illuminate/Container/BoundMethod.php(36): Illuminate/Foundation/Console/OptimizeClearCommand->handle()
#34 C:/dict project/e-certify/e-certify/vendor/laravel/framework/src/Illuminate/Container/Util.php(43): Illuminate/Container/BoundMethod::{closure:Illuminate/Container/BoundMethod::call():35}()
#35 C:/dict project/e-certify/e-certify/vendor/laravel/framework/src/Illuminate/Container/BoundMethod.php(96): Illuminate/Container/Util::unwrapIfClosure()
#36 C:/dict project/e-certify/e-certify/vendor/laravel/framework/src/Illuminate/Container/BoundMethod.php(35): Illuminate/Container/BoundMethod::callBoundMethod()
#37 C:/dict project/e-certify/e-certify/vendor/laravel/framework/src/Illuminate/Container/Container.php(799): Illuminate/Container/BoundMethod::call()
#38 C:/dict project/e-certify/e-certify/vendor/laravel/framework/src/Illuminate/Console/Command.php(211): Illuminate/Container/Container->call()
#39 C:/dict project/e-certify/e-certify/vendor/symfony/console/Command/Command.php(341): Illuminate/Console/Command->execute()
#40 C:/dict project/e-certify/e-certify/vendor/laravel/framework/src/Illuminate/Console/Command.php(180): Symfony/Component/Console/Command/Command->run()
#41 C:/dict project/e-certify/e-certify/vendor/symfony/console/Application.php(1117): Illuminate/Console/Command->run()
#42 C:/dict project/e-certify/e-certify/vendor/symfony/console/Application.php(356): Symfony/Component/Console/Application->doRunCommand()
#43 C:/dict project/e-certify/e-certify/vendor/symfony/console/Application.php(195): Symfony/Component/Console/Application->doRun()
#44 C:/dict project/e-certify/e-certify/vendor/laravel/framework/src/Illuminate/Foundation/Console/Kernel.php(198): Symfony/Component/Console/Application->run()
#45 C:/dict project/e-certify/e-certify/vendor/laravel/framework/src/Illuminate/Foundation/Application.php(1235): Illuminate/Foundation/Console/Kernel->handle()
#46 C:/dict project/e-certify/e-certify/artisan(16): Illuminate/Foundation/Application->handleCommand()
#47 {main}
"} 
[2026-03-17 00:31:40] local.ERROR: SQLSTATE[HY000] [2002] No connection could be made because the target machine actively refused it (Connection: mysql, Host: 127.0.0.1, Port: 3306, Database: ecertify_db, SQL: select exists (select 1 from information_schema.tables where table_schema = schema() and table_name = 'migrations' and table_type in ('BASE TABLE', 'SYSTEM VERSIONED')) as `exists`) {"exception":"[object] (Illuminate\\Database\\QueryException(code: 2002): SQLSTATE[HY000] [2002] No connection could be made because the target machine actively refused it (Connection: mysql, Host: 127.0.0.1, Port: 3306, Database: ecertify_db, SQL: select exists (select 1 from information_schema.tables where table_schema = schema() and table_name = 'migrations' and table_type in ('BASE TABLE', 'SYSTEM VERSIONED')) as `exists`) at C:/dict project/e-certify/e-certify/vendor/laravel/framework/src/Illuminate/Database/Connection.php:838)
[stacktrace]
#0 C:/dict project/e-certify/e-certify/vendor/laravel/framework/src/Illuminate/Database/Connection.php(999): Illuminate/Database/Connection->runQueryCallback()
#1 C:/dict project/e-certify/e-certify/vendor/laravel/framework/src/Illuminate/Database/Connection.php(978): Illuminate/Database/Connection->tryAgainIfCausedByLostConnection()
#2 C:/dict project/e-certify/e-certify/vendor/laravel/framework/src/Illuminate/Database/Connection.php(796): Illuminate/Database/Connection->handleQueryException()
#3 C:/dict project/e-certify/e-certify/vendor/laravel/framework/src/Illuminate/Database/Connection.php(411): Illuminate/Database/Connection->run()
#4 C:/dict project/e-certify/e-certify/vendor/laravel/framework/src/Illuminate/Database/Connection.php(357): Illuminate/Database/Connection->select()
#5 C:/dict project/e-certify/e-certify/vendor/laravel/framework/src/Illuminate/Database/Connection.php(374): Illuminate/Database/Connection->selectOne()
#6 C:/dict project/e-certify/e-certify/vendor/laravel/framework/src/Illuminate/Database/Schema/Builder.php(176): Illuminate/Database/Connection->scalar()
#7 C:/dict project/e-certify/e-certify/vendor/laravel/framework/src/Illuminate/Database/Migrations/DatabaseMigrationRepository.php(185): Illuminate/Database/Schema/Builder->hasTable()
#8 C:/dict project/e-certify/e-certify/vendor/laravel/framework/src/Illuminate/Database/Migrations/Migrator.php(758): Illuminate/Database/Migrations/DatabaseMigrationRepository->repositoryExists()
#9 C:/dict project/e-certify/e-certify/vendor/laravel/framework/src/Illuminate/Database/Console/Migrations/MigrateCommand.php(164): Illuminate/Database/Migrations/Migrator->repositoryExists()
#10 C:/dict project/e-certify/e-certify/vendor/laravel/framework/src/Illuminate/Support/helpers.php(327): Illuminate/Database/Console/Migrations/MigrateCommand->{closure:Illuminate/Database/Console/Migrations/MigrateCommand::repositoryExists():164}()
#11 C:/dict project/e-certify/e-certify/vendor/laravel/framework/src/Illuminate/Database/Console/Migrations/MigrateCommand.php(164): retry()
#12 C:/dict project/e-certify/e-certify/vendor/laravel/framework/src/Illuminate/Database/Console/Migrations/MigrateCommand.php(140): Illuminate/Database/Console/Migrations/MigrateCommand->repositoryExists()
#13 C:/dict project/e-certify/e-certify/vendor/laravel/framework/src/Illuminate/Database/Console/Migrations/MigrateCommand.php(110): Illuminate/Database/Console/Migrations/MigrateCommand->prepareDatabase()
#14 C:/dict project/e-certify/e-certify/vendor/laravel/framework/src/Illuminate/Database/Migrations/Migrator.php(671): Illuminate/Database/Console/Migrations/MigrateCommand->{closure:Illuminate/Database/Console/Migrations/MigrateCommand::runMigrations():109}()
#15 C:/dict project/e-certify/e-certify/vendor/laravel/framework/src/Illuminate/Database/Console/Migrations/MigrateCommand.php(109): Illuminate/Database/Migrations/Migrator->usingConnection()
#16 C:/dict project/e-certify/e-certify/vendor/laravel/framework/src/Illuminate/Database/Console/Migrations/MigrateCommand.php(88): Illuminate/Database/Console/Migrations/MigrateCommand->runMigrations()
#17 C:/dict project/e-certify/e-certify/vendor/laravel/framework/src/Illuminate/Container/BoundMethod.php(36): Illuminate/Database/Console/Migrations/MigrateCommand->handle()
#18 C:/dict project/e-certify/e-certify/vendor/laravel/framework/src/Illuminate/Container/Util.php(43): Illuminate/Container/BoundMethod::{closure:Illuminate/Container/BoundMethod::call():35}()
#19 C:/dict project/e-certify/e-certify/vendor/laravel/framework/src/Illuminate/Container/BoundMethod.php(96): Illuminate/Container/Util::unwrapIfClosure()
#20 C:/dict project/e-certify/e-certify/vendor/laravel/framework/src/Illuminate/Container/BoundMethod.php(35): Illuminate/Container/BoundMethod::callBoundMethod()
#21 C:/dict project/e-certify/e-certify/vendor/laravel/framework/src/Illuminate/Container/Container.php(799): Illuminate/Container/BoundMethod::call()
#22 C:/dict project/e-certify/e-certify/vendor/laravel/framework/src/Illuminate/Console/Command.php(211): Illuminate/Container/Container->call()
#23 C:/dict project/e-certify/e-certify/vendor/symfony/console/Command/Command.php(341): Illuminate/Console/Command->execute()
#24 C:/dict project/e-certify/e-certify/vendor/laravel/framework/src/Illuminate/Console/Command.php(180): Symfony/Component/Console/Command/Command->run()
#25 C:/dict project/e-certify/e-certify/vendor/symfony/console/Application.php(1117): Illuminate/Console/Command->run()
#26 C:/dict project/e-certify/e-certify/vendor/symfony/console/Application.php(356): Symfony/Component/Console/Application->doRunCommand()
#27 C:/dict project/e-certify/e-certify/vendor/symfony/console/Application.php(195): Symfony/Component/Console/Application->doRun()
#28 C:/dict project/e-certify/e-certify/vendor/laravel/framework/src/Illuminate/Foundation/Console/Kernel.php(198): Symfony/Component/Console/Application->run()
#29 C:/dict project/e-certify/e-certify/vendor/laravel/framework/src/Illuminate/Foundation/Application.php(1235): Illuminate/Foundation/Console/Kernel->handle()
#30 C:/dict project/e-certify/e-certify/artisan(16): Illuminate/Foundation/Application->handleCommand()
#31 {main}

[previous exception] [object] (PDOException(code: 2002): SQLSTATE[HY000] [2002] No connection could be made because the target machine actively refused it at C:/dict project/e-certify/e-certify/vendor/laravel/framework/src/Illuminate/Database/Connectors/Connector.php:67)
[stacktrace]
#0 C:/dict project/e-certify/e-certify/vendor/laravel/framework/src/Illuminate/Database/Connectors/Connector.php(67): PDO::connect()
#1 C:/dict project/e-certify/e-certify/vendor/laravel/framework/src/Illuminate/Database/Connectors/Connector.php(85): Illuminate/Database/Connectors/Connector->createPdoConnection()
#2 C:/dict project/e-certify/e-certify/vendor/laravel/framework/src/Illuminate/Database/Connectors/Connector.php(48): Illuminate/Database/Connectors/Connector->tryAgainIfCausedByLostConnection()
#3 C:/dict project/e-certify/e-certify/vendor/laravel/framework/src/Illuminate/Database/Connectors/MySqlConnector.php(24): Illuminate/Database/Connectors/Connector->createConnection()
#4 C:/dict project/e-certify/e-certify/vendor/laravel/framework/src/Illuminate/Database/Connectors/ConnectionFactory.php(186): Illuminate/Database/Connectors/MySqlConnector->connect()
#5 [internal function]: Illuminate/Database/Connectors/ConnectionFactory->{closure:Illuminate/Database/Connectors/ConnectionFactory::createPdoResolverWithHosts():181}()
#6 C:/dict project/e-certify/e-certify/vendor/laravel/framework/src/Illuminate/Database/Connection.php(1257): call_user_func()
#7 C:/dict project/e-certify/e-certify/vendor/laravel/framework/src/Illuminate/Database/Connection.php(1295): Illuminate/Database/Connection->getPdo()
#8 C:/dict project/e-certify/e-certify/vendor/laravel/framework/src/Illuminate/Database/Connection.php(525): Illuminate/Database/Connection->getReadPdo()
#9 C:/dict project/e-certify/e-certify/vendor/laravel/framework/src/Illuminate/Database/Connection.php(420): Illuminate/Database/Connection->getPdoForSelect()
#10 C:/dict project/e-certify/e-certify/vendor/laravel/framework/src/Illuminate/Database/Connection.php(827): Illuminate/Database/Connection->{closure:Illuminate/Database/Connection::select():411}()
#11 C:/dict project/e-certify/e-certify/vendor/laravel/framework/src/Illuminate/Database/Connection.php(999): Illuminate/Database/Connection->runQueryCallback()
#12 C:/dict project/e-certify/e-certify/vendor/laravel/framework/src/Illuminate/Database/Connection.php(978): Illuminate/Database/Connection->tryAgainIfCausedByLostConnection()
#13 C:/dict project/e-certify/e-certify/vendor/laravel/framework/src/Illuminate/Database/Connection.php(796): Illuminate/Database/Connection->handleQueryException()
#14 C:/dict project/e-certify/e-certify/vendor/laravel/framework/src/Illuminate/Database/Connection.php(411): Illuminate/Database/Connection->run()
#15 C:/dict project/e-certify/e-certify/vendor/laravel/framework/src/Illuminate/Database/Connection.php(357): Illuminate/Database/Connection->select()
#16 C:/dict project/e-certify/e-certify/vendor/laravel/framework/src/Illuminate/Database/Connection.php(374): Illuminate/Database/Connection->selectOne()
#17 C:/dict project/e-certify/e-certify/vendor/laravel/framework/src/Illuminate/Database/Schema/Builder.php(176): Illuminate/Database/Connection->scalar()
#18 C:/dict project/e-certify/e-certify/vendor/laravel/framework/src/Illuminate/Database/Migrations/DatabaseMigrationRepository.php(185): Illuminate/Database/Schema/Builder->hasTable()
#19 C:/dict project/e-certify/e-certify/vendor/laravel/framework/src/Illuminate/Database/Migrations/Migrator.php(758): Illuminate/Database/Migrations/DatabaseMigrationRepository->repositoryExists()
#20 C:/dict project/e-certify/e-certify/vendor/laravel/framework/src/Illuminate/Database/Console/Migrations/MigrateCommand.php(164): Illuminate/Database/Migrations/Migrator->repositoryExists()
#21 C:/dict project/e-certify/e-certify/vendor/laravel/framework/src/Illuminate/Support/helpers.php(327): Illuminate/Database/Console/Migrations/MigrateCommand->{closure:Illuminate/Database/Console/Migrations/MigrateCommand::repositoryExists():164}()
#22 C:/dict project/e-certify/e-certify/vendor/laravel/framework/src/Illuminate/Database/Console/Migrations/MigrateCommand.php(164): retry()
#23 C:/dict project/e-certify/e-certify/vendor/laravel/framework/src/Illuminate/Database/Console/Migrations/MigrateCommand.php(140): Illuminate/Database/Console/Migrations/MigrateCommand->repositoryExists()
#24 C:/dict project/e-certify/e-certify/vendor/laravel/framework/src/Illuminate/Database/Console/Migrations/MigrateCommand.php(110): Illuminate/Database/Console/Migrations/MigrateCommand->prepareDatabase()
#25 C:/dict project/e-certify/e-certify/vendor/laravel/framework/src/Illuminate/Database/Migrations/Migrator.php(671): Illuminate/Database/Console/Migrations/MigrateCommand->{closure:Illuminate/Database/Console/Migrations/MigrateCommand::runMigrations():109}()
#26 C:/dict project/e-certify/e-certify/vendor/laravel/framework/src/Illuminate/Database/Console/Migrations/MigrateCommand.php(109): Illuminate/Database/Migrations/Migrator->usingConnection()
#27 C:/dict project/e-certify/e-certify/vendor/laravel/framework/src/Illuminate/Database/Console/Migrations/MigrateCommand.php(88): Illuminate/Database/Console/Migrations/MigrateCommand->runMigrations()
#28 C:/dict project/e-certify/e-certify/vendor/laravel/framework/src/Illuminate/Container/BoundMethod.php(36): Illuminate/Database/Console/Migrations/MigrateCommand->handle()
#29 C:/dict project/e-certify/e-certify/vendor/laravel/framework/src/Illuminate/Container/Util.php(43): Illuminate/Container/BoundMethod::{closure:Illuminate/Container/BoundMethod::call():35}()
#30 C:/dict project/e-certify/e-certify/vendor/laravel/framework/src/Illuminate/Container/BoundMethod.php(96): Illuminate/Container/Util::unwrapIfClosure()
#31 C:/dict project/e-certify/e-certify/vendor/laravel/framework/src/Illuminate/Container/BoundMethod.php(35): Illuminate/Container/BoundMethod::callBoundMethod()
#32 C:/dict project/e-certify/e-certify/vendor/laravel/framework/src/Illuminate/Container/Container.php(799): Illuminate/Container/BoundMethod::call()
#33 C:/dict project/e-certify/e-certify/vendor/laravel/framework/src/Illuminate/Console/Command.php(211): Illuminate/Container/Container->call()
#34 C:/dict project/e-certify/e-certify/vendor/symfony/console/Command/Command.php(341): Illuminate/Console/Command->execute()
#35 C:/dict project/e-certify/e-certify/vendor/laravel/framework/src/Illuminate/Console/Command.php(180): Symfony/Component/Console/Command/Command->run()
#36 C:/dict project/e-certify/e-certify/vendor/symfony/console/Application.php(1117): Illuminate/Console/Command->run()
#37 C:/dict project/e-certify/e-certify/vendor/symfony/console/Application.php(356): Symfony/Component/Console/Application->doRunCommand()
#38 C:/dict project/e-certify/e-certify/vendor/symfony/console/Application.php(195): Symfony/Component/Console/Application->doRun()
#39 C:/dict project/e-certify/e-certify/vendor/laravel/framework/src/Illuminate/Foundation/Console/Kernel.php(198): Symfony/Component/Console/Application->run()
#40 C:/dict project/e-certify/e-certify/vendor/laravel/framework/src/Illuminate/Foundation/Application.php(1235): Illuminate/Foundation/Console/Kernel->handle()
#41 C:/dict project/e-certify/e-certify/artisan(16): Illuminate/Foundation/Application->handleCommand()
#42 {main}
"} 
[2026-03-17 00:32:02] local.ERROR: SQLSTATE[HY000] [2002] No connection could be made because the target machine actively refused it (Connection: mysql, Host: 127.0.0.1, Port: 3306, Database: ecertify_db, SQL: select * from `sessions` where `id` = fMS4QYga8vH9QvXEMe1j1xgozk1N3Mpfv6TdsP1k limit 1) {"exception":"[object] (Illuminate\\Database\\QueryException(code: 2002): SQLSTATE[HY000] [2002] No connection could be made because the target machine actively refused it (Connection: mysql, Host: 127.0.0.1, Port: 3306, Database: ecertify_db, SQL: select * from `sessions` where `id` = fMS4QYga8vH9QvXEMe1j1xgozk1N3Mpfv6TdsP1k limit 1) at C:/dict project/e-certify/e-certify/vendor/laravel/framework/src/Illuminate/Database/Connection.php:838)
[stacktrace]
#0 C:/dict project/e-certify/e-certify/vendor/laravel/framework/src/Illuminate/Database/Connection.php(999): Illuminate/Database/Connection->runQueryCallback()
#1 C:/dict project/e-certify/e-certify/vendor/laravel/framework/src/Illuminate/Database/Connection.php(978): Illuminate/Database/Connection->tryAgainIfCausedByLostConnection()
#2 C:/dict project/e-certify/e-certify/vendor/laravel/framework/src/Illuminate/Database/Connection.php(796): Illuminate/Database/Connection->handleQueryException()
#3 C:/dict project/e-certify/e-certify/vendor/laravel/framework/src/Illuminate/Database/Connection.php(411): Illuminate/Database/Connection->run()
#4 C:/dict project/e-certify/e-certify/vendor/laravel/framework/src/Illuminate/Database/Query/Builder.php(3475): Illuminate/Database/Connection->select()
#5 C:/dict project/e-certify/e-certify/vendor/laravel/framework/src/Illuminate/Database/Query/Builder.php(3460): Illuminate/Database/Query/Builder->runSelect()
#6 C:/dict project/e-certify/e-certify/vendor/laravel/framework/src/Illuminate/Database/Query/Builder.php(4050): Illuminate/Database/Query/Builder->{closure:Illuminate/Database/Query/Builder::get():3459}()
#7 C:/dict project/e-certify/e-certify/vendor/laravel/framework/src/Illuminate/Database/Query/Builder.php(3459): Illuminate/Database/Query/Builder->onceWithColumns()
#8 C:/dict project/e-certify/e-certify/vendor/laravel/framework/src/Illuminate/Database/Concerns/BuildsQueries.php(366): Illuminate/Database/Query/Builder->get()
#9 C:/dict project/e-certify/e-certify/vendor/laravel/framework/src/Illuminate/Database/Query/Builder.php(3382): Illuminate/Database/Query/Builder->first()
#10 C:/dict project/e-certify/e-certify/vendor/laravel/framework/src/Illuminate/Session/DatabaseSessionHandler.php(96): Illuminate/Database/Query/Builder->find()
#11 C:/dict project/e-certify/e-certify/vendor/laravel/framework/src/Illuminate/Session/Store.php(128): Illuminate/Session/DatabaseSessionHandler->read()
#12 C:/dict project/e-certify/e-certify/vendor/laravel/framework/src/Illuminate/Session/Store.php(116): Illuminate/Session/Store->readFromHandler()
#13 C:/dict project/e-certify/e-certify/vendor/laravel/framework/src/Illuminate/Session/Store.php(100): Illuminate/Session/Store->loadSession()
#14 C:/dict project/e-certify/e-certify/vendor/laravel/framework/src/Illuminate/Session/Middleware/StartSession.php(146): Illuminate/Session/Store->start()
#15 C:/dict project/e-certify/e-certify/vendor/laravel/framework/src/Illuminate/Support/helpers.php(388): Illuminate/Session/Middleware/StartSession->{closure:Illuminate/Session/Middleware/StartSession::startSession():143}()
#16 C:/dict project/e-certify/e-certify/vendor/laravel/framework/src/Illuminate/Session/Middleware/StartSession.php(143): tap()
#17 C:/dict project/e-certify/e-certify/vendor/laravel/framework/src/Illuminate/Session/Middleware/StartSession.php(115): Illuminate/Session/Middleware/StartSession->startSession()
#18 C:/dict project/e-certify/e-certify/vendor/laravel/framework/src/Illuminate/Session/Middleware/StartSession.php(63): Illuminate/Session/Middleware/StartSession->handleStatefulRequest()
#19 C:/dict project/e-certify/e-certify/vendor/laravel/framework/src/Illuminate/Pipeline/Pipeline.php(219): Illuminate/Session/Middleware/StartSession->handle()
#20 C:/dict project/e-certify/e-certify/vendor/laravel/framework/src/Illuminate/Cookie/Middleware/AddQueuedCookiesToResponse.php(36): Illuminate/Pipeline/Pipeline->{closure:{closure:Illuminate/Pipeline/Pipeline::carry():194}:195}()
#21 C:/dict project/e-certify/e-certify/vendor/laravel/framework/src/Illuminate/Pipeline/Pipeline.php(219): Illuminate/Cookie/Middleware/AddQueuedCookiesToResponse->handle()
#22 C:/dict project/e-certify/e-certify/vendor/laravel/framework/src/Illuminate/Cookie/Middleware/EncryptCookies.php(74): Illuminate/Pipeline/Pipeline->{closure:{closure:Illuminate/Pipeline/Pipeline::carry():194}:195}()
#23 C:/dict project/e-certify/e-certify/vendor/laravel/framework/src/Illuminate/Pipeline/Pipeline.php(219): Illuminate/Cookie/Middleware/EncryptCookies->handle()
#24 C:/dict project/e-certify/e-certify/vendor/laravel/framework/src/Illuminate/Pipeline/Pipeline.php(137): Illuminate/Pipeline/Pipeline->{closure:{closure:Illuminate/Pipeline/Pipeline::carry():194}:195}()
#25 C:/dict project/e-certify/e-certify/vendor/laravel/framework/src/Illuminate/Routing/Router.php(821): Illuminate/Pipeline/Pipeline->then()
#26 C:/dict project/e-certify/e-certify/vendor/laravel/framework/src/Illuminate/Routing/Router.php(800): Illuminate/Routing/Router->runRouteWithinStack()
#27 C:/dict project/e-certify/e-certify/vendor/laravel/framework/src/Illuminate/Routing/Router.php(764): Illuminate/Routing/Router->runRoute()
#28 C:/dict project/e-certify/e-certify/vendor/laravel/framework/src/Illuminate/Routing/Router.php(753): Illuminate/Routing/Router->dispatchToRoute()
#29 C:/dict project/e-certify/e-certify/vendor/laravel/framework/src/Illuminate/Foundation/Http/Kernel.php(200): Illuminate/Routing/Router->dispatch()
#30 C:/dict project/e-certify/e-certify/vendor/laravel/framework/src/Illuminate/Pipeline/Pipeline.php(180): Illuminate/Foundation/Http/Kernel->{closure:Illuminate/Foundation/Http/Kernel::dispatchToRouter():197}()
#31 C:/dict project/e-certify/e-certify/vendor/livewire/livewire/src/Features/SupportDisablingBackButtonCache/DisableBackButtonCacheMiddleware.php(19): Illuminate/Pipeline/Pipeline->{closure:Illuminate/Pipeline/Pipeline::prepareDestination():178}()
#32 C:/dict project/e-certify/e-certify/vendor/laravel/framework/src/Illuminate/Pipeline/Pipeline.php(219): Livewire/Features/SupportDisablingBackButtonCache/DisableBackButtonCacheMiddleware->handle()
#33 C:/dict project/e-certify/e-certify/vendor/laravel/framework/src/Illuminate/Foundation/Http/Middleware/TransformsRequest.php(21): Illuminate/Pipeline/Pipeline->{closure:{closure:Illuminate/Pipeline/Pipeline::carry():194}:195}()
#34 C:/dict project/e-certify/e-certify/vendor/laravel/framework/src/Illuminate/Foundation/Http/Middleware/ConvertEmptyStringsToNull.php(31): Illuminate/Foundation/Http/Middleware/TransformsRequest->handle()
#35 C:/dict project/e-certify/e-certify/vendor/laravel/framework/src/Illuminate/Pipeline/Pipeline.php(219): Illuminate/Foundation/Http/Middleware/ConvertEmptyStringsToNull->handle()
#36 C:/dict project/e-certify/e-certify/vendor/laravel/framework/src/Illuminate/Foundation/Http/Middleware/TransformsRequest.php(21): Illuminate/Pipeline/Pipeline->{closure:{closure:Illuminate/Pipeline/Pipeline::carry():194}:195}()
#37 C:/dict project/e-certify/e-certify/vendor/laravel/framework/src/Illuminate/Foundation/Http/Middleware/TrimStrings.php(51): Illuminate/Foundation/Http/Middleware/TransformsRequest->handle()
#38 C:/dict project/e-certify/e-certify/vendor/laravel/framework/src/Illuminate/Pipeline/Pipeline.php(219): Illuminate/Foundation/Http/Middleware/TrimStrings->handle()
#39 C:/dict project/e-certify/e-certify/vendor/laravel/framework/src/Illuminate/Http/Middleware/ValidatePostSize.php(27): Illuminate/Pipeline/Pipeline->{closure:{closure:Illuminate/Pipeline/Pipeline::carry():194}:195}()
#40 C:/dict project/e-certify/e-certify/vendor/laravel/framework/src/Illuminate/Pipeline/Pipeline.php(219): Illuminate/Http/Middleware/ValidatePostSize->handle()
#41 C:/dict project/e-certify/e-certify/vendor/laravel/framework/src/Illuminate/Foundation/Http/Middleware/PreventRequestsDuringMaintenance.php(109): Illuminate/Pipeline/Pipeline->{closure:{closure:Illuminate/Pipeline/Pipeline::carry():194}:195}()
#42 C:/dict project/e-certify/e-certify/vendor/laravel/framework/src/Illuminate/Pipeline/Pipeline.php(219): Illuminate/Foundation/Http/Middleware/PreventRequestsDuringMaintenance->handle()
#43 C:/dict project/e-certify/e-certify/vendor/laravel/framework/src/Illuminate/Http/Middleware/HandleCors.php(61): Illuminate/Pipeline/Pipeline->{closure:{closure:Illuminate/Pipeline/Pipeline::carry():194}:195}()
#44 C:/dict project/e-certify/e-certify/vendor/laravel/framework/src/Illuminate/Pipeline/Pipeline.php(219): Illuminate/Http/Middleware/HandleCors->handle()
#45 C:/dict project/e-certify/e-certify/vendor/laravel/framework/src/Illuminate/Http/Middleware/TrustProxies.php(58): Illuminate/Pipeline/Pipeline->{closure:{closure:Illuminate/Pipeline/Pipeline::carry():194}:195}()
#46 C:/dict project/e-certify/e-certify/vendor/laravel/framework/src/Illuminate/Pipeline/Pipeline.php(219): Illuminate/Http/Middleware/TrustProxies->handle()
#47 C:/dict project/e-certify/e-certify/vendor/laravel/framework/src/Illuminate/Foundation/Http/Middleware/InvokeDeferredCallbacks.php(22): Illuminate/Pipeline/Pipeline->{closure:{closure:Illuminate/Pipeline/Pipeline::carry():194}:195}()
#48 C:/dict project/e-certify/e-certify/vendor/laravel/framework/src/Illuminate/Pipeline/Pipeline.php(219): Illuminate/Foundation/Http/Middleware/InvokeDeferredCallbacks->handle()
#49 C:/dict project/e-certify/e-certify/vendor/laravel/framework/src/Illuminate/Http/Middleware/ValidatePathEncoding.php(26): Illuminate/Pipeline/Pipeline->{closure:{closure:Illuminate/Pipeline/Pipeline::carry():194}:195}()
#50 C:/dict project/e-certify/e-certify/vendor/laravel/framework/src/Illuminate/Pipeline/Pipeline.php(219): Illuminate/Http/Middleware/ValidatePathEncoding->handle()
#51 C:/dict project/e-certify/e-certify/vendor/laravel/framework/src/Illuminate/Pipeline/Pipeline.php(137): Illuminate/Pipeline/Pipeline->{closure:{closure:Illuminate/Pipeline/Pipeline::carry():194}:195}()
#52 C:/dict project/e-certify/e-certify/vendor/laravel/framework/src/Illuminate/Foundation/Http/Kernel.php(175): Illuminate/Pipeline/Pipeline->then()
#53 C:/dict project/e-certify/e-certify/vendor/laravel/framework/src/Illuminate/Foundation/Http/Kernel.php(144): Illuminate/Foundation/Http/Kernel->sendRequestThroughRouter()
#54 C:/dict project/e-certify/e-certify/vendor/laravel/framework/src/Illuminate/Foundation/Application.php(1220): Illuminate/Foundation/Http/Kernel->handle()
#55 C:/dict project/e-certify/e-certify/public/index.php(20): Illuminate/Foundation/Application->handleRequest()
#56 C:/dict project/e-certify/e-certify/vendor/laravel/framework/src/Illuminate/Foundation/resources/server.php(23): require_once('...')
#57 {main}

[previous exception] [object] (PDOException(code: 2002): SQLSTATE[HY000] [2002] No connection could be made because the target machine actively refused it at C:/dict project/e-certify/e-certify/vendor/laravel/framework/src/Illuminate/Database/Connectors/Connector.php:67)
[stacktrace]
#0 C:/dict project/e-certify/e-certify/vendor/laravel/framework/src/Illuminate/Database/Connectors/Connector.php(67): PDO::connect()
#1 C:/dict project/e-certify/e-certify/vendor/laravel/framework/src/Illuminate/Database/Connectors/Connector.php(85): Illuminate/Database/Connectors/Connector->createPdoConnection()
#2 C:/dict project/e-certify/e-certify/vendor/laravel/framework/src/Illuminate/Database/Connectors/Connector.php(48): Illuminate/Database/Connectors/Connector->tryAgainIfCausedByLostConnection()
#3 C:/dict project/e-certify/e-certify/vendor/laravel/framework/src/Illuminate/Database/Connectors/MySqlConnector.php(24): Illuminate/Database/Connectors/Connector->createConnection()
#4 C:/dict project/e-certify/e-certify/vendor/laravel/framework/src/Illuminate/Database/Connectors/ConnectionFactory.php(186): Illuminate/Database/Connectors/MySqlConnector->connect()
#5 [internal function]: Illuminate/Database/Connectors/ConnectionFactory->{closure:Illuminate/Database/Connectors/ConnectionFactory::createPdoResolverWithHosts():181}()
#6 C:/dict project/e-certify/e-certify/vendor/laravel/framework/src/Illuminate/Database/Connection.php(1257): call_user_func()
#7 C:/dict project/e-certify/e-certify/vendor/laravel/framework/src/Illuminate/Database/Connection.php(525): Illuminate/Database/Connection->getPdo()
#8 C:/dict project/e-certify/e-certify/vendor/laravel/framework/src/Illuminate/Database/Connection.php(420): Illuminate/Database/Connection->getPdoForSelect()
#9 C:/dict project/e-certify/e-certify/vendor/laravel/framework/src/Illuminate/Database/Connection.php(827): Illuminate/Database/Connection->{closure:Illuminate/Database/Connection::select():411}()
#10 C:/dict project/e-certify/e-certify/vendor/laravel/framework/src/Illuminate/Database/Connection.php(999): Illuminate/Database/Connection->runQueryCallback()
#11 C:/dict project/e-certify/e-certify/vendor/laravel/framework/src/Illuminate/Database/Connection.php(978): Illuminate/Database/Connection->tryAgainIfCausedByLostConnection()
#12 C:/dict project/e-certify/e-certify/vendor/laravel/framework/src/Illuminate/Database/Connection.php(796): Illuminate/Database/Connection->handleQueryException()
#13 C:/dict project/e-certify/e-certify/vendor/laravel/framework/src/Illuminate/Database/Connection.php(411): Illuminate/Database/Connection->run()
#14 C:/dict project/e-certify/e-certify/vendor/laravel/framework/src/Illuminate/Database/Query/Builder.php(3475): Illuminate/Database/Connection->select()
#15 C:/dict project/e-certify/e-certify/vendor/laravel/framework/src/Illuminate/Database/Query/Builder.php(3460): Illuminate/Database/Query/Builder->runSelect()
#16 C:/dict project/e-certify/e-certify/vendor/laravel/framework/src/Illuminate/Database/Query/Builder.php(4050): Illuminate/Database/Query/Builder->{closure:Illuminate/Database/Query/Builder::get():3459}()
#17 C:/dict project/e-certify/e-certify/vendor/laravel/framework/src/Illuminate/Database/Query/Builder.php(3459): Illuminate/Database/Query/Builder->onceWithColumns()
#18 C:/dict project/e-certify/e-certify/vendor/laravel/framework/src/Illuminate/Database/Concerns/BuildsQueries.php(366): Illuminate/Database/Query/Builder->get()
#19 C:/dict project/e-certify/e-certify/vendor/laravel/framework/src/Illuminate/Database/Query/Builder.php(3382): Illuminate/Database/Query/Builder->first()
#20 C:/dict project/e-certify/e-certify/vendor/laravel/framework/src/Illuminate/Session/DatabaseSessionHandler.php(96): Illuminate/Database/Query/Builder->find()
#21 C:/dict project/e-certify/e-certify/vendor/laravel/framework/src/Illuminate/Session/Store.php(128): Illuminate/Session/DatabaseSessionHandler->read()
#22 C:/dict project/e-certify/e-certify/vendor/laravel/framework/src/Illuminate/Session/Store.php(116): Illuminate/Session/Store->readFromHandler()
#23 C:/dict project/e-certify/e-certify/vendor/laravel/framework/src/Illuminate/Session/Store.php(100): Illuminate/Session/Store->loadSession()
#24 C:/dict project/e-certify/e-certify/vendor/laravel/framework/src/Illuminate/Session/Middleware/StartSession.php(146): Illuminate/Session/Store->start()
#25 C:/dict project/e-certify/e-certify/vendor/laravel/framework/src/Illuminate/Support/helpers.php(388): Illuminate/Session/Middleware/StartSession->{closure:Illuminate/Session/Middleware/StartSession::startSession():143}()
#26 C:/dict project/e-certify/e-certify/vendor/laravel/framework/src/Illuminate/Session/Middleware/StartSession.php(143): tap()
#27 C:/dict project/e-certify/e-certify/vendor/laravel/framework/src/Illuminate/Session/Middleware/StartSession.php(115): Illuminate/Session/Middleware/StartSession->startSession()
#28 C:/dict project/e-certify/e-certify/vendor/laravel/framework/src/Illuminate/Session/Middleware/StartSession.php(63): Illuminate/Session/Middleware/StartSession->handleStatefulRequest()
#29 C:/dict project/e-certify/e-certify/vendor/laravel/framework/src/Illuminate/Pipeline/Pipeline.php(219): Illuminate/Session/Middleware/StartSession->handle()
#30 C:/dict project/e-certify/e-certify/vendor/laravel/framework/src/Illuminate/Cookie/Middleware/AddQueuedCookiesToResponse.php(36): Illuminate/Pipeline/Pipeline->{closure:{closure:Illuminate/Pipeline/Pipeline::carry():194}:195}()
#31 C:/dict project/e-certify/e-certify/vendor/laravel/framework/src/Illuminate/Pipeline/Pipeline.php(219): Illuminate/Cookie/Middleware/AddQueuedCookiesToResponse->handle()
#32 C:/dict project/e-certify/e-certify/vendor/laravel/framework/src/Illuminate/Cookie/Middleware/EncryptCookies.php(74): Illuminate/Pipeline/Pipeline->{closure:{closure:Illuminate/Pipeline/Pipeline::carry():194}:195}()
#33 C:/dict project/e-certify/e-certify/vendor/laravel/framework/src/Illuminate/Pipeline/Pipeline.php(219): Illuminate/Cookie/Middleware/EncryptCookies->handle()
#34 C:/dict project/e-certify/e-certify/vendor/laravel/framework/src/Illuminate/Pipeline/Pipeline.php(137): Illuminate/Pipeline/Pipeline->{closure:{closure:Illuminate/Pipeline/Pipeline::carry():194}:195}()
#35 C:/dict project/e-certify/e-certify/vendor/laravel/framework/src/Illuminate/Routing/Router.php(821): Illuminate/Pipeline/Pipeline->then()
#36 C:/dict project/e-certify/e-certify/vendor/laravel/framework/src/Illuminate/Routing/Router.php(800): Illuminate/Routing/Router->runRouteWithinStack()
#37 C:/dict project/e-certify/e-certify/vendor/laravel/framework/src/Illuminate/Routing/Router.php(764): Illuminate/Routing/Router->runRoute()
#38 C:/dict project/e-certify/e-certify/vendor/laravel/framework/src/Illuminate/Routing/Router.php(753): Illuminate/Routing/Router->dispatchToRoute()
#39 C:/dict project/e-certify/e-certify/vendor/laravel/framework/src/Illuminate/Foundation/Http/Kernel.php(200): Illuminate/Routing/Router->dispatch()
#40 C:/dict project/e-certify/e-certify/vendor/laravel/framework/src/Illuminate/Pipeline/Pipeline.php(180): Illuminate/Foundation/Http/Kernel->{closure:Illuminate/Foundation/Http/Kernel::dispatchToRouter():197}()
#41 C:/dict project/e-certify/e-certify/vendor/livewire/livewire/src/Features/SupportDisablingBackButtonCache/DisableBackButtonCacheMiddleware.php(19): Illuminate/Pipeline/Pipeline->{closure:Illuminate/Pipeline/Pipeline::prepareDestination():178}()
#42 C:/dict project/e-certify/e-certify/vendor/laravel/framework/src/Illuminate/Pipeline/Pipeline.php(219): Livewire/Features/SupportDisablingBackButtonCache/DisableBackButtonCacheMiddleware->handle()
#43 C:/dict project/e-certify/e-certify/vendor/laravel/framework/src/Illuminate/Foundation/Http/Middleware/TransformsRequest.php(21): Illuminate/Pipeline/Pipeline->{closure:{closure:Illuminate/Pipeline/Pipeline::carry():194}:195}()
#44 C:/dict project/e-certify/e-certify/vendor/laravel/framework/src/Illuminate/Foundation/Http/Middleware/ConvertEmptyStringsToNull.php(31): Illuminate/Foundation/Http/Middleware/TransformsRequest->handle()
#45 C:/dict project/e-certify/e-certify/vendor/laravel/framework/src/Illuminate/Pipeline/Pipeline.php(219): Illuminate/Foundation/Http/Middleware/ConvertEmptyStringsToNull->handle()
#46 C:/dict project/e-certify/e-certify/vendor/laravel/framework/src/Illuminate/Foundation/Http/Middleware/TransformsRequest.php(21): Illuminate/Pipeline/Pipeline->{closure:{closure:Illuminate/Pipeline/Pipeline::carry():194}:195}()
#47 C:/dict project/e-certify/e-certify/vendor/laravel/framework/src/Illuminate/Foundation/Http/Middleware/TrimStrings.php(51): Illuminate/Foundation/Http/Middleware/TransformsRequest->handle()
#48 C:/dict project/e-certify/e-certify/vendor/laravel/framework/src/Illuminate/Pipeline/Pipeline.php(219): Illuminate/Foundation/Http/Middleware/TrimStrings->handle()
#49 C:/dict project/e-certify/e-certify/vendor/laravel/framework/src/Illuminate/Http/Middleware/ValidatePostSize.php(27): Illuminate/Pipeline/Pipeline->{closure:{closure:Illuminate/Pipeline/Pipeline::carry():194}:195}()
#50 C:/dict project/e-certify/e-certify/vendor/laravel/framework/src/Illuminate/Pipeline/Pipeline.php(219): Illuminate/Http/Middleware/ValidatePostSize->handle()
#51 C:/dict project/e-certify/e-certify/vendor/laravel/framework/src/Illuminate/Foundation/Http/Middleware/PreventRequestsDuringMaintenance.php(109): Illuminate/Pipeline/Pipeline->{closure:{closure:Illuminate/Pipeline/Pipeline::carry():194}:195}()
#52 C:/dict project/e-certify/e-certify/vendor/laravel/framework/src/Illuminate/Pipeline/Pipeline.php(219): Illuminate/Foundation/Http/Middleware/PreventRequestsDuringMaintenance->handle()
#53 C:/dict project/e-certify/e-certify/vendor/laravel/framework/src/Illuminate/Http/Middleware/HandleCors.php(61): Illuminate/Pipeline/Pipeline->{closure:{closure:Illuminate/Pipeline/Pipeline::carry():194}:195}()
#54 C:/dict project/e-certify/e-certify/vendor/laravel/framework/src/Illuminate/Pipeline/Pipeline.php(219): Illuminate/Http/Middleware/HandleCors->handle()
#55 C:/dict project/e-certify/e-certify/vendor/laravel/framework/src/Illuminate/Http/Middleware/TrustProxies.php(58): Illuminate/Pipeline/Pipeline->{closure:{closure:Illuminate/Pipeline/Pipeline::carry():194}:195}()
#56 C:/dict project/e-certify/e-certify/vendor/laravel/framework/src/Illuminate/Pipeline/Pipeline.php(219): Illuminate/Http/Middleware/TrustProxies->handle()
#57 C:/dict project/e-certify/e-certify/vendor/laravel/framework/src/Illuminate/Foundation/Http/Middleware/InvokeDeferredCallbacks.php(22): Illuminate/Pipeline/Pipeline->{closure:{closure:Illuminate/Pipeline/Pipeline::carry():194}:195}()
#58 C:/dict project/e-certify/e-certify/vendor/laravel/framework/src/Illuminate/Pipeline/Pipeline.php(219): Illuminate/Foundation/Http/Middleware/InvokeDeferredCallbacks->handle()
#59 C:/dict project/e-certify/e-certify/vendor/laravel/framework/src/Illuminate/Http/Middleware/ValidatePathEncoding.php(26): Illuminate/Pipeline/Pipeline->{closure:{closure:Illuminate/Pipeline/Pipeline::carry():194}:195}()
#60 C:/dict project/e-certify/e-certify/vendor/laravel/framework/src/Illuminate/Pipeline/Pipeline.php(219): Illuminate/Http/Middleware/ValidatePathEncoding->handle()
#61 C:/dict project/e-certify/e-certify/vendor/laravel/framework/src/Illuminate/Pipeline/Pipeline.php(137): Illuminate/Pipeline/Pipeline->{closure:{closure:Illuminate/Pipeline/Pipeline::carry():194}:195}()
#62 C:/dict project/e-certify/e-certify/vendor/laravel/framework/src/Illuminate/Foundation/Http/Kernel.php(175): Illuminate/Pipeline/Pipeline->then()
#63 C:/dict project/e-certify/e-certify/vendor/laravel/framework/src/Illuminate/Foundation/Http/Kernel.php(144): Illuminate/Foundation/Http/Kernel->sendRequestThroughRouter()
#64 C:/dict project/e-certify/e-certify/vendor/laravel/framework/src/Illuminate/Foundation/Application.php(1220): Illuminate/Foundation/Http/Kernel->handle()
#65 C:/dict project/e-certify/e-certify/public/index.php(20): Illuminate/Foundation/Application->handleRequest()
#66 C:/dict project/e-certify/e-certify/vendor/laravel/framework/src/Illuminate/Foundation/resources/server.php(23): require_once('...')
#67 {main}
"} 
[2026-03-17 00:32:50] local.ERROR: SQLSTATE[42S02]: Base table or view not found: 1146 Table 'ecertify_db.training_events' doesn't exist (Connection: mysql, Host: 127.0.0.1, Port: 3306, Database: ecertify_db, SQL: select count(*) as aggregate from `training_events`) {"userId":13,"exception":"[object] (Illuminate\\Database\\QueryException(code: 42S02): SQLSTATE[42S02]: Base table or view not found: 1146 Table 'ecertify_db.training_events' doesn't exist (Connection: mysql, Host: 127.0.0.1, Port: 3306, Database: ecertify_db, SQL: select count(*) as aggregate from `training_events`) at C:/dict project/e-certify/e-certify/vendor/laravel/framework/src/Illuminate/Database/Connection.php:838)
[stacktrace]
#0 C:/dict project/e-certify/e-certify/vendor/laravel/framework/src/Illuminate/Database/Connection.php(794): Illuminate/Database/Connection->runQueryCallback()
#1 C:/dict project/e-certify/e-certify/vendor/laravel/framework/src/Illuminate/Database/Connection.php(411): Illuminate/Database/Connection->run()
#2 C:/dict project/e-certify/e-certify/vendor/laravel/framework/src/Illuminate/Database/Query/Builder.php(3475): Illuminate/Database/Connection->select()
#3 C:/dict project/e-certify/e-certify/vendor/laravel/framework/src/Illuminate/Database/Query/Builder.php(3460): Illuminate/Database/Query/Builder->runSelect()
#4 C:/dict project/e-certify/e-certify/vendor/laravel/framework/src/Illuminate/Database/Query/Builder.php(4050): Illuminate/Database/Query/Builder->{closure:Illuminate/Database/Query/Builder::get():3459}()
#5 C:/dict project/e-certify/e-certify/vendor/laravel/framework/src/Illuminate/Database/Query/Builder.php(3459): Illuminate/Database/Query/Builder->onceWithColumns()
#6 C:/dict project/e-certify/e-certify/vendor/laravel/framework/src/Illuminate/Database/Query/Builder.php(3654): Illuminate/Database/Query/Builder->get()
#7 C:/dict project/e-certify/e-certify/vendor/laravel/framework/src/Illuminate/Database/Query/Builder.php(3613): Illuminate/Database/Query/Builder->runPaginationCountQuery()
#8 C:/dict project/e-certify/e-certify/vendor/laravel/framework/src/Illuminate/Database/Eloquent/Builder.php(1120): Illuminate/Database/Query/Builder->getCountForPagination()
#9 C:/dict project/e-certify/e-certify/app/Livewire/Events/ManageEvents.php(184): Illuminate/Database/Eloquent/Builder->paginate()
#10 C:/dict project/e-certify/e-certify/vendor/laravel/framework/src/Illuminate/Container/BoundMethod.php(36): App/Livewire/Events/ManageEvents->render()
#11 C:/dict project/e-certify/e-certify/vendor/laravel/framework/src/Illuminate/Container/Util.php(43): Illuminate/Container/BoundMethod::{closure:Illuminate/Container/BoundMethod::call():35}()
#12 C:/dict project/e-certify/e-certify/vendor/laravel/framework/src/Illuminate/Container/BoundMethod.php(96): Illuminate/Container/Util::unwrapIfClosure()
#13 C:/dict project/e-certify/e-certify/vendor/laravel/framework/src/Illuminate/Container/BoundMethod.php(35): Illuminate/Container/BoundMethod::callBoundMethod()
#14 C:/dict project/e-certify/e-certify/vendor/livewire/livewire/src/Wrapped.php(23): Illuminate/Container/BoundMethod::call()
#15 C:/dict project/e-certify/e-certify/vendor/livewire/livewire/src/Mechanisms/HandleComponents/HandleComponents.php(442): Livewire/Wrapped->__call()
#16 C:/dict project/e-certify/e-certify/vendor/livewire/livewire/src/Mechanisms/HandleComponents/HandleComponents.php(399): Livewire/Mechanisms/HandleComponents/HandleComponents->getView()
#17 C:/dict project/e-certify/e-certify/vendor/livewire/livewire/src/Mechanisms/HandleComponents/HandleComponents.php(80): Livewire/Mechanisms/HandleComponents/HandleComponents->render()
#18 C:/dict project/e-certify/e-certify/vendor/livewire/livewire/src/LivewireManager.php(102): Livewire/Mechanisms/HandleComponents/HandleComponents->mount()
#19 C:/dict project/e-certify/e-certify/vendor/livewire/livewire/src/Features/SupportPageComponents/HandlesPageComponents.php(19): Livewire/LivewireManager->mount()
#20 C:/dict project/e-certify/e-certify/vendor/livewire/livewire/src/Features/SupportPageComponents/SupportPageComponents.php(118): Livewire/Component->{closure:Livewire/Features/SupportPageComponents/HandlesPageComponents::__invoke():14}()
#21 C:/dict project/e-certify/e-certify/vendor/livewire/livewire/src/Features/SupportPageComponents/HandlesPageComponents.php(14): Livewire/Features/SupportPageComponents/SupportPageComponents::interceptTheRenderOfTheComponentAndRetreiveTheLayoutConfiguration()
#22 C:/dict project/e-certify/e-certify/vendor/laravel/framework/src/Illuminate/Routing/ControllerDispatcher.php(46): Livewire/Component->__invoke()
#23 C:/dict project/e-certify/e-certify/vendor/laravel/framework/src/Illuminate/Routing/Route.php(265): Illuminate/Routing/ControllerDispatcher->dispatch()
#24 C:/dict project/e-certify/e-certify/vendor/laravel/framework/src/Illuminate/Routing/Route.php(211): Illuminate/Routing/Route->runController()
#25 C:/dict project/e-certify/e-certify/vendor/laravel/framework/src/Illuminate/Routing/Router.php(822): Illuminate/Routing/Route->run()
#26 C:/dict project/e-certify/e-certify/vendor/laravel/framework/src/Illuminate/Pipeline/Pipeline.php(180): Illuminate/Routing/Router->{closure:Illuminate/Routing/Router::runRouteWithinStack():821}()
#27 C:/dict project/e-certify/e-certify/vendor/laravel/framework/src/Illuminate/Auth/Middleware/EnsureEmailIsVerified.php(41): Illuminate/Pipeline/Pipeline->{closure:Illuminate/Pipeline/Pipeline::prepareDestination():178}()
#28 C:/dict project/e-certify/e-certify/vendor/laravel/framework/src/Illuminate/Pipeline/Pipeline.php(219): Illuminate/Auth/Middleware/EnsureEmailIsVerified->handle()
#29 C:/dict project/e-certify/e-certify/vendor/laravel/boost/src/Middleware/InjectBoost.php(22): Illuminate/Pipeline/Pipeline->{closure:{closure:Illuminate/Pipeline/Pipeline::carry():194}:195}()
#30 C:/dict project/e-certify/e-certify/vendor/laravel/framework/src/Illuminate/Pipeline/Pipeline.php(219): Laravel/Boost/Middleware/InjectBoost->handle()
#31 C:/dict project/e-certify/e-certify/vendor/laravel/framework/src/Illuminate/Routing/Middleware/SubstituteBindings.php(50): Illuminate/Pipeline/Pipeline->{closure:{closure:Illuminate/Pipeline/Pipeline::carry():194}:195}()
#32 C:/dict project/e-certify/e-certify/vendor/laravel/framework/src/Illuminate/Pipeline/Pipeline.php(219): Illuminate/Routing/Middleware/SubstituteBindings->handle()
#33 C:/dict project/e-certify/e-certify/vendor/laravel/framework/src/Illuminate/Auth/Middleware/Authenticate.php(63): Illuminate/Pipeline/Pipeline->{closure:{closure:Illuminate/Pipeline/Pipeline::carry():194}:195}()
#34 C:/dict project/e-certify/e-certify/vendor/laravel/framework/src/Illuminate/Pipeline/Pipeline.php(219): Illuminate/Auth/Middleware/Authenticate->handle()
#35 C:/dict project/e-certify/e-certify/vendor/laravel/framework/src/Illuminate/Foundation/Http/Middleware/VerifyCsrfToken.php(87): Illuminate/Pipeline/Pipeline->{closure:{closure:Illuminate/Pipeline/Pipeline::carry():194}:195}()
#36 C:/dict project/e-certify/e-certify/vendor/laravel/framework/src/Illuminate/Pipeline/Pipeline.php(219): Illuminate/Foundation/Http/Middleware/VerifyCsrfToken->handle()
#37 C:/dict project/e-certify/e-certify/vendor/laravel/framework/src/Illuminate/View/Middleware/ShareErrorsFromSession.php(48): Illuminate/Pipeline/Pipeline->{closure:{closure:Illuminate/Pipeline/Pipeline::carry():194}:195}()
#38 C:/dict project/e-certify/e-certify/vendor/laravel/framework/src/Illuminate/Pipeline/Pipeline.php(219): Illuminate/View/Middleware/ShareErrorsFromSession->handle()
#39 C:/dict project/e-certify/e-certify/vendor/laravel/framework/src/Illuminate/Session/Middleware/StartSession.php(120): Illuminate/Pipeline/Pipeline->{closure:{closure:Illuminate/Pipeline/Pipeline::carry():194}:195}()
#40 C:/dict project/e-certify/e-certify/vendor/laravel/framework/src/Illuminate/Session/Middleware/StartSession.php(63): Illuminate/Session/Middleware/StartSession->handleStatefulRequest()
#41 C:/dict project/e-certify/e-certify/vendor/laravel/framework/src/Illuminate/Pipeline/Pipeline.php(219): Illuminate/Session/Middleware/StartSession->handle()
#42 C:/dict project/e-certify/e-certify/vendor/laravel/framework/src/Illuminate/Cookie/Middleware/AddQueuedCookiesToResponse.php(36): Illuminate/Pipeline/Pipeline->{closure:{closure:Illuminate/Pipeline/Pipeline::carry():194}:195}()
#43 C:/dict project/e-certify/e-certify/vendor/laravel/framework/src/Illuminate/Pipeline/Pipeline.php(219): Illuminate/Cookie/Middleware/AddQueuedCookiesToResponse->handle()
#44 C:/dict project/e-certify/e-certify/vendor/laravel/framework/src/Illuminate/Cookie/Middleware/EncryptCookies.php(74): Illuminate/Pipeline/Pipeline->{closure:{closure:Illuminate/Pipeline/Pipeline::carry():194}:195}()
#45 C:/dict project/e-certify/e-certify/vendor/laravel/framework/src/Illuminate/Pipeline/Pipeline.php(219): Illuminate/Cookie/Middleware/EncryptCookies->handle()
#46 C:/dict project/e-certify/e-certify/vendor/laravel/framework/src/Illuminate/Pipeline/Pipeline.php(137): Illuminate/Pipeline/Pipeline->{closure:{closure:Illuminate/Pipeline/Pipeline::carry():194}:195}()
#47 C:/dict project/e-certify/e-certify/vendor/laravel/framework/src/Illuminate/Routing/Router.php(821): Illuminate/Pipeline/Pipeline->then()
#48 C:/dict project/e-certify/e-certify/vendor/laravel/framework/src/Illuminate/Routing/Router.php(800): Illuminate/Routing/Router->runRouteWithinStack()
#49 C:/dict project/e-certify/e-certify/vendor/laravel/framework/src/Illuminate/Routing/Router.php(764): Illuminate/Routing/Router->runRoute()
#50 C:/dict project/e-certify/e-certify/vendor/laravel/framework/src/Illuminate/Routing/Router.php(753): Illuminate/Routing/Router->dispatchToRoute()
#51 C:/dict project/e-certify/e-certify/vendor/laravel/framework/src/Illuminate/Foundation/Http/Kernel.php(200): Illuminate/Routing/Router->dispatch()
#52 C:/dict project/e-certify/e-certify/vendor/laravel/framework/src/Illuminate/Pipeline/Pipeline.php(180): Illuminate/Foundation/Http/Kernel->{closure:Illuminate/Foundation/Http/Kernel::dispatchToRouter():197}()
#53 C:/dict project/e-certify/e-certify/vendor/livewire/livewire/src/Features/SupportDisablingBackButtonCache/DisableBackButtonCacheMiddleware.php(19): Illuminate/Pipeline/Pipeline->{closure:Illuminate/Pipeline/Pipeline::prepareDestination():178}()
#54 C:/dict project/e-certify/e-certify/vendor/laravel/framework/src/Illuminate/Pipeline/Pipeline.php(219): Livewire/Features/SupportDisablingBackButtonCache/DisableBackButtonCacheMiddleware->handle()
#55 C:/dict project/e-certify/e-certify/vendor/laravel/framework/src/Illuminate/Foundation/Http/Middleware/TransformsRequest.php(21): Illuminate/Pipeline/Pipeline->{closure:{closure:Illuminate/Pipeline/Pipeline::carry():194}:195}()
#56 C:/dict project/e-certify/e-certify/vendor/laravel/framework/src/Illuminate/Foundation/Http/Middleware/ConvertEmptyStringsToNull.php(31): Illuminate/Foundation/Http/Middleware/TransformsRequest->handle()
#57 C:/dict project/e-certify/e-certify/vendor/laravel/framework/src/Illuminate/Pipeline/Pipeline.php(219): Illuminate/Foundation/Http/Middleware/ConvertEmptyStringsToNull->handle()
#58 C:/dict project/e-certify/e-certify/vendor/laravel/framework/src/Illuminate/Foundation/Http/Middleware/TransformsRequest.php(21): Illuminate/Pipeline/Pipeline->{closure:{closure:Illuminate/Pipeline/Pipeline::carry():194}:195}()
#59 C:/dict project/e-certify/e-certify/vendor/laravel/framework/src/Illuminate/Foundation/Http/Middleware/TrimStrings.php(51): Illuminate/Foundation/Http/Middleware/TransformsRequest->handle()
#60 C:/dict project/e-certify/e-certify/vendor/laravel/framework/src/Illuminate/Pipeline/Pipeline.php(219): Illuminate/Foundation/Http/Middleware/TrimStrings->handle()
#61 C:/dict project/e-certify/e-certify/vendor/laravel/framework/src/Illuminate/Http/Middleware/ValidatePostSize.php(27): Illuminate/Pipeline/Pipeline->{closure:{closure:Illuminate/Pipeline/Pipeline::carry():194}:195}()
#62 C:/dict project/e-certify/e-certify/vendor/laravel/framework/src/Illuminate/Pipeline/Pipeline.php(219): Illuminate/Http/Middleware/ValidatePostSize->handle()
#63 C:/dict project/e-certify/e-certify/vendor/laravel/framework/src/Illuminate/Foundation/Http/Middleware/PreventRequestsDuringMaintenance.php(109): Illuminate/Pipeline/Pipeline->{closure:{closure:Illuminate/Pipeline/Pipeline::carry():194}:195}()
#64 C:/dict project/e-certify/e-certify/vendor/laravel/framework/src/Illuminate/Pipeline/Pipeline.php(219): Illuminate/Foundation/Http/Middleware/PreventRequestsDuringMaintenance->handle()
#65 C:/dict project/e-certify/e-certify/vendor/laravel/framework/src/Illuminate/Http/Middleware/HandleCors.php(61): Illuminate/Pipeline/Pipeline->{closure:{closure:Illuminate/Pipeline/Pipeline::carry():194}:195}()
#66 C:/dict project/e-certify/e-certify/vendor/laravel/framework/src/Illuminate/Pipeline/Pipeline.php(219): Illuminate/Http/Middleware/HandleCors->handle()
#67 C:/dict project/e-certify/e-certify/vendor/laravel/framework/src/Illuminate/Http/Middleware/TrustProxies.php(58): Illuminate/Pipeline/Pipeline->{closure:{closure:Illuminate/Pipeline/Pipeline::carry():194}:195}()
#68 C:/dict project/e-certify/e-certify/vendor/laravel/framework/src/Illuminate/Pipeline/Pipeline.php(219): Illuminate/Http/Middleware/TrustProxies->handle()
#69 C:/dict project/e-certify/e-certify/vendor/laravel/framework/src/Illuminate/Foundation/Http/Middleware/InvokeDeferredCallbacks.php(22): Illuminate/Pipeline/Pipeline->{closure:{closure:Illuminate/Pipeline/Pipeline::carry():194}:195}()
#70 C:/dict project/e-certify/e-certify/vendor/laravel/framework/src/Illuminate/Pipeline/Pipeline.php(219): Illuminate/Foundation/Http/Middleware/InvokeDeferredCallbacks->handle()
#71 C:/dict project/e-certify/e-certify/vendor/laravel/framework/src/Illuminate/Http/Middleware/ValidatePathEncoding.php(26): Illuminate/Pipeline/Pipeline->{closure:{closure:Illuminate/Pipeline/Pipeline::carry():194}:195}()
#72 C:/dict project/e-certify/e-certify/vendor/laravel/framework/src/Illuminate/Pipeline/Pipeline.php(219): Illuminate/Http/Middleware/ValidatePathEncoding->handle()
#73 C:/dict project/e-certify/e-certify/vendor/laravel/framework/src/Illuminate/Pipeline/Pipeline.php(137): Illuminate/Pipeline/Pipeline->{closure:{closure:Illuminate/Pipeline/Pipeline::carry():194}:195}()
#74 C:/dict project/e-certify/e-certify/vendor/laravel/framework/src/Illuminate/Foundation/Http/Kernel.php(175): Illuminate/Pipeline/Pipeline->then()
#75 C:/dict project/e-certify/e-certify/vendor/laravel/framework/src/Illuminate/Foundation/Http/Kernel.php(144): Illuminate/Foundation/Http/Kernel->sendRequestThroughRouter()
#76 C:/dict project/e-certify/e-certify/vendor/laravel/framework/src/Illuminate/Foundation/Application.php(1220): Illuminate/Foundation/Http/Kernel->handle()
#77 C:/dict project/e-certify/e-certify/public/index.php(20): Illuminate/Foundation/Application->handleRequest()
#78 C:/dict project/e-certify/e-certify/vendor/laravel/framework/src/Illuminate/Foundation/resources/server.php(23): require_once('...')
#79 {main}

[previous exception] [object] (PDOException(code: 42S02): SQLSTATE[42S02]: Base table or view not found: 1146 Table 'ecertify_db.training_events' doesn't exist at C:/dict project/e-certify/e-certify/vendor/laravel/framework/src/Illuminate/Database/Connection.php:420)
[stacktrace]
#0 C:/dict project/e-certify/e-certify/vendor/laravel/framework/src/Illuminate/Database/Connection.php(420): PDO->prepare()
#1 C:/dict project/e-certify/e-certify/vendor/laravel/framework/src/Illuminate/Database/Connection.php(827): Illuminate/Database/Connection->{closure:Illuminate/Database/Connection::select():411}()
#2 C:/dict project/e-certify/e-certify/vendor/laravel/framework/src/Illuminate/Database/Connection.php(794): Illuminate/Database/Connection->runQueryCallback()
#3 C:/dict project/e-certify/e-certify/vendor/laravel/framework/src/Illuminate/Database/Connection.php(411): Illuminate/Database/Connection->run()
#4 C:/dict project/e-certify/e-certify/vendor/laravel/framework/src/Illuminate/Database/Query/Builder.php(3475): Illuminate/Database/Connection->select()
#5 C:/dict project/e-certify/e-certify/vendor/laravel/framework/src/Illuminate/Database/Query/Builder.php(3460): Illuminate/Database/Query/Builder->runSelect()
#6 C:/dict project/e-certify/e-certify/vendor/laravel/framework/src/Illuminate/Database/Query/Builder.php(4050): Illuminate/Database/Query/Builder->{closure:Illuminate/Database/Query/Builder::get():3459}()
#7 C:/dict project/e-certify/e-certify/vendor/laravel/framework/src/Illuminate/Database/Query/Builder.php(3459): Illuminate/Database/Query/Builder->onceWithColumns()
#8 C:/dict project/e-certify/e-certify/vendor/laravel/framework/src/Illuminate/Database/Query/Builder.php(3654): Illuminate/Database/Query/Builder->get()
#9 C:/dict project/e-certify/e-certify/vendor/laravel/framework/src/Illuminate/Database/Query/Builder.php(3613): Illuminate/Database/Query/Builder->runPaginationCountQuery()
#10 C:/dict project/e-certify/e-certify/vendor/laravel/framework/src/Illuminate/Database/Eloquent/Builder.php(1120): Illuminate/Database/Query/Builder->getCountForPagination()
#11 C:/dict project/e-certify/e-certify/app/Livewire/Events/ManageEvents.php(184): Illuminate/Database/Eloquent/Builder->paginate()
#12 C:/dict project/e-certify/e-certify/vendor/laravel/framework/src/Illuminate/Container/BoundMethod.php(36): App/Livewire/Events/ManageEvents->render()
#13 C:/dict project/e-certify/e-certify/vendor/laravel/framework/src/Illuminate/Container/Util.php(43): Illuminate/Container/BoundMethod::{closure:Illuminate/Container/BoundMethod::call():35}()
#14 C:/dict project/e-certify/e-certify/vendor/laravel/framework/src/Illuminate/Container/BoundMethod.php(96): Illuminate/Container/Util::unwrapIfClosure()
#15 C:/dict project/e-certify/e-certify/vendor/laravel/framework/src/Illuminate/Container/BoundMethod.php(35): Illuminate/Container/BoundMethod::callBoundMethod()
#16 C:/dict project/e-certify/e-certify/vendor/livewire/livewire/src/Wrapped.php(23): Illuminate/Container/BoundMethod::call()
#17 C:/dict project/e-certify/e-certify/vendor/livewire/livewire/src/Mechanisms/HandleComponents/HandleComponents.php(442): Livewire/Wrapped->__call()
#18 C:/dict project/e-certify/e-certify/vendor/livewire/livewire/src/Mechanisms/HandleComponents/HandleComponents.php(399): Livewire/Mechanisms/HandleComponents/HandleComponents->getView()
#19 C:/dict project/e-certify/e-certify/vendor/livewire/livewire/src/Mechanisms/HandleComponents/HandleComponents.php(80): Livewire/Mechanisms/HandleComponents/HandleComponents->render()
#20 C:/dict project/e-certify/e-certify/vendor/livewire/livewire/src/LivewireManager.php(102): Livewire/Mechanisms/HandleComponents/HandleComponents->mount()
#21 C:/dict project/e-certify/e-certify/vendor/livewire/livewire/src/Features/SupportPageComponents/HandlesPageComponents.php(19): Livewire/LivewireManager->mount()
#22 C:/dict project/e-certify/e-certify/vendor/livewire/livewire/src/Features/SupportPageComponents/SupportPageComponents.php(118): Livewire/Component->{closure:Livewire/Features/SupportPageComponents/HandlesPageComponents::__invoke():14}()
#23 C:/dict project/e-certify/e-certify/vendor/livewire/livewire/src/Features/SupportPageComponents/HandlesPageComponents.php(14): Livewire/Features/SupportPageComponents/SupportPageComponents::interceptTheRenderOfTheComponentAndRetreiveTheLayoutConfiguration()
#24 C:/dict project/e-certify/e-certify/vendor/laravel/framework/src/Illuminate/Routing/ControllerDispatcher.php(46): Livewire/Component->__invoke()
#25 C:/dict project/e-certify/e-certify/vendor/laravel/framework/src/Illuminate/Routing/Route.php(265): Illuminate/Routing/ControllerDispatcher->dispatch()
#26 C:/dict project/e-certify/e-certify/vendor/laravel/framework/src/Illuminate/Routing/Route.php(211): Illuminate/Routing/Route->runController()
#27 C:/dict project/e-certify/e-certify/vendor/laravel/framework/src/Illuminate/Routing/Router.php(822): Illuminate/Routing/Route->run()
#28 C:/dict project/e-certify/e-certify/vendor/laravel/framework/src/Illuminate/Pipeline/Pipeline.php(180): Illuminate/Routing/Router->{closure:Illuminate/Routing/Router::runRouteWithinStack():821}()
#29 C:/dict project/e-certify/e-certify/vendor/laravel/framework/src/Illuminate/Auth/Middleware/EnsureEmailIsVerified.php(41): Illuminate/Pipeline/Pipeline->{closure:Illuminate/Pipeline/Pipeline::prepareDestination():178}()
#30 C:/dict project/e-certify/e-certify/vendor/laravel/framework/src/Illuminate/Pipeline/Pipeline.php(219): Illuminate/Auth/Middleware/EnsureEmailIsVerified->handle()
#31 C:/dict project/e-certify/e-certify/vendor/laravel/boost/src/Middleware/InjectBoost.php(22): Illuminate/Pipeline/Pipeline->{closure:{closure:Illuminate/Pipeline/Pipeline::carry():194}:195}()
#32 C:/dict project/e-certify/e-certify/vendor/laravel/framework/src/Illuminate/Pipeline/Pipeline.php(219): Laravel/Boost/Middleware/InjectBoost->handle()
#33 C:/dict project/e-certify/e-certify/vendor/laravel/framework/src/Illuminate/Routing/Middleware/SubstituteBindings.php(50): Illuminate/Pipeline/Pipeline->{closure:{closure:Illuminate/Pipeline/Pipeline::carry():194}:195}()
#34 C:/dict project/e-certify/e-certify/vendor/laravel/framework/src/Illuminate/Pipeline/Pipeline.php(219): Illuminate/Routing/Middleware/SubstituteBindings->handle()
#35 C:/dict project/e-certify/e-certify/vendor/laravel/framework/src/Illuminate/Auth/Middleware/Authenticate.php(63): Illuminate/Pipeline/Pipeline->{closure:{closure:Illuminate/Pipeline/Pipeline::carry():194}:195}()
#36 C:/dict project/e-certify/e-certify/vendor/laravel/framework/src/Illuminate/Pipeline/Pipeline.php(219): Illuminate/Auth/Middleware/Authenticate->handle()
#37 C:/dict project/e-certify/e-certify/vendor/laravel/framework/src/Illuminate/Foundation/Http/Middleware/VerifyCsrfToken.php(87): Illuminate/Pipeline/Pipeline->{closure:{closure:Illuminate/Pipeline/Pipeline::carry():194}:195}()
#38 C:/dict project/e-certify/e-certify/vendor/laravel/framework/src/Illuminate/Pipeline/Pipeline.php(219): Illuminate/Foundation/Http/Middleware/VerifyCsrfToken->handle()
#39 C:/dict project/e-certify/e-certify/vendor/laravel/framework/src/Illuminate/View/Middleware/ShareErrorsFromSession.php(48): Illuminate/Pipeline/Pipeline->{closure:{closure:Illuminate/Pipeline/Pipeline::carry():194}:195}()
#40 C:/dict project/e-certify/e-certify/vendor/laravel/framework/src/Illuminate/Pipeline/Pipeline.php(219): Illuminate/View/Middleware/ShareErrorsFromSession->handle()
#41 C:/dict project/e-certify/e-certify/vendor/laravel/framework/src/Illuminate/Session/Middleware/StartSession.php(120): Illuminate/Pipeline/Pipeline->{closure:{closure:Illuminate/Pipeline/Pipeline::carry():194}:195}()
#42 C:/dict project/e-certify/e-certify/vendor/laravel/framework/src/Illuminate/Session/Middleware/StartSession.php(63): Illuminate/Session/Middleware/StartSession->handleStatefulRequest()
#43 C:/dict project/e-certify/e-certify/vendor/laravel/framework/src/Illuminate/Pipeline/Pipeline.php(219): Illuminate/Session/Middleware/StartSession->handle()
#44 C:/dict project/e-certify/e-certify/vendor/laravel/framework/src/Illuminate/Cookie/Middleware/AddQueuedCookiesToResponse.php(36): Illuminate/Pipeline/Pipeline->{closure:{closure:Illuminate/Pipeline/Pipeline::carry():194}:195}()
#45 C:/dict project/e-certify/e-certify/vendor/laravel/framework/src/Illuminate/Pipeline/Pipeline.php(219): Illuminate/Cookie/Middleware/AddQueuedCookiesToResponse->handle()
#46 C:/dict project/e-certify/e-certify/vendor/laravel/framework/src/Illuminate/Cookie/Middleware/EncryptCookies.php(74): Illuminate/Pipeline/Pipeline->{closure:{closure:Illuminate/Pipeline/Pipeline::carry():194}:195}()
#47 C:/dict project/e-certify/e-certify/vendor/laravel/framework/src/Illuminate/Pipeline/Pipeline.php(219): Illuminate/Cookie/Middleware/EncryptCookies->handle()
#48 C:/dict project/e-certify/e-certify/vendor/laravel/framework/src/Illuminate/Pipeline/Pipeline.php(137): Illuminate/Pipeline/Pipeline->{closure:{closure:Illuminate/Pipeline/Pipeline::carry():194}:195}()
#49 C:/dict project/e-certify/e-certify/vendor/laravel/framework/src/Illuminate/Routing/Router.php(821): Illuminate/Pipeline/Pipeline->then()
#50 C:/dict project/e-certify/e-certify/vendor/laravel/framework/src/Illuminate/Routing/Router.php(800): Illuminate/Routing/Router->runRouteWithinStack()
#51 C:/dict project/e-certify/e-certify/vendor/laravel/framework/src/Illuminate/Routing/Router.php(764): Illuminate/Routing/Router->runRoute()
#52 C:/dict project/e-certify/e-certify/vendor/laravel/framework/src/Illuminate/Routing/Router.php(753): Illuminate/Routing/Router->dispatchToRoute()
#53 C:/dict project/e-certify/e-certify/vendor/laravel/framework/src/Illuminate/Foundation/Http/Kernel.php(200): Illuminate/Routing/Router->dispatch()
#54 C:/dict project/e-certify/e-certify/vendor/laravel/framework/src/Illuminate/Pipeline/Pipeline.php(180): Illuminate/Foundation/Http/Kernel->{closure:Illuminate/Foundation/Http/Kernel::dispatchToRouter():197}()
#55 C:/dict project/e-certify/e-certify/vendor/livewire/livewire/src/Features/SupportDisablingBackButtonCache/DisableBackButtonCacheMiddleware.php(19): Illuminate/Pipeline/Pipeline->{closure:Illuminate/Pipeline/Pipeline::prepareDestination():178}()
#56 C:/dict project/e-certify/e-certify/vendor/laravel/framework/src/Illuminate/Pipeline/Pipeline.php(219): Livewire/Features/SupportDisablingBackButtonCache/DisableBackButtonCacheMiddleware->handle()
#57 C:/dict project/e-certify/e-certify/vendor/laravel/framework/src/Illuminate/Foundation/Http/Middleware/TransformsRequest.php(21): Illuminate/Pipeline/Pipeline->{closure:{closure:Illuminate/Pipeline/Pipeline::carry():194}:195}()
#58 C:/dict project/e-certify/e-certify/vendor/laravel/framework/src/Illuminate/Foundation/Http/Middleware/ConvertEmptyStringsToNull.php(31): Illuminate/Foundation/Http/Middleware/TransformsRequest->handle()
#59 C:/dict project/e-certify/e-certify/vendor/laravel/framework/src/Illuminate/Pipeline/Pipeline.php(219): Illuminate/Foundation/Http/Middleware/ConvertEmptyStringsToNull->handle()
#60 C:/dict project/e-certify/e-certify/vendor/laravel/framework/src/Illuminate/Foundation/Http/Middleware/TransformsRequest.php(21): Illuminate/Pipeline/Pipeline->{closure:{closure:Illuminate/Pipeline/Pipeline::carry():194}:195}()
#61 C:/dict project/e-certify/e-certify/vendor/laravel/framework/src/Illuminate/Foundation/Http/Middleware/TrimStrings.php(51): Illuminate/Foundation/Http/Middleware/TransformsRequest->handle()
#62 C:/dict project/e-certify/e-certify/vendor/laravel/framework/src/Illuminate/Pipeline/Pipeline.php(219): Illuminate/Foundation/Http/Middleware/TrimStrings->handle()
#63 C:/dict project/e-certify/e-certify/vendor/laravel/framework/src/Illuminate/Http/Middleware/ValidatePostSize.php(27): Illuminate/Pipeline/Pipeline->{closure:{closure:Illuminate/Pipeline/Pipeline::carry():194}:195}()
#64 C:/dict project/e-certify/e-certify/vendor/laravel/framework/src/Illuminate/Pipeline/Pipeline.php(219): Illuminate/Http/Middleware/ValidatePostSize->handle()
#65 C:/dict project/e-certify/e-certify/vendor/laravel/framework/src/Illuminate/Foundation/Http/Middleware/PreventRequestsDuringMaintenance.php(109): Illuminate/Pipeline/Pipeline->{closure:{closure:Illuminate/Pipeline/Pipeline::carry():194}:195}()
#66 C:/dict project/e-certify/e-certify/vendor/laravel/framework/src/Illuminate/Pipeline/Pipeline.php(219): Illuminate/Foundation/Http/Middleware/PreventRequestsDuringMaintenance->handle()
#67 C:/dict project/e-certify/e-certify/vendor/laravel/framework/src/Illuminate/Http/Middleware/HandleCors.php(61): Illuminate/Pipeline/Pipeline->{closure:{closure:Illuminate/Pipeline/Pipeline::carry():194}:195}()
#68 C:/dict project/e-certify/e-certify/vendor/laravel/framework/src/Illuminate/Pipeline/Pipeline.php(219): Illuminate/Http/Middleware/HandleCors->handle()
#69 C:/dict project/e-certify/e-certify/vendor/laravel/framework/src/Illuminate/Http/Middleware/TrustProxies.php(58): Illuminate/Pipeline/Pipeline->{closure:{closure:Illuminate/Pipeline/Pipeline::carry():194}:195}()
#70 C:/dict project/e-certify/e-certify/vendor/laravel/framework/src/Illuminate/Pipeline/Pipeline.php(219): Illuminate/Http/Middleware/TrustProxies->handle()
#71 C:/dict project/e-certify/e-certify/vendor/laravel/framework/src/Illuminate/Foundation/Http/Middleware/InvokeDeferredCallbacks.php(22): Illuminate/Pipeline/Pipeline->{closure:{closure:Illuminate/Pipeline/Pipeline::carry():194}:195}()
#72 C:/dict project/e-certify/e-certify/vendor/laravel/framework/src/Illuminate/Pipeline/Pipeline.php(219): Illuminate/Foundation/Http/Middleware/InvokeDeferredCallbacks->handle()
#73 C:/dict project/e-certify/e-certify/vendor/laravel/framework/src/Illuminate/Http/Middleware/ValidatePathEncoding.php(26): Illuminate/Pipeline/Pipeline->{closure:{closure:Illuminate/Pipeline/Pipeline::carry():194}:195}()
#74 C:/dict project/e-certify/e-certify/vendor/laravel/framework/src/Illuminate/Pipeline/Pipeline.php(219): Illuminate/Http/Middleware/ValidatePathEncoding->handle()
#75 C:/dict project/e-certify/e-certify/vendor/laravel/framework/src/Illuminate/Pipeline/Pipeline.php(137): Illuminate/Pipeline/Pipeline->{closure:{closure:Illuminate/Pipeline/Pipeline::carry():194}:195}()
#76 C:/dict project/e-certify/e-certify/vendor/laravel/framework/src/Illuminate/Foundation/Http/Kernel.php(175): Illuminate/Pipeline/Pipeline->then()
#77 C:/dict project/e-certify/e-certify/vendor/laravel/framework/src/Illuminate/Foundation/Http/Kernel.php(144): Illuminate/Foundation/Http/Kernel->sendRequestThroughRouter()
#78 C:/dict project/e-certify/e-certify/vendor/laravel/framework/src/Illuminate/Foundation/Application.php(1220): Illuminate/Foundation/Http/Kernel->handle()
#79 C:/dict project/e-certify/e-certify/public/index.php(20): Illuminate/Foundation/Application->handleRequest()
#80 C:/dict project/e-certify/e-certify/vendor/laravel/framework/src/Illuminate/Foundation/resources/server.php(23): require_once('...')
#81 {main}
"} 
